date_id,date,year,month,month_name,quarter,week,day_of_week,day_name,season,is_weekend
20150101,2015-01-01,2015,1,January,1,1,3,Thursday,Winter,0
20150102,2015-01-02,2015,1,January,1,1,4,Friday,Winter,0
20150103,2015-01-03,2015,1,January,1,1,5,Saturday,Winter,1
20150104,2015-01-04,2015,1,January,1,1,6,Sunday,Winter,1
20150105,2015-01-05,2015,1,January,1,2,0,Monday,Winter,0
20150106,2015-01-06,2015,1,January,1,2,1,Tuesday,Winter,0
20150107,2015-01-07,2015,1,January,1,2,2,Wednesday,Winter,0
20150108,2015-01-08,2015,1,January,1,2,3,Thursday,Winter,0
20150109,2015-01-09,2015,1,January,1,2,4,Friday,Winter,0
20150110,2015-01-10,2015,1,January,1,2,5,Saturday,Winter,1
20150111,2015-01-11,2015,1,January,1,2,6,Sunday,Winter,1
20150112,2015-01-12,2015,1,January,1,3,0,Monday,Winter,0
20150113,2015-01-13,2015,1,January,1,3,1,Tuesday,Winter,0
20150114,2015-01-14,2015,1,January,1,3,2,Wednesday,Winter,0
20150115,2015-01-15,2015,1,January,1,3,3,Thursday,Winter,0
20150116,2015-01-16,2015,1,January,1,3,4,Friday,Winter,0
20150117,2015-01-17,2015,1,January,1,3,5,Saturday,Winter,1
20150118,2015-01-18,2015,1,January,1,3,6,Sunday,Winter,1
20150119,2015-01-19,2015,1,January,1,4,0,Monday,Winter,0
20150120,2015-01-20,2015,1,January,1,4,1,Tuesday,Winter,0
20150121,2015-01-21,2015,1,January,1,4,2,Wednesday,Winter,0
20150122,2015-01-22,2015,1,January,1,4,3,Thursday,Winter,0
20150123,2015-01-23,2015,1,January,1,4,4,Friday,Winter,0
20150124,2015-01-24,2015,1,January,1,4,5,Saturday,Winter,1
20150125,2015-01-25,2015,1,January,1,4,6,Sunday,Winter,1
20150126,2015-01-26,2015,1,January,1,5,0,Monday,Winter,0
20150127,2015-01-27,2015,1,January,1,5,1,Tuesday,Winter,0
20150128,2015-01-28,2015,1,January,1,5,2,Wednesday,Winter,0
20150129,2015-01-29,2015,1,January,1,5,3,Thursday,Winter,0
20150130,2015-01-30,2015,1,January,1,5,4,Friday,Winter,0
20150131,2015-01-31,2015,1,January,1,5,5,Saturday,Winter,1
20150201,2015-02-01,2015,2,February,1,5,6,Sunday,Winter,1
20150202,2015-02-02,2015,2,February,1,6,0,Monday,Winter,0
20150203,2015-02-03,2015,2,February,1,6,1,Tuesday,Winter,0
20150204,2015-02-04,2015,2,February,1,6,2,Wednesday,Winter,0
20150205,2015-02-05,2015,2,February,1,6,3,Thursday,Winter,0
20150206,2015-02-06,2015,2,February,1,6,4,Friday,Winter,0
20150207,2015-02-07,2015,2,February,1,6,5,Saturday,Winter,1
20150208,2015-02-08,2015,2,February,1,6,6,Sunday,Winter,1
20150209,2015-02-09,2015,2,February,1,7,0,Monday,Winter,0
20150210,2015-02-10,2015,2,February,1,7,1,Tuesday,Winter,0
20150211,2015-02-11,2015,2,February,1,7,2,Wednesday,Winter,0
20150212,2015-02-12,2015,2,February,1,7,3,Thursday,Winter,0
20150213,2015-02-13,2015,2,February,1,7,4,Friday,Winter,0
20150214,2015-02-14,2015,2,February,1,7,5,Saturday,Winter,1
20150215,2015-02-15,2015,2,February,1,7,6,Sunday,Winter,1
20150216,2015-02-16,2015,2,February,1,8,0,Monday,Winter,0
20150217,2015-02-17,2015,2,February,1,8,1,Tuesday,Winter,0
20150218,2015-02-18,2015,2,February,1,8,2,Wednesday,Winter,0
20150219,2015-02-19,2015,2,February,1,8,3,Thursday,Winter,0
20150220,2015-02-20,2015,2,February,1,8,4,Friday,Winter,0
20150221,2015-02-21,2015,2,February,1,8,5,Saturday,Winter,1
20150222,2015-02-22,2015,2,February,1,8,6,Sunday,Winter,1
20150223,2015-02-23,2015,2,February,1,9,0,Monday,Winter,0
20150224,2015-02-24,2015,2,February,1,9,1,Tuesday,Winter,0
20150225,2015-02-25,2015,2,February,1,9,2,Wednesday,Winter,0
20150226,2015-02-26,2015,2,February,1,9,3,Thursday,Winter,0
20150227,2015-02-27,2015,2,February,1,9,4,Friday,Winter,0
20150228,2015-02-28,2015,2,February,1,9,5,Saturday,Winter,1
20150301,2015-03-01,2015,3,March,1,9,6,Sunday,Spring,1
20150302,2015-03-02,2015,3,March,1,10,0,Monday,Spring,0
20150303,2015-03-03,2015,3,March,1,10,1,Tuesday,Spring,0
20150304,2015-03-04,2015,3,March,1,10,2,Wednesday,Spring,0
20150305,2015-03-05,2015,3,March,1,10,3,Thursday,Spring,0
20150306,2015-03-06,2015,3,March,1,10,4,Friday,Spring,0
20150307,2015-03-07,2015,3,March,1,10,5,Saturday,Spring,1
20150308,2015-03-08,2015,3,March,1,10,6,Sunday,Spring,1
20150309,2015-03-09,2015,3,March,1,11,0,Monday,Spring,0
20150310,2015-03-10,2015,3,March,1,11,1,Tuesday,Spring,0
20150311,2015-03-11,2015,3,March,1,11,2,Wednesday,Spring,0
20150312,2015-03-12,2015,3,March,1,11,3,Thursday,Spring,0
20150313,2015-03-13,2015,3,March,1,11,4,Friday,Spring,0
20150314,2015-03-14,2015,3,March,1,11,5,Saturday,Spring,1
20150315,2015-03-15,2015,3,March,1,11,6,Sunday,Spring,1
20150316,2015-03-16,2015,3,March,1,12,0,Monday,Spring,0
20150317,2015-03-17,2015,3,March,1,12,1,Tuesday,Spring,0
20150318,2015-03-18,2015,3,March,1,12,2,Wednesday,Spring,0
20150319,2015-03-19,2015,3,March,1,12,3,Thursday,Spring,0
20150320,2015-03-20,2015,3,March,1,12,4,Friday,Spring,0
20150321,2015-03-21,2015,3,March,1,12,5,Saturday,Spring,1
20150322,2015-03-22,2015,3,March,1,12,6,Sunday,Spring,1
20150323,2015-03-23,2015,3,March,1,13,0,Monday,Spring,0
20150324,2015-03-24,2015,3,March,1,13,1,Tuesday,Spring,0
20150325,2015-03-25,2015,3,March,1,13,2,Wednesday,Spring,0
20150326,2015-03-26,2015,3,March,1,13,3,Thursday,Spring,0
20150327,2015-03-27,2015,3,March,1,13,4,Friday,Spring,0
20150328,2015-03-28,2015,3,March,1,13,5,Saturday,Spring,1
20150329,2015-03-29,2015,3,March,1,13,6,Sunday,Spring,1
20150330,2015-03-30,2015,3,March,1,14,0,Monday,Spring,0
20150331,2015-03-31,2015,3,March,1,14,1,Tuesday,Spring,0
20150401,2015-04-01,2015,4,April,2,14,2,Wednesday,Spring,0
20150402,2015-04-02,2015,4,April,2,14,3,Thursday,Spring,0
20150403,2015-04-03,2015,4,April,2,14,4,Friday,Spring,0
20150404,2015-04-04,2015,4,April,2,14,5,Saturday,Spring,1
20150405,2015-04-05,2015,4,April,2,14,6,Sunday,Spring,1
20150406,2015-04-06,2015,4,April,2,15,0,Monday,Spring,0
20150407,2015-04-07,2015,4,April,2,15,1,Tuesday,Spring,0
20150408,2015-04-08,2015,4,April,2,15,2,Wednesday,Spring,0
20150409,2015-04-09,2015,4,April,2,15,3,Thursday,Spring,0
20150410,2015-04-10,2015,4,April,2,15,4,Friday,Spring,0
20150411,2015-04-11,2015,4,April,2,15,5,Saturday,Spring,1
20150412,2015-04-12,2015,4,April,2,15,6,Sunday,Spring,1
20150413,2015-04-13,2015,4,April,2,16,0,Monday,Spring,0
20150414,2015-04-14,2015,4,April,2,16,1,Tuesday,Spring,0
20150415,2015-04-15,2015,4,April,2,16,2,Wednesday,Spring,0
20150416,2015-04-16,2015,4,April,2,16,3,Thursday,Spring,0
20150417,2015-04-17,2015,4,April,2,16,4,Friday,Spring,0
20150418,2015-04-18,2015,4,April,2,16,5,Saturday,Spring,1
20150419,2015-04-19,2015,4,April,2,16,6,Sunday,Spring,1
20150420,2015-04-20,2015,4,April,2,17,0,Monday,Spring,0
20150421,2015-04-21,2015,4,April,2,17,1,Tuesday,Spring,0
20150422,2015-04-22,2015,4,April,2,17,2,Wednesday,Spring,0
20150423,2015-04-23,2015,4,April,2,17,3,Thursday,Spring,0
20150424,2015-04-24,2015,4,April,2,17,4,Friday,Spring,0
20150425,2015-04-25,2015,4,April,2,17,5,Saturday,Spring,1
20150426,2015-04-26,2015,4,April,2,17,6,Sunday,Spring,1
20150427,2015-04-27,2015,4,April,2,18,0,Monday,Spring,0
20150428,2015-04-28,2015,4,April,2,18,1,Tuesday,Spring,0
20150429,2015-04-29,2015,4,April,2,18,2,Wednesday,Spring,0
20150430,2015-04-30,2015,4,April,2,18,3,Thursday,Spring,0
20150501,2015-05-01,2015,5,May,2,18,4,Friday,Spring,0
20150502,2015-05-02,2015,5,May,2,18,5,Saturday,Spring,1
20150503,2015-05-03,2015,5,May,2,18,6,Sunday,Spring,1
20150504,2015-05-04,2015,5,May,2,19,0,Monday,Spring,0
20150505,2015-05-05,2015,5,May,2,19,1,Tuesday,Spring,0
20150506,2015-05-06,2015,5,May,2,19,2,Wednesday,Spring,0
20150507,2015-05-07,2015,5,May,2,19,3,Thursday,Spring,0
20150508,2015-05-08,2015,5,May,2,19,4,Friday,Spring,0
20150509,2015-05-09,2015,5,May,2,19,5,Saturday,Spring,1
20150510,2015-05-10,2015,5,May,2,19,6,Sunday,Spring,1
20150511,2015-05-11,2015,5,May,2,20,0,Monday,Spring,0
20150512,2015-05-12,2015,5,May,2,20,1,Tuesday,Spring,0
20150513,2015-05-13,2015,5,May,2,20,2,Wednesday,Spring,0
20150514,2015-05-14,2015,5,May,2,20,3,Thursday,Spring,0
20150515,2015-05-15,2015,5,May,2,20,4,Friday,Spring,0
20150516,2015-05-16,2015,5,May,2,20,5,Saturday,Spring,1
20150517,2015-05-17,2015,5,May,2,20,6,Sunday,Spring,1
20150518,2015-05-18,2015,5,May,2,21,0,Monday,Spring,0
20150519,2015-05-19,2015,5,May,2,21,1,Tuesday,Spring,0
20150520,2015-05-20,2015,5,May,2,21,2,Wednesday,Spring,0
20150521,2015-05-21,2015,5,May,2,21,3,Thursday,Spring,0
20150522,2015-05-22,2015,5,May,2,21,4,Friday,Spring,0
20150523,2015-05-23,2015,5,May,2,21,5,Saturday,Spring,1
20150524,2015-05-24,2015,5,May,2,21,6,Sunday,Spring,1
20150525,2015-05-25,2015,5,May,2,22,0,Monday,Spring,0
20150526,2015-05-26,2015,5,May,2,22,1,Tuesday,Spring,0
20150527,2015-05-27,2015,5,May,2,22,2,Wednesday,Spring,0
20150528,2015-05-28,2015,5,May,2,22,3,Thursday,Spring,0
20150529,2015-05-29,2015,5,May,2,22,4,Friday,Spring,0
20150530,2015-05-30,2015,5,May,2,22,5,Saturday,Spring,1
20150531,2015-05-31,2015,5,May,2,22,6,Sunday,Spring,1
20150601,2015-06-01,2015,6,June,2,23,0,Monday,Summer,0
20150602,2015-06-02,2015,6,June,2,23,1,Tuesday,Summer,0
20150603,2015-06-03,2015,6,June,2,23,2,Wednesday,Summer,0
20150604,2015-06-04,2015,6,June,2,23,3,Thursday,Summer,0
20150605,2015-06-05,2015,6,June,2,23,4,Friday,Summer,0
20150606,2015-06-06,2015,6,June,2,23,5,Saturday,Summer,1
20150607,2015-06-07,2015,6,June,2,23,6,Sunday,Summer,1
20150608,2015-06-08,2015,6,June,2,24,0,Monday,Summer,0
20150609,2015-06-09,2015,6,June,2,24,1,Tuesday,Summer,0
20150610,2015-06-10,2015,6,June,2,24,2,Wednesday,Summer,0
20150611,2015-06-11,2015,6,June,2,24,3,Thursday,Summer,0
20150612,2015-06-12,2015,6,June,2,24,4,Friday,Summer,0
20150613,2015-06-13,2015,6,June,2,24,5,Saturday,Summer,1
20150614,2015-06-14,2015,6,June,2,24,6,Sunday,Summer,1
20150615,2015-06-15,2015,6,June,2,25,0,Monday,Summer,0
20150616,2015-06-16,2015,6,June,2,25,1,Tuesday,Summer,0
20150617,2015-06-17,2015,6,June,2,25,2,Wednesday,Summer,0
20150618,2015-06-18,2015,6,June,2,25,3,Thursday,Summer,0
20150619,2015-06-19,2015,6,June,2,25,4,Friday,Summer,0
20150620,2015-06-20,2015,6,June,2,25,5,Saturday,Summer,1
20150621,2015-06-21,2015,6,June,2,25,6,Sunday,Summer,1
20150622,2015-06-22,2015,6,June,2,26,0,Monday,Summer,0
20150623,2015-06-23,2015,6,June,2,26,1,Tuesday,Summer,0
20150624,2015-06-24,2015,6,June,2,26,2,Wednesday,Summer,0
20150625,2015-06-25,2015,6,June,2,26,3,Thursday,Summer,0
20150626,2015-06-26,2015,6,June,2,26,4,Friday,Summer,0
20150627,2015-06-27,2015,6,June,2,26,5,Saturday,Summer,1
20150628,2015-06-28,2015,6,June,2,26,6,Sunday,Summer,1
20150629,2015-06-29,2015,6,June,2,27,0,Monday,Summer,0
20150630,2015-06-30,2015,6,June,2,27,1,Tuesday,Summer,0
20150701,2015-07-01,2015,7,July,3,27,2,Wednesday,Summer,0
20150702,2015-07-02,2015,7,July,3,27,3,Thursday,Summer,0
20150703,2015-07-03,2015,7,July,3,27,4,Friday,Summer,0
20150704,2015-07-04,2015,7,July,3,27,5,Saturday,Summer,1
20150705,2015-07-05,2015,7,July,3,27,6,Sunday,Summer,1
20150706,2015-07-06,2015,7,July,3,28,0,Monday,Summer,0
20150707,2015-07-07,2015,7,July,3,28,1,Tuesday,Summer,0
20150708,2015-07-08,2015,7,July,3,28,2,Wednesday,Summer,0
20150709,2015-07-09,2015,7,July,3,28,3,Thursday,Summer,0
20150710,2015-07-10,2015,7,July,3,28,4,Friday,Summer,0
20150711,2015-07-11,2015,7,July,3,28,5,Saturday,Summer,1
20150712,2015-07-12,2015,7,July,3,28,6,Sunday,Summer,1
20150713,2015-07-13,2015,7,July,3,29,0,Monday,Summer,0
20150714,2015-07-14,2015,7,July,3,29,1,Tuesday,Summer,0
20150715,2015-07-15,2015,7,July,3,29,2,Wednesday,Summer,0
20150716,2015-07-16,2015,7,July,3,29,3,Thursday,Summer,0
20150717,2015-07-17,2015,7,July,3,29,4,Friday,Summer,0
20150718,2015-07-18,2015,7,July,3,29,5,Saturday,Summer,1
20150719,2015-07-19,2015,7,July,3,29,6,Sunday,Summer,1
20150720,2015-07-20,2015,7,July,3,30,0,Monday,Summer,0
20150721,2015-07-21,2015,7,July,3,30,1,Tuesday,Summer,0
20150722,2015-07-22,2015,7,July,3,30,2,Wednesday,Summer,0
20150723,2015-07-23,2015,7,July,3,30,3,Thursday,Summer,0
20150724,2015-07-24,2015,7,July,3,30,4,Friday,Summer,0
20150725,2015-07-25,2015,7,July,3,30,5,Saturday,Summer,1
20150726,2015-07-26,2015,7,July,3,30,6,Sunday,Summer,1
20150727,2015-07-27,2015,7,July,3,31,0,Monday,Summer,0
20150728,2015-07-28,2015,7,July,3,31,1,Tuesday,Summer,0
20150729,2015-07-29,2015,7,July,3,31,2,Wednesday,Summer,0
20150730,2015-07-30,2015,7,July,3,31,3,Thursday,Summer,0
20150731,2015-07-31,2015,7,July,3,31,4,Friday,Summer,0
20150801,2015-08-01,2015,8,August,3,31,5,Saturday,Summer,1
20150802,2015-08-02,2015,8,August,3,31,6,Sunday,Summer,1
20150803,2015-08-03,2015,8,August,3,32,0,Monday,Summer,0
20150804,2015-08-04,2015,8,August,3,32,1,Tuesday,Summer,0
20150805,2015-08-05,2015,8,August,3,32,2,Wednesday,Summer,0
20150806,2015-08-06,2015,8,August,3,32,3,Thursday,Summer,0
20150807,2015-08-07,2015,8,August,3,32,4,Friday,Summer,0
20150808,2015-08-08,2015,8,August,3,32,5,Saturday,Summer,1
20150809,2015-08-09,2015,8,August,3,32,6,Sunday,Summer,1
20150810,2015-08-10,2015,8,August,3,33,0,Monday,Summer,0
20150811,2015-08-11,2015,8,August,3,33,1,Tuesday,Summer,0
20150812,2015-08-12,2015,8,August,3,33,2,Wednesday,Summer,0
20150813,2015-08-13,2015,8,August,3,33,3,Thursday,Summer,0
20150814,2015-08-14,2015,8,August,3,33,4,Friday,Summer,0
20150815,2015-08-15,2015,8,August,3,33,5,Saturday,Summer,1
20150816,2015-08-16,2015,8,August,3,33,6,Sunday,Summer,1
20150817,2015-08-17,2015,8,August,3,34,0,Monday,Summer,0
20150818,2015-08-18,2015,8,August,3,34,1,Tuesday,Summer,0
20150819,2015-08-19,2015,8,August,3,34,2,Wednesday,Summer,0
20150820,2015-08-20,2015,8,August,3,34,3,Thursday,Summer,0
20150821,2015-08-21,2015,8,August,3,34,4,Friday,Summer,0
20150822,2015-08-22,2015,8,August,3,34,5,Saturday,Summer,1
20150823,2015-08-23,2015,8,August,3,34,6,Sunday,Summer,1
20150824,2015-08-24,2015,8,August,3,35,0,Monday,Summer,0
20150825,2015-08-25,2015,8,August,3,35,1,Tuesday,Summer,0
20150826,2015-08-26,2015,8,August,3,35,2,Wednesday,Summer,0
20150827,2015-08-27,2015,8,August,3,35,3,Thursday,Summer,0
20150828,2015-08-28,2015,8,August,3,35,4,Friday,Summer,0
20150829,2015-08-29,2015,8,August,3,35,5,Saturday,Summer,1
20150830,2015-08-30,2015,8,August,3,35,6,Sunday,Summer,1
20150831,2015-08-31,2015,8,August,3,36,0,Monday,Summer,0
20150901,2015-09-01,2015,9,September,3,36,1,Tuesday,Autumn,0
20150902,2015-09-02,2015,9,September,3,36,2,Wednesday,Autumn,0
20150903,2015-09-03,2015,9,September,3,36,3,Thursday,Autumn,0
20150904,2015-09-04,2015,9,September,3,36,4,Friday,Autumn,0
20150905,2015-09-05,2015,9,September,3,36,5,Saturday,Autumn,1
20150906,2015-09-06,2015,9,September,3,36,6,Sunday,Autumn,1
20150907,2015-09-07,2015,9,September,3,37,0,Monday,Autumn,0
20150908,2015-09-08,2015,9,September,3,37,1,Tuesday,Autumn,0
20150909,2015-09-09,2015,9,September,3,37,2,Wednesday,Autumn,0
20150910,2015-09-10,2015,9,September,3,37,3,Thursday,Autumn,0
20150911,2015-09-11,2015,9,September,3,37,4,Friday,Autumn,0
20150912,2015-09-12,2015,9,September,3,37,5,Saturday,Autumn,1
20150913,2015-09-13,2015,9,September,3,37,6,Sunday,Autumn,1
20150914,2015-09-14,2015,9,September,3,38,0,Monday,Autumn,0
20150915,2015-09-15,2015,9,September,3,38,1,Tuesday,Autumn,0
20150916,2015-09-16,2015,9,September,3,38,2,Wednesday,Autumn,0
20150917,2015-09-17,2015,9,September,3,38,3,Thursday,Autumn,0
20150918,2015-09-18,2015,9,September,3,38,4,Friday,Autumn,0
20150919,2015-09-19,2015,9,September,3,38,5,Saturday,Autumn,1
20150920,2015-09-20,2015,9,September,3,38,6,Sunday,Autumn,1
20150921,2015-09-21,2015,9,September,3,39,0,Monday,Autumn,0
20150922,2015-09-22,2015,9,September,3,39,1,Tuesday,Autumn,0
20150923,2015-09-23,2015,9,September,3,39,2,Wednesday,Autumn,0
20150924,2015-09-24,2015,9,September,3,39,3,Thursday,Autumn,0
20150925,2015-09-25,2015,9,September,3,39,4,Friday,Autumn,0
20150926,2015-09-26,2015,9,September,3,39,5,Saturday,Autumn,1
20150927,2015-09-27,2015,9,September,3,39,6,Sunday,Autumn,1
20150928,2015-09-28,2015,9,September,3,40,0,Monday,Autumn,0
20150929,2015-09-29,2015,9,September,3,40,1,Tuesday,Autumn,0
20150930,2015-09-30,2015,9,September,3,40,2,Wednesday,Autumn,0
20151001,2015-10-01,2015,10,October,4,40,3,Thursday,Autumn,0
20151002,2015-10-02,2015,10,October,4,40,4,Friday,Autumn,0
20151003,2015-10-03,2015,10,October,4,40,5,Saturday,Autumn,1
20151004,2015-10-04,2015,10,October,4,40,6,Sunday,Autumn,1
20151005,2015-10-05,2015,10,October,4,41,0,Monday,Autumn,0
20151006,2015-10-06,2015,10,October,4,41,1,Tuesday,Autumn,0
20151007,2015-10-07,2015,10,October,4,41,2,Wednesday,Autumn,0
20151008,2015-10-08,2015,10,October,4,41,3,Thursday,Autumn,0
20151009,2015-10-09,2015,10,October,4,41,4,Friday,Autumn,0
20151010,2015-10-10,2015,10,October,4,41,5,Saturday,Autumn,1
20151011,2015-10-11,2015,10,October,4,41,6,Sunday,Autumn,1
20151012,2015-10-12,2015,10,October,4,42,0,Monday,Autumn,0
20151013,2015-10-13,2015,10,October,4,42,1,Tuesday,Autumn,0
20151014,2015-10-14,2015,10,October,4,42,2,Wednesday,Autumn,0
20151015,2015-10-15,2015,10,October,4,42,3,Thursday,Autumn,0
20151016,2015-10-16,2015,10,October,4,42,4,Friday,Autumn,0
20151017,2015-10-17,2015,10,October,4,42,5,Saturday,Autumn,1
20151018,2015-10-18,2015,10,October,4,42,6,Sunday,Autumn,1
20151019,2015-10-19,2015,10,October,4,43,0,Monday,Autumn,0
20151020,2015-10-20,2015,10,October,4,43,1,Tuesday,Autumn,0
20151021,2015-10-21,2015,10,October,4,43,2,Wednesday,Autumn,0
20151022,2015-10-22,2015,10,October,4,43,3,Thursday,Autumn,0
20151023,2015-10-23,2015,10,October,4,43,4,Friday,Autumn,0
20151024,2015-10-24,2015,10,October,4,43,5,Saturday,Autumn,1
20151025,2015-10-25,2015,10,October,4,43,6,Sunday,Autumn,1
20151026,2015-10-26,2015,10,October,4,44,0,Monday,Autumn,0
20151027,2015-10-27,2015,10,October,4,44,1,Tuesday,Autumn,0
20151028,2015-10-28,2015,10,October,4,44,2,Wednesday,Autumn,0
20151029,2015-10-29,2015,10,October,4,44,3,Thursday,Autumn,0
20151030,2015-10-30,2015,10,October,4,44,4,Friday,Autumn,0
20151031,2015-10-31,2015,10,October,4,44,5,Saturday,Autumn,1
20151101,2015-11-01,2015,11,November,4,44,6,Sunday,Autumn,1
20151102,2015-11-02,2015,11,November,4,45,0,Monday,Autumn,0
20151103,2015-11-03,2015,11,November,4,45,1,Tuesday,Autumn,0
20151104,2015-11-04,2015,11,November,4,45,2,Wednesday,Autumn,0
20151105,2015-11-05,2015,11,November,4,45,3,Thursday,Autumn,0
20151106,2015-11-06,2015,11,November,4,45,4,Friday,Autumn,0
20151107,2015-11-07,2015,11,November,4,45,5,Saturday,Autumn,1
20151108,2015-11-08,2015,11,November,4,45,6,Sunday,Autumn,1
20151109,2015-11-09,2015,11,November,4,46,0,Monday,Autumn,0
20151110,2015-11-10,2015,11,November,4,46,1,Tuesday,Autumn,0
20151111,2015-11-11,2015,11,November,4,46,2,Wednesday,Autumn,0
20151112,2015-11-12,2015,11,November,4,46,3,Thursday,Autumn,0
20151113,2015-11-13,2015,11,November,4,46,4,Friday,Autumn,0
20151114,2015-11-14,2015,11,November,4,46,5,Saturday,Autumn,1
20151115,2015-11-15,2015,11,November,4,46,6,Sunday,Autumn,1
20151116,2015-11-16,2015,11,November,4,47,0,Monday,Autumn,0
20151117,2015-11-17,2015,11,November,4,47,1,Tuesday,Autumn,0
20151118,2015-11-18,2015,11,November,4,47,2,Wednesday,Autumn,0
20151119,2015-11-19,2015,11,November,4,47,3,Thursday,Autumn,0
20151120,2015-11-20,2015,11,November,4,47,4,Friday,Autumn,0
20151121,2015-11-21,2015,11,November,4,47,5,Saturday,Autumn,1
20151122,2015-11-22,2015,11,November,4,47,6,Sunday,Autumn,1
20151123,2015-11-23,2015,11,November,4,48,0,Monday,Autumn,0
20151124,2015-11-24,2015,11,November,4,48,1,Tuesday,Autumn,0
20151125,2015-11-25,2015,11,November,4,48,2,Wednesday,Autumn,0
20151126,2015-11-26,2015,11,November,4,48,3,Thursday,Autumn,0
20151127,2015-11-27,2015,11,November,4,48,4,Friday,Autumn,0
20151128,2015-11-28,2015,11,November,4,48,5,Saturday,Autumn,1
20151129,2015-11-29,2015,11,November,4,48,6,Sunday,Autumn,1
20151130,2015-11-30,2015,11,November,4,49,0,Monday,Autumn,0
20151201,2015-12-01,2015,12,December,4,49,1,Tuesday,Winter,0
20151202,2015-12-02,2015,12,December,4,49,2,Wednesday,Winter,0
20151203,2015-12-03,2015,12,December,4,49,3,Thursday,Winter,0
20151204,2015-12-04,2015,12,December,4,49,4,Friday,Winter,0
20151205,2015-12-05,2015,12,December,4,49,5,Saturday,Winter,1
20151206,2015-12-06,2015,12,December,4,49,6,Sunday,Winter,1
20151207,2015-12-07,2015,12,December,4,50,0,Monday,Winter,0
20151208,2015-12-08,2015,12,December,4,50,1,Tuesday,Winter,0
20151209,2015-12-09,2015,12,December,4,50,2,Wednesday,Winter,0
20151210,2015-12-10,2015,12,December,4,50,3,Thursday,Winter,0
20151211,2015-12-11,2015,12,December,4,50,4,Friday,Winter,0
20151212,2015-12-12,2015,12,December,4,50,5,Saturday,Winter,1
20151213,2015-12-13,2015,12,December,4,50,6,Sunday,Winter,1
20151214,2015-12-14,2015,12,December,4,51,0,Monday,Winter,0
20151215,2015-12-15,2015,12,December,4,51,1,Tuesday,Winter,0
20151216,2015-12-16,2015,12,December,4,51,2,Wednesday,Winter,0
20151217,2015-12-17,2015,12,December,4,51,3,Thursday,Winter,0
20151218,2015-12-18,2015,12,December,4,51,4,Friday,Winter,0
20151219,2015-12-19,2015,12,December,4,51,5,Saturday,Winter,1
20151220,2015-12-20,2015,12,December,4,51,6,Sunday,Winter,1
20151221,2015-12-21,2015,12,December,4,52,0,Monday,Winter,0
20151222,2015-12-22,2015,12,December,4,52,1,Tuesday,Winter,0
20151223,2015-12-23,2015,12,December,4,52,2,Wednesday,Winter,0
20151224,2015-12-24,2015,12,December,4,52,3,Thursday,Winter,0
20151225,2015-12-25,2015,12,December,4,52,4,Friday,Winter,0
20151226,2015-12-26,2015,12,December,4,52,5,Saturday,Winter,1
20151227,2015-12-27,2015,12,December,4,52,6,Sunday,Winter,1
20151228,2015-12-28,2015,12,December,4,53,0,Monday,Winter,0
20151229,2015-12-29,2015,12,December,4,53,1,Tuesday,Winter,0
20151230,2015-12-30,2015,12,December,4,53,2,Wednesday,Winter,0
20151231,2015-12-31,2015,12,December,4,53,3,Thursday,Winter,0
20160101,2016-01-01,2016,1,January,1,53,4,Friday,Winter,0
20160102,2016-01-02,2016,1,January,1,53,5,Saturday,Winter,1
20160103,2016-01-03,2016,1,January,1,53,6,Sunday,Winter,1
20160104,2016-01-04,2016,1,January,1,1,0,Monday,Winter,0
20160105,2016-01-05,2016,1,January,1,1,1,Tuesday,Winter,0
20160106,2016-01-06,2016,1,January,1,1,2,Wednesday,Winter,0
20160107,2016-01-07,2016,1,January,1,1,3,Thursday,Winter,0
20160108,2016-01-08,2016,1,January,1,1,4,Friday,Winter,0
20160109,2016-01-09,2016,1,January,1,1,5,Saturday,Winter,1
20160110,2016-01-10,2016,1,January,1,1,6,Sunday,Winter,1
20160111,2016-01-11,2016,1,January,1,2,0,Monday,Winter,0
20160112,2016-01-12,2016,1,January,1,2,1,Tuesday,Winter,0
20160113,2016-01-13,2016,1,January,1,2,2,Wednesday,Winter,0
20160114,2016-01-14,2016,1,January,1,2,3,Thursday,Winter,0
20160115,2016-01-15,2016,1,January,1,2,4,Friday,Winter,0
20160116,2016-01-16,2016,1,January,1,2,5,Saturday,Winter,1
20160117,2016-01-17,2016,1,January,1,2,6,Sunday,Winter,1
20160118,2016-01-18,2016,1,January,1,3,0,Monday,Winter,0
20160119,2016-01-19,2016,1,January,1,3,1,Tuesday,Winter,0
20160120,2016-01-20,2016,1,January,1,3,2,Wednesday,Winter,0
20160121,2016-01-21,2016,1,January,1,3,3,Thursday,Winter,0
20160122,2016-01-22,2016,1,January,1,3,4,Friday,Winter,0
20160123,2016-01-23,2016,1,January,1,3,5,Saturday,Winter,1
20160124,2016-01-24,2016,1,January,1,3,6,Sunday,Winter,1
20160125,2016-01-25,2016,1,January,1,4,0,Monday,Winter,0
20160126,2016-01-26,2016,1,January,1,4,1,Tuesday,Winter,0
20160127,2016-01-27,2016,1,January,1,4,2,Wednesday,Winter,0
20160128,2016-01-28,2016,1,January,1,4,3,Thursday,Winter,0
20160129,2016-01-29,2016,1,January,1,4,4,Friday,Winter,0
20160130,2016-01-30,2016,1,January,1,4,5,Saturday,Winter,1
20160131,2016-01-31,2016,1,January,1,4,6,Sunday,Winter,1
20160201,2016-02-01,2016,2,February,1,5,0,Monday,Winter,0
20160202,2016-02-02,2016,2,February,1,5,1,Tuesday,Winter,0
20160203,2016-02-03,2016,2,February,1,5,2,Wednesday,Winter,0
20160204,2016-02-04,2016,2,February,1,5,3,Thursday,Winter,0
20160205,2016-02-05,2016,2,February,1,5,4,Friday,Winter,0
20160206,2016-02-06,2016,2,February,1,5,5,Saturday,Winter,1
20160207,2016-02-07,2016,2,February,1,5,6,Sunday,Winter,1
20160208,2016-02-08,2016,2,February,1,6,0,Monday,Winter,0
20160209,2016-02-09,2016,2,February,1,6,1,Tuesday,Winter,0
20160210,2016-02-10,2016,2,February,1,6,2,Wednesday,Winter,0
20160211,2016-02-11,2016,2,February,1,6,3,Thursday,Winter,0
20160212,2016-02-12,2016,2,February,1,6,4,Friday,Winter,0
20160213,2016-02-13,2016,2,February,1,6,5,Saturday,Winter,1
20160214,2016-02-14,2016,2,February,1,6,6,Sunday,Winter,1
20160215,2016-02-15,2016,2,February,1,7,0,Monday,Winter,0
20160216,2016-02-16,2016,2,February,1,7,1,Tuesday,Winter,0
20160217,2016-02-17,2016,2,February,1,7,2,Wednesday,Winter,0
20160218,2016-02-18,2016,2,February,1,7,3,Thursday,Winter,0
20160219,2016-02-19,2016,2,February,1,7,4,Friday,Winter,0
20160220,2016-02-20,2016,2,February,1,7,5,Saturday,Winter,1
20160221,2016-02-21,2016,2,February,1,7,6,Sunday,Winter,1
20160222,2016-02-22,2016,2,February,1,8,0,Monday,Winter,0
20160223,2016-02-23,2016,2,February,1,8,1,Tuesday,Winter,0
20160224,2016-02-24,2016,2,February,1,8,2,Wednesday,Winter,0
20160225,2016-02-25,2016,2,February,1,8,3,Thursday,Winter,0
20160226,2016-02-26,2016,2,February,1,8,4,Friday,Winter,0
20160227,2016-02-27,2016,2,February,1,8,5,Saturday,Winter,1
20160228,2016-02-28,2016,2,February,1,8,6,Sunday,Winter,1
20160229,2016-02-29,2016,2,February,1,9,0,Monday,Winter,0
20160301,2016-03-01,2016,3,March,1,9,1,Tuesday,Spring,0
20160302,2016-03-02,2016,3,March,1,9,2,Wednesday,Spring,0
20160303,2016-03-03,2016,3,March,1,9,3,Thursday,Spring,0
20160304,2016-03-04,2016,3,March,1,9,4,Friday,Spring,0
20160305,2016-03-05,2016,3,March,1,9,5,Saturday,Spring,1
20160306,2016-03-06,2016,3,March,1,9,6,Sunday,Spring,1
20160307,2016-03-07,2016,3,March,1,10,0,Monday,Spring,0
20160308,2016-03-08,2016,3,March,1,10,1,Tuesday,Spring,0
20160309,2016-03-09,2016,3,March,1,10,2,Wednesday,Spring,0
20160310,2016-03-10,2016,3,March,1,10,3,Thursday,Spring,0
20160311,2016-03-11,2016,3,March,1,10,4,Friday,Spring,0
20160312,2016-03-12,2016,3,March,1,10,5,Saturday,Spring,1
20160313,2016-03-13,2016,3,March,1,10,6,Sunday,Spring,1
20160314,2016-03-14,2016,3,March,1,11,0,Monday,Spring,0
20160315,2016-03-15,2016,3,March,1,11,1,Tuesday,Spring,0
20160316,2016-03-16,2016,3,March,1,11,2,Wednesday,Spring,0
20160317,2016-03-17,2016,3,March,1,11,3,Thursday,Spring,0
20160318,2016-03-18,2016,3,March,1,11,4,Friday,Spring,0
20160319,2016-03-19,2016,3,March,1,11,5,Saturday,Spring,1
20160320,2016-03-20,2016,3,March,1,11,6,Sunday,Spring,1
20160321,2016-03-21,2016,3,March,1,12,0,Monday,Spring,0
20160322,2016-03-22,2016,3,March,1,12,1,Tuesday,Spring,0
20160323,2016-03-23,2016,3,March,1,12,2,Wednesday,Spring,0
20160324,2016-03-24,2016,3,March,1,12,3,Thursday,Spring,0
20160325,2016-03-25,2016,3,March,1,12,4,Friday,Spring,0
20160326,2016-03-26,2016,3,March,1,12,5,Saturday,Spring,1
20160327,2016-03-27,2016,3,March,1,12,6,Sunday,Spring,1
20160328,2016-03-28,2016,3,March,1,13,0,Monday,Spring,0
20160329,2016-03-29,2016,3,March,1,13,1,Tuesday,Spring,0
20160330,2016-03-30,2016,3,March,1,13,2,Wednesday,Spring,0
20160331,2016-03-31,2016,3,March,1,13,3,Thursday,Spring,0
20160401,2016-04-01,2016,4,April,2,13,4,Friday,Spring,0
20160402,2016-04-02,2016,4,April,2,13,5,Saturday,Spring,1
20160403,2016-04-03,2016,4,April,2,13,6,Sunday,Spring,1
20160404,2016-04-04,2016,4,April,2,14,0,Monday,Spring,0
20160405,2016-04-05,2016,4,April,2,14,1,Tuesday,Spring,0
20160406,2016-04-06,2016,4,April,2,14,2,Wednesday,Spring,0
20160407,2016-04-07,2016,4,April,2,14,3,Thursday,Spring,0
20160408,2016-04-08,2016,4,April,2,14,4,Friday,Spring,0
20160409,2016-04-09,2016,4,April,2,14,5,Saturday,Spring,1
20160410,2016-04-10,2016,4,April,2,14,6,Sunday,Spring,1
20160411,2016-04-11,2016,4,April,2,15,0,Monday,Spring,0
20160412,2016-04-12,2016,4,April,2,15,1,Tuesday,Spring,0
20160413,2016-04-13,2016,4,April,2,15,2,Wednesday,Spring,0
20160414,2016-04-14,2016,4,April,2,15,3,Thursday,Spring,0
20160415,2016-04-15,2016,4,April,2,15,4,Friday,Spring,0
20160416,2016-04-16,2016,4,April,2,15,5,Saturday,Spring,1
20160417,2016-04-17,2016,4,April,2,15,6,Sunday,Spring,1
20160418,2016-04-18,2016,4,April,2,16,0,Monday,Spring,0
20160419,2016-04-19,2016,4,April,2,16,1,Tuesday,Spring,0
20160420,2016-04-20,2016,4,April,2,16,2,Wednesday,Spring,0
20160421,2016-04-21,2016,4,April,2,16,3,Thursday,Spring,0
20160422,2016-04-22,2016,4,April,2,16,4,Friday,Spring,0
20160423,2016-04-23,2016,4,April,2,16,5,Saturday,Spring,1
20160424,2016-04-24,2016,4,April,2,16,6,Sunday,Spring,1
20160425,2016-04-25,2016,4,April,2,17,0,Monday,Spring,0
20160426,2016-04-26,2016,4,April,2,17,1,Tuesday,Spring,0
20160427,2016-04-27,2016,4,April,2,17,2,Wednesday,Spring,0
20160428,2016-04-28,2016,4,April,2,17,3,Thursday,Spring,0
20160429,2016-04-29,2016,4,April,2,17,4,Friday,Spring,0
20160430,2016-04-30,2016,4,April,2,17,5,Saturday,Spring,1
20160501,2016-05-01,2016,5,May,2,17,6,Sunday,Spring,1
20160502,2016-05-02,2016,5,May,2,18,0,Monday,Spring,0
20160503,2016-05-03,2016,5,May,2,18,1,Tuesday,Spring,0
20160504,2016-05-04,2016,5,May,2,18,2,Wednesday,Spring,0
20160505,2016-05-05,2016,5,May,2,18,3,Thursday,Spring,0
20160506,2016-05-06,2016,5,May,2,18,4,Friday,Spring,0
20160507,2016-05-07,2016,5,May,2,18,5,Saturday,Spring,1
20160508,2016-05-08,2016,5,May,2,18,6,Sunday,Spring,1
20160509,2016-05-09,2016,5,May,2,19,0,Monday,Spring,0
20160510,2016-05-10,2016,5,May,2,19,1,Tuesday,Spring,0
20160511,2016-05-11,2016,5,May,2,19,2,Wednesday,Spring,0
20160512,2016-05-12,2016,5,May,2,19,3,Thursday,Spring,0
20160513,2016-05-13,2016,5,May,2,19,4,Friday,Spring,0
20160514,2016-05-14,2016,5,May,2,19,5,Saturday,Spring,1
20160515,2016-05-15,2016,5,May,2,19,6,Sunday,Spring,1
20160516,2016-05-16,2016,5,May,2,20,0,Monday,Spring,0
20160517,2016-05-17,2016,5,May,2,20,1,Tuesday,Spring,0
20160518,2016-05-18,2016,5,May,2,20,2,Wednesday,Spring,0
20160519,2016-05-19,2016,5,May,2,20,3,Thursday,Spring,0
20160520,2016-05-20,2016,5,May,2,20,4,Friday,Spring,0
20160521,2016-05-21,2016,5,May,2,20,5,Saturday,Spring,1
20160522,2016-05-22,2016,5,May,2,20,6,Sunday,Spring,1
20160523,2016-05-23,2016,5,May,2,21,0,Monday,Spring,0
20160524,2016-05-24,2016,5,May,2,21,1,Tuesday,Spring,0
20160525,2016-05-25,2016,5,May,2,21,2,Wednesday,Spring,0
20160526,2016-05-26,2016,5,May,2,21,3,Thursday,Spring,0
20160527,2016-05-27,2016,5,May,2,21,4,Friday,Spring,0
20160528,2016-05-28,2016,5,May,2,21,5,Saturday,Spring,1
20160529,2016-05-29,2016,5,May,2,21,6,Sunday,Spring,1
20160530,2016-05-30,2016,5,May,2,22,0,Monday,Spring,0
20160531,2016-05-31,2016,5,May,2,22,1,Tuesday,Spring,0
20160601,2016-06-01,2016,6,June,2,22,2,Wednesday,Summer,0
20160602,2016-06-02,2016,6,June,2,22,3,Thursday,Summer,0
20160603,2016-06-03,2016,6,June,2,22,4,Friday,Summer,0
20160604,2016-06-04,2016,6,June,2,22,5,Saturday,Summer,1
20160605,2016-06-05,2016,6,June,2,22,6,Sunday,Summer,1
20160606,2016-06-06,2016,6,June,2,23,0,Monday,Summer,0
20160607,2016-06-07,2016,6,June,2,23,1,Tuesday,Summer,0
20160608,2016-06-08,2016,6,June,2,23,2,Wednesday,Summer,0
20160609,2016-06-09,2016,6,June,2,23,3,Thursday,Summer,0
20160610,2016-06-10,2016,6,June,2,23,4,Friday,Summer,0
20160611,2016-06-11,2016,6,June,2,23,5,Saturday,Summer,1
20160612,2016-06-12,2016,6,June,2,23,6,Sunday,Summer,1
20160613,2016-06-13,2016,6,June,2,24,0,Monday,Summer,0
20160614,2016-06-14,2016,6,June,2,24,1,Tuesday,Summer,0
20160615,2016-06-15,2016,6,June,2,24,2,Wednesday,Summer,0
20160616,2016-06-16,2016,6,June,2,24,3,Thursday,Summer,0
20160617,2016-06-17,2016,6,June,2,24,4,Friday,Summer,0
20160618,2016-06-18,2016,6,June,2,24,5,Saturday,Summer,1
20160619,2016-06-19,2016,6,June,2,24,6,Sunday,Summer,1
20160620,2016-06-20,2016,6,June,2,25,0,Monday,Summer,0
20160621,2016-06-21,2016,6,June,2,25,1,Tuesday,Summer,0
20160622,2016-06-22,2016,6,June,2,25,2,Wednesday,Summer,0
20160623,2016-06-23,2016,6,June,2,25,3,Thursday,Summer,0
20160624,2016-06-24,2016,6,June,2,25,4,Friday,Summer,0
20160625,2016-06-25,2016,6,June,2,25,5,Saturday,Summer,1
20160626,2016-06-26,2016,6,June,2,25,6,Sunday,Summer,1
20160627,2016-06-27,2016,6,June,2,26,0,Monday,Summer,0
20160628,2016-06-28,2016,6,June,2,26,1,Tuesday,Summer,0
20160629,2016-06-29,2016,6,June,2,26,2,Wednesday,Summer,0
20160630,2016-06-30,2016,6,June,2,26,3,Thursday,Summer,0
20160701,2016-07-01,2016,7,July,3,26,4,Friday,Summer,0
20160702,2016-07-02,2016,7,July,3,26,5,Saturday,Summer,1
20160703,2016-07-03,2016,7,July,3,26,6,Sunday,Summer,1
20160704,2016-07-04,2016,7,July,3,27,0,Monday,Summer,0
20160705,2016-07-05,2016,7,July,3,27,1,Tuesday,Summer,0
20160706,2016-07-06,2016,7,July,3,27,2,Wednesday,Summer,0
20160707,2016-07-07,2016,7,July,3,27,3,Thursday,Summer,0
20160708,2016-07-08,2016,7,July,3,27,4,Friday,Summer,0
20160709,2016-07-09,2016,7,July,3,27,5,Saturday,Summer,1
20160710,2016-07-10,2016,7,July,3,27,6,Sunday,Summer,1
20160711,2016-07-11,2016,7,July,3,28,0,Monday,Summer,0
20160712,2016-07-12,2016,7,July,3,28,1,Tuesday,Summer,0
20160713,2016-07-13,2016,7,July,3,28,2,Wednesday,Summer,0
20160714,2016-07-14,2016,7,July,3,28,3,Thursday,Summer,0
20160715,2016-07-15,2016,7,July,3,28,4,Friday,Summer,0
20160716,2016-07-16,2016,7,July,3,28,5,Saturday,Summer,1
20160717,2016-07-17,2016,7,July,3,28,6,Sunday,Summer,1
20160718,2016-07-18,2016,7,July,3,29,0,Monday,Summer,0
20160719,2016-07-19,2016,7,July,3,29,1,Tuesday,Summer,0
20160720,2016-07-20,2016,7,July,3,29,2,Wednesday,Summer,0
20160721,2016-07-21,2016,7,July,3,29,3,Thursday,Summer,0
20160722,2016-07-22,2016,7,July,3,29,4,Friday,Summer,0
20160723,2016-07-23,2016,7,July,3,29,5,Saturday,Summer,1
20160724,2016-07-24,2016,7,July,3,29,6,Sunday,Summer,1
20160725,2016-07-25,2016,7,July,3,30,0,Monday,Summer,0
20160726,2016-07-26,2016,7,July,3,30,1,Tuesday,Summer,0
20160727,2016-07-27,2016,7,July,3,30,2,Wednesday,Summer,0
20160728,2016-07-28,2016,7,July,3,30,3,Thursday,Summer,0
20160729,2016-07-29,2016,7,July,3,30,4,Friday,Summer,0
20160730,2016-07-30,2016,7,July,3,30,5,Saturday,Summer,1
20160731,2016-07-31,2016,7,July,3,30,6,Sunday,Summer,1
20160801,2016-08-01,2016,8,August,3,31,0,Monday,Summer,0
20160802,2016-08-02,2016,8,August,3,31,1,Tuesday,Summer,0
20160803,2016-08-03,2016,8,August,3,31,2,Wednesday,Summer,0
20160804,2016-08-04,2016,8,August,3,31,3,Thursday,Summer,0
20160805,2016-08-05,2016,8,August,3,31,4,Friday,Summer,0
20160806,2016-08-06,2016,8,August,3,31,5,Saturday,Summer,1
20160807,2016-08-07,2016,8,August,3,31,6,Sunday,Summer,1
20160808,2016-08-08,2016,8,August,3,32,0,Monday,Summer,0
20160809,2016-08-09,2016,8,August,3,32,1,Tuesday,Summer,0
20160810,2016-08-10,2016,8,August,3,32,2,Wednesday,Summer,0
20160811,2016-08-11,2016,8,August,3,32,3,Thursday,Summer,0
20160812,2016-08-12,2016,8,August,3,32,4,Friday,Summer,0
20160813,2016-08-13,2016,8,August,3,32,5,Saturday,Summer,1
20160814,2016-08-14,2016,8,August,3,32,6,Sunday,Summer,1
20160815,2016-08-15,2016,8,August,3,33,0,Monday,Summer,0
20160816,2016-08-16,2016,8,August,3,33,1,Tuesday,Summer,0
20160817,2016-08-17,2016,8,August,3,33,2,Wednesday,Summer,0
20160818,2016-08-18,2016,8,August,3,33,3,Thursday,Summer,0
20160819,2016-08-19,2016,8,August,3,33,4,Friday,Summer,0
20160820,2016-08-20,2016,8,August,3,33,5,Saturday,Summer,1
20160821,2016-08-21,2016,8,August,3,33,6,Sunday,Summer,1
20160822,2016-08-22,2016,8,August,3,34,0,Monday,Summer,0
20160823,2016-08-23,2016,8,August,3,34,1,Tuesday,Summer,0
20160824,2016-08-24,2016,8,August,3,34,2,Wednesday,Summer,0
20160825,2016-08-25,2016,8,August,3,34,3,Thursday,Summer,0
20160826,2016-08-26,2016,8,August,3,34,4,Friday,Summer,0
20160827,2016-08-27,2016,8,August,3,34,5,Saturday,Summer,1
20160828,2016-08-28,2016,8,August,3,34,6,Sunday,Summer,1
20160829,2016-08-29,2016,8,August,3,35,0,Monday,Summer,0
20160830,2016-08-30,2016,8,August,3,35,1,Tuesday,Summer,0
20160831,2016-08-31,2016,8,August,3,35,2,Wednesday,Summer,0
20160901,2016-09-01,2016,9,September,3,35,3,Thursday,Autumn,0
20160902,2016-09-02,2016,9,September,3,35,4,Friday,Autumn,0
20160903,2016-09-03,2016,9,September,3,35,5,Saturday,Autumn,1
20160904,2016-09-04,2016,9,September,3,35,6,Sunday,Autumn,1
20160905,2016-09-05,2016,9,September,3,36,0,Monday,Autumn,0
20160906,2016-09-06,2016,9,September,3,36,1,Tuesday,Autumn,0
20160907,2016-09-07,2016,9,September,3,36,2,Wednesday,Autumn,0
20160908,2016-09-08,2016,9,September,3,36,3,Thursday,Autumn,0
20160909,2016-09-09,2016,9,September,3,36,4,Friday,Autumn,0
20160910,2016-09-10,2016,9,September,3,36,5,Saturday,Autumn,1
20160911,2016-09-11,2016,9,September,3,36,6,Sunday,Autumn,1
20160912,2016-09-12,2016,9,September,3,37,0,Monday,Autumn,0
20160913,2016-09-13,2016,9,September,3,37,1,Tuesday,Autumn,0
20160914,2016-09-14,2016,9,September,3,37,2,Wednesday,Autumn,0
20160915,2016-09-15,2016,9,September,3,37,3,Thursday,Autumn,0
20160916,2016-09-16,2016,9,September,3,37,4,Friday,Autumn,0
20160917,2016-09-17,2016,9,September,3,37,5,Saturday,Autumn,1
20160918,2016-09-18,2016,9,September,3,37,6,Sunday,Autumn,1
20160919,2016-09-19,2016,9,September,3,38,0,Monday,Autumn,0
20160920,2016-09-20,2016,9,September,3,38,1,Tuesday,Autumn,0
20160921,2016-09-21,2016,9,September,3,38,2,Wednesday,Autumn,0
20160922,2016-09-22,2016,9,September,3,38,3,Thursday,Autumn,0
20160923,2016-09-23,2016,9,September,3,38,4,Friday,Autumn,0
20160924,2016-09-24,2016,9,September,3,38,5,Saturday,Autumn,1
20160925,2016-09-25,2016,9,September,3,38,6,Sunday,Autumn,1
20160926,2016-09-26,2016,9,September,3,39,0,Monday,Autumn,0
20160927,2016-09-27,2016,9,September,3,39,1,Tuesday,Autumn,0
20160928,2016-09-28,2016,9,September,3,39,2,Wednesday,Autumn,0
20160929,2016-09-29,2016,9,September,3,39,3,Thursday,Autumn,0
20160930,2016-09-30,2016,9,September,3,39,4,Friday,Autumn,0
20161001,2016-10-01,2016,10,October,4,39,5,Saturday,Autumn,1
20161002,2016-10-02,2016,10,October,4,39,6,Sunday,Autumn,1
20161003,2016-10-03,2016,10,October,4,40,0,Monday,Autumn,0
20161004,2016-10-04,2016,10,October,4,40,1,Tuesday,Autumn,0
20161005,2016-10-05,2016,10,October,4,40,2,Wednesday,Autumn,0
20161006,2016-10-06,2016,10,October,4,40,3,Thursday,Autumn,0
20161007,2016-10-07,2016,10,October,4,40,4,Friday,Autumn,0
20161008,2016-10-08,2016,10,October,4,40,5,Saturday,Autumn,1
20161009,2016-10-09,2016,10,October,4,40,6,Sunday,Autumn,1
20161010,2016-10-10,2016,10,October,4,41,0,Monday,Autumn,0
20161011,2016-10-11,2016,10,October,4,41,1,Tuesday,Autumn,0
20161012,2016-10-12,2016,10,October,4,41,2,Wednesday,Autumn,0
20161013,2016-10-13,2016,10,October,4,41,3,Thursday,Autumn,0
20161014,2016-10-14,2016,10,October,4,41,4,Friday,Autumn,0
20161015,2016-10-15,2016,10,October,4,41,5,Saturday,Autumn,1
20161016,2016-10-16,2016,10,October,4,41,6,Sunday,Autumn,1
20161017,2016-10-17,2016,10,October,4,42,0,Monday,Autumn,0
20161018,2016-10-18,2016,10,October,4,42,1,Tuesday,Autumn,0
20161019,2016-10-19,2016,10,October,4,42,2,Wednesday,Autumn,0
20161020,2016-10-20,2016,10,October,4,42,3,Thursday,Autumn,0
20161021,2016-10-21,2016,10,October,4,42,4,Friday,Autumn,0
20161022,2016-10-22,2016,10,October,4,42,5,Saturday,Autumn,1
20161023,2016-10-23,2016,10,October,4,42,6,Sunday,Autumn,1
20161024,2016-10-24,2016,10,October,4,43,0,Monday,Autumn,0
20161025,2016-10-25,2016,10,October,4,43,1,Tuesday,Autumn,0
20161026,2016-10-26,2016,10,October,4,43,2,Wednesday,Autumn,0
20161027,2016-10-27,2016,10,October,4,43,3,Thursday,Autumn,0
20161028,2016-10-28,2016,10,October,4,43,4,Friday,Autumn,0
20161029,2016-10-29,2016,10,October,4,43,5,Saturday,Autumn,1
20161030,2016-10-30,2016,10,October,4,43,6,Sunday,Autumn,1
20161031,2016-10-31,2016,10,October,4,44,0,Monday,Autumn,0
20161101,2016-11-01,2016,11,November,4,44,1,Tuesday,Autumn,0
20161102,2016-11-02,2016,11,November,4,44,2,Wednesday,Autumn,0
20161103,2016-11-03,2016,11,November,4,44,3,Thursday,Autumn,0
20161104,2016-11-04,2016,11,November,4,44,4,Friday,Autumn,0
20161105,2016-11-05,2016,11,November,4,44,5,Saturday,Autumn,1
20161106,2016-11-06,2016,11,November,4,44,6,Sunday,Autumn,1
20161107,2016-11-07,2016,11,November,4,45,0,Monday,Autumn,0
20161108,2016-11-08,2016,11,November,4,45,1,Tuesday,Autumn,0
20161109,2016-11-09,2016,11,November,4,45,2,Wednesday,Autumn,0
20161110,2016-11-10,2016,11,November,4,45,3,Thursday,Autumn,0
20161111,2016-11-11,2016,11,November,4,45,4,Friday,Autumn,0
20161112,2016-11-12,2016,11,November,4,45,5,Saturday,Autumn,1
20161113,2016-11-13,2016,11,November,4,45,6,Sunday,Autumn,1
20161114,2016-11-14,2016,11,November,4,46,0,Monday,Autumn,0
20161115,2016-11-15,2016,11,November,4,46,1,Tuesday,Autumn,0
20161116,2016-11-16,2016,11,November,4,46,2,Wednesday,Autumn,0
20161117,2016-11-17,2016,11,November,4,46,3,Thursday,Autumn,0
20161118,2016-11-18,2016,11,November,4,46,4,Friday,Autumn,0
20161119,2016-11-19,2016,11,November,4,46,5,Saturday,Autumn,1
20161120,2016-11-20,2016,11,November,4,46,6,Sunday,Autumn,1
20161121,2016-11-21,2016,11,November,4,47,0,Monday,Autumn,0
20161122,2016-11-22,2016,11,November,4,47,1,Tuesday,Autumn,0
20161123,2016-11-23,2016,11,November,4,47,2,Wednesday,Autumn,0
20161124,2016-11-24,2016,11,November,4,47,3,Thursday,Autumn,0
20161125,2016-11-25,2016,11,November,4,47,4,Friday,Autumn,0
20161126,2016-11-26,2016,11,November,4,47,5,Saturday,Autumn,1
20161127,2016-11-27,2016,11,November,4,47,6,Sunday,Autumn,1
20161128,2016-11-28,2016,11,November,4,48,0,Monday,Autumn,0
20161129,2016-11-29,2016,11,November,4,48,1,Tuesday,Autumn,0
20161130,2016-11-30,2016,11,November,4,48,2,Wednesday,Autumn,0
20161201,2016-12-01,2016,12,December,4,48,3,Thursday,Winter,0
20161202,2016-12-02,2016,12,December,4,48,4,Friday,Winter,0
20161203,2016-12-03,2016,12,December,4,48,5,Saturday,Winter,1
20161204,2016-12-04,2016,12,December,4,48,6,Sunday,Winter,1
20161205,2016-12-05,2016,12,December,4,49,0,Monday,Winter,0
20161206,2016-12-06,2016,12,December,4,49,1,Tuesday,Winter,0
20161207,2016-12-07,2016,12,December,4,49,2,Wednesday,Winter,0
20161208,2016-12-08,2016,12,December,4,49,3,Thursday,Winter,0
20161209,2016-12-09,2016,12,December,4,49,4,Friday,Winter,0
20161210,2016-12-10,2016,12,December,4,49,5,Saturday,Winter,1
20161211,2016-12-11,2016,12,December,4,49,6,Sunday,Winter,1
20161212,2016-12-12,2016,12,December,4,50,0,Monday,Winter,0
20161213,2016-12-13,2016,12,December,4,50,1,Tuesday,Winter,0
20161214,2016-12-14,2016,12,December,4,50,2,Wednesday,Winter,0
20161215,2016-12-15,2016,12,December,4,50,3,Thursday,Winter,0
20161216,2016-12-16,2016,12,December,4,50,4,Friday,Winter,0
20161217,2016-12-17,2016,12,December,4,50,5,Saturday,Winter,1
20161218,2016-12-18,2016,12,December,4,50,6,Sunday,Winter,1
20161219,2016-12-19,2016,12,December,4,51,0,Monday,Winter,0
20161220,2016-12-20,2016,12,December,4,51,1,Tuesday,Winter,0
20161221,2016-12-21,2016,12,December,4,51,2,Wednesday,Winter,0
20161222,2016-12-22,2016,12,December,4,51,3,Thursday,Winter,0
20161223,2016-12-23,2016,12,December,4,51,4,Friday,Winter,0
20161224,2016-12-24,2016,12,December,4,51,5,Saturday,Winter,1
20161225,2016-12-25,2016,12,December,4,51,6,Sunday,Winter,1
20161226,2016-12-26,2016,12,December,4,52,0,Monday,Winter,0
20161227,2016-12-27,2016,12,December,4,52,1,Tuesday,Winter,0
20161228,2016-12-28,2016,12,December,4,52,2,Wednesday,Winter,0
20161229,2016-12-29,2016,12,December,4,52,3,Thursday,Winter,0
20161230,2016-12-30,2016,12,December,4,52,4,Friday,Winter,0
20161231,2016-12-31,2016,12,December,4,52,5,Saturday,Winter,1
20170101,2017-01-01,2017,1,January,1,52,6,Sunday,Winter,1
20170102,2017-01-02,2017,1,January,1,1,0,Monday,Winter,0
20170103,2017-01-03,2017,1,January,1,1,1,Tuesday,Winter,0
20170104,2017-01-04,2017,1,January,1,1,2,Wednesday,Winter,0
20170105,2017-01-05,2017,1,January,1,1,3,Thursday,Winter,0
20170106,2017-01-06,2017,1,January,1,1,4,Friday,Winter,0
20170107,2017-01-07,2017,1,January,1,1,5,Saturday,Winter,1
20170108,2017-01-08,2017,1,January,1,1,6,Sunday,Winter,1
20170109,2017-01-09,2017,1,January,1,2,0,Monday,Winter,0
20170110,2017-01-10,2017,1,January,1,2,1,Tuesday,Winter,0
20170111,2017-01-11,2017,1,January,1,2,2,Wednesday,Winter,0
20170112,2017-01-12,2017,1,January,1,2,3,Thursday,Winter,0
20170113,2017-01-13,2017,1,January,1,2,4,Friday,Winter,0
20170114,2017-01-14,2017,1,January,1,2,5,Saturday,Winter,1
20170115,2017-01-15,2017,1,January,1,2,6,Sunday,Winter,1
20170116,2017-01-16,2017,1,January,1,3,0,Monday,Winter,0
20170117,2017-01-17,2017,1,January,1,3,1,Tuesday,Winter,0
20170118,2017-01-18,2017,1,January,1,3,2,Wednesday,Winter,0
20170119,2017-01-19,2017,1,January,1,3,3,Thursday,Winter,0
20170120,2017-01-20,2017,1,January,1,3,4,Friday,Winter,0
20170121,2017-01-21,2017,1,January,1,3,5,Saturday,Winter,1
20170122,2017-01-22,2017,1,January,1,3,6,Sunday,Winter,1
20170123,2017-01-23,2017,1,January,1,4,0,Monday,Winter,0
20170124,2017-01-24,2017,1,January,1,4,1,Tuesday,Winter,0
20170125,2017-01-25,2017,1,January,1,4,2,Wednesday,Winter,0
20170126,2017-01-26,2017,1,January,1,4,3,Thursday,Winter,0
20170127,2017-01-27,2017,1,January,1,4,4,Friday,Winter,0
20170128,2017-01-28,2017,1,January,1,4,5,Saturday,Winter,1
20170129,2017-01-29,2017,1,January,1,4,6,Sunday,Winter,1
20170130,2017-01-30,2017,1,January,1,5,0,Monday,Winter,0
20170131,2017-01-31,2017,1,January,1,5,1,Tuesday,Winter,0
20170201,2017-02-01,2017,2,February,1,5,2,Wednesday,Winter,0
20170202,2017-02-02,2017,2,February,1,5,3,Thursday,Winter,0
20170203,2017-02-03,2017,2,February,1,5,4,Friday,Winter,0
20170204,2017-02-04,2017,2,February,1,5,5,Saturday,Winter,1
20170205,2017-02-05,2017,2,February,1,5,6,Sunday,Winter,1
20170206,2017-02-06,2017,2,February,1,6,0,Monday,Winter,0
20170207,2017-02-07,2017,2,February,1,6,1,Tuesday,Winter,0
20170208,2017-02-08,2017,2,February,1,6,2,Wednesday,Winter,0
20170209,2017-02-09,2017,2,February,1,6,3,Thursday,Winter,0
20170210,2017-02-10,2017,2,February,1,6,4,Friday,Winter,0
20170211,2017-02-11,2017,2,February,1,6,5,Saturday,Winter,1
20170212,2017-02-12,2017,2,February,1,6,6,Sunday,Winter,1
20170213,2017-02-13,2017,2,February,1,7,0,Monday,Winter,0
20170214,2017-02-14,2017,2,February,1,7,1,Tuesday,Winter,0
20170215,2017-02-15,2017,2,February,1,7,2,Wednesday,Winter,0
20170216,2017-02-16,2017,2,February,1,7,3,Thursday,Winter,0
20170217,2017-02-17,2017,2,February,1,7,4,Friday,Winter,0
20170218,2017-02-18,2017,2,February,1,7,5,Saturday,Winter,1
20170219,2017-02-19,2017,2,February,1,7,6,Sunday,Winter,1
20170220,2017-02-20,2017,2,February,1,8,0,Monday,Winter,0
20170221,2017-02-21,2017,2,February,1,8,1,Tuesday,Winter,0
20170222,2017-02-22,2017,2,February,1,8,2,Wednesday,Winter,0
20170223,2017-02-23,2017,2,February,1,8,3,Thursday,Winter,0
20170224,2017-02-24,2017,2,February,1,8,4,Friday,Winter,0
20170225,2017-02-25,2017,2,February,1,8,5,Saturday,Winter,1
20170226,2017-02-26,2017,2,February,1,8,6,Sunday,Winter,1
20170227,2017-02-27,2017,2,February,1,9,0,Monday,Winter,0
20170228,2017-02-28,2017,2,February,1,9,1,Tuesday,Winter,0
20170301,2017-03-01,2017,3,March,1,9,2,Wednesday,Spring,0
20170302,2017-03-02,2017,3,March,1,9,3,Thursday,Spring,0
20170303,2017-03-03,2017,3,March,1,9,4,Friday,Spring,0
20170304,2017-03-04,2017,3,March,1,9,5,Saturday,Spring,1
20170305,2017-03-05,2017,3,March,1,9,6,Sunday,Spring,1
20170306,2017-03-06,2017,3,March,1,10,0,Monday,Spring,0
20170307,2017-03-07,2017,3,March,1,10,1,Tuesday,Spring,0
20170308,2017-03-08,2017,3,March,1,10,2,Wednesday,Spring,0
20170309,2017-03-09,2017,3,March,1,10,3,Thursday,Spring,0
20170310,2017-03-10,2017,3,March,1,10,4,Friday,Spring,0
20170311,2017-03-11,2017,3,March,1,10,5,Saturday,Spring,1
20170312,2017-03-12,2017,3,March,1,10,6,Sunday,Spring,1
20170313,2017-03-13,2017,3,March,1,11,0,Monday,Spring,0
20170314,2017-03-14,2017,3,March,1,11,1,Tuesday,Spring,0
20170315,2017-03-15,2017,3,March,1,11,2,Wednesday,Spring,0
20170316,2017-03-16,2017,3,March,1,11,3,Thursday,Spring,0
20170317,2017-03-17,2017,3,March,1,11,4,Friday,Spring,0
20170318,2017-03-18,2017,3,March,1,11,5,Saturday,Spring,1
20170319,2017-03-19,2017,3,March,1,11,6,Sunday,Spring,1
20170320,2017-03-20,2017,3,March,1,12,0,Monday,Spring,0
20170321,2017-03-21,2017,3,March,1,12,1,Tuesday,Spring,0
20170322,2017-03-22,2017,3,March,1,12,2,Wednesday,Spring,0
20170323,2017-03-23,2017,3,March,1,12,3,Thursday,Spring,0
20170324,2017-03-24,2017,3,March,1,12,4,Friday,Spring,0
20170325,2017-03-25,2017,3,March,1,12,5,Saturday,Spring,1
20170326,2017-03-26,2017,3,March,1,12,6,Sunday,Spring,1
20170327,2017-03-27,2017,3,March,1,13,0,Monday,Spring,0
20170328,2017-03-28,2017,3,March,1,13,1,Tuesday,Spring,0
20170329,2017-03-29,2017,3,March,1,13,2,Wednesday,Spring,0
20170330,2017-03-30,2017,3,March,1,13,3,Thursday,Spring,0
20170331,2017-03-31,2017,3,March,1,13,4,Friday,Spring,0
20170401,2017-04-01,2017,4,April,2,13,5,Saturday,Spring,1
20170402,2017-04-02,2017,4,April,2,13,6,Sunday,Spring,1
20170403,2017-04-03,2017,4,April,2,14,0,Monday,Spring,0
20170404,2017-04-04,2017,4,April,2,14,1,Tuesday,Spring,0
20170405,2017-04-05,2017,4,April,2,14,2,Wednesday,Spring,0
20170406,2017-04-06,2017,4,April,2,14,3,Thursday,Spring,0
20170407,2017-04-07,2017,4,April,2,14,4,Friday,Spring,0
20170408,2017-04-08,2017,4,April,2,14,5,Saturday,Spring,1
20170409,2017-04-09,2017,4,April,2,14,6,Sunday,Spring,1
20170410,2017-04-10,2017,4,April,2,15,0,Monday,Spring,0
20170411,2017-04-11,2017,4,April,2,15,1,Tuesday,Spring,0
20170412,2017-04-12,2017,4,April,2,15,2,Wednesday,Spring,0
20170413,2017-04-13,2017,4,April,2,15,3,Thursday,Spring,0
20170414,2017-04-14,2017,4,April,2,15,4,Friday,Spring,0
20170415,2017-04-15,2017,4,April,2,15,5,Saturday,Spring,1
20170416,2017-04-16,2017,4,April,2,15,6,Sunday,Spring,1
20170417,2017-04-17,2017,4,April,2,16,0,Monday,Spring,0
20170418,2017-04-18,2017,4,April,2,16,1,Tuesday,Spring,0
20170419,2017-04-19,2017,4,April,2,16,2,Wednesday,Spring,0
20170420,2017-04-20,2017,4,April,2,16,3,Thursday,Spring,0
20170421,2017-04-21,2017,4,April,2,16,4,Friday,Spring,0
20170422,2017-04-22,2017,4,April,2,16,5,Saturday,Spring,1
20170423,2017-04-23,2017,4,April,2,16,6,Sunday,Spring,1
20170424,2017-04-24,2017,4,April,2,17,0,Monday,Spring,0
20170425,2017-04-25,2017,4,April,2,17,1,Tuesday,Spring,0
20170426,2017-04-26,2017,4,April,2,17,2,Wednesday,Spring,0
20170427,2017-04-27,2017,4,April,2,17,3,Thursday,Spring,0
20170428,2017-04-28,2017,4,April,2,17,4,Friday,Spring,0
20170429,2017-04-29,2017,4,April,2,17,5,Saturday,Spring,1
20170430,2017-04-30,2017,4,April,2,17,6,Sunday,Spring,1
20170501,2017-05-01,2017,5,May,2,18,0,Monday,Spring,0
20170502,2017-05-02,2017,5,May,2,18,1,Tuesday,Spring,0
20170503,2017-05-03,2017,5,May,2,18,2,Wednesday,Spring,0
20170504,2017-05-04,2017,5,May,2,18,3,Thursday,Spring,0
20170505,2017-05-05,2017,5,May,2,18,4,Friday,Spring,0
20170506,2017-05-06,2017,5,May,2,18,5,Saturday,Spring,1
20170507,2017-05-07,2017,5,May,2,18,6,Sunday,Spring,1
20170508,2017-05-08,2017,5,May,2,19,0,Monday,Spring,0
20170509,2017-05-09,2017,5,May,2,19,1,Tuesday,Spring,0
20170510,2017-05-10,2017,5,May,2,19,2,Wednesday,Spring,0
20170511,2017-05-11,2017,5,May,2,19,3,Thursday,Spring,0
20170512,2017-05-12,2017,5,May,2,19,4,Friday,Spring,0
20170513,2017-05-13,2017,5,May,2,19,5,Saturday,Spring,1
20170514,2017-05-14,2017,5,May,2,19,6,Sunday,Spring,1
20170515,2017-05-15,2017,5,May,2,20,0,Monday,Spring,0
20170516,2017-05-16,2017,5,May,2,20,1,Tuesday,Spring,0
20170517,2017-05-17,2017,5,May,2,20,2,Wednesday,Spring,0
20170518,2017-05-18,2017,5,May,2,20,3,Thursday,Spring,0
20170519,2017-05-19,2017,5,May,2,20,4,Friday,Spring,0
20170520,2017-05-20,2017,5,May,2,20,5,Saturday,Spring,1
20170521,2017-05-21,2017,5,May,2,20,6,Sunday,Spring,1
20170522,2017-05-22,2017,5,May,2,21,0,Monday,Spring,0
20170523,2017-05-23,2017,5,May,2,21,1,Tuesday,Spring,0
20170524,2017-05-24,2017,5,May,2,21,2,Wednesday,Spring,0
20170525,2017-05-25,2017,5,May,2,21,3,Thursday,Spring,0
20170526,2017-05-26,2017,5,May,2,21,4,Friday,Spring,0
20170527,2017-05-27,2017,5,May,2,21,5,Saturday,Spring,1
20170528,2017-05-28,2017,5,May,2,21,6,Sunday,Spring,1
20170529,2017-05-29,2017,5,May,2,22,0,Monday,Spring,0
20170530,2017-05-30,2017,5,May,2,22,1,Tuesday,Spring,0
20170531,2017-05-31,2017,5,May,2,22,2,Wednesday,Spring,0
20170601,2017-06-01,2017,6,June,2,22,3,Thursday,Summer,0
20170602,2017-06-02,2017,6,June,2,22,4,Friday,Summer,0
20170603,2017-06-03,2017,6,June,2,22,5,Saturday,Summer,1
20170604,2017-06-04,2017,6,June,2,22,6,Sunday,Summer,1
20170605,2017-06-05,2017,6,June,2,23,0,Monday,Summer,0
20170606,2017-06-06,2017,6,June,2,23,1,Tuesday,Summer,0
20170607,2017-06-07,2017,6,June,2,23,2,Wednesday,Summer,0
20170608,2017-06-08,2017,6,June,2,23,3,Thursday,Summer,0
20170609,2017-06-09,2017,6,June,2,23,4,Friday,Summer,0
20170610,2017-06-10,2017,6,June,2,23,5,Saturday,Summer,1
20170611,2017-06-11,2017,6,June,2,23,6,Sunday,Summer,1
20170612,2017-06-12,2017,6,June,2,24,0,Monday,Summer,0
20170613,2017-06-13,2017,6,June,2,24,1,Tuesday,Summer,0
20170614,2017-06-14,2017,6,June,2,24,2,Wednesday,Summer,0
20170615,2017-06-15,2017,6,June,2,24,3,Thursday,Summer,0
20170616,2017-06-16,2017,6,June,2,24,4,Friday,Summer,0
20170617,2017-06-17,2017,6,June,2,24,5,Saturday,Summer,1
20170618,2017-06-18,2017,6,June,2,24,6,Sunday,Summer,1
20170619,2017-06-19,2017,6,June,2,25,0,Monday,Summer,0
20170620,2017-06-20,2017,6,June,2,25,1,Tuesday,Summer,0
20170621,2017-06-21,2017,6,June,2,25,2,Wednesday,Summer,0
20170622,2017-06-22,2017,6,June,2,25,3,Thursday,Summer,0
20170623,2017-06-23,2017,6,June,2,25,4,Friday,Summer,0
20170624,2017-06-24,2017,6,June,2,25,5,Saturday,Summer,1
20170625,2017-06-25,2017,6,June,2,25,6,Sunday,Summer,1
20170626,2017-06-26,2017,6,June,2,26,0,Monday,Summer,0
20170627,2017-06-27,2017,6,June,2,26,1,Tuesday,Summer,0
20170628,2017-06-28,2017,6,June,2,26,2,Wednesday,Summer,0
20170629,2017-06-29,2017,6,June,2,26,3,Thursday,Summer,0
20170630,2017-06-30,2017,6,June,2,26,4,Friday,Summer,0
20170701,2017-07-01,2017,7,July,3,26,5,Saturday,Summer,1
20170702,2017-07-02,2017,7,July,3,26,6,Sunday,Summer,1
20170703,2017-07-03,2017,7,July,3,27,0,Monday,Summer,0
20170704,2017-07-04,2017,7,July,3,27,1,Tuesday,Summer,0
20170705,2017-07-05,2017,7,July,3,27,2,Wednesday,Summer,0
20170706,2017-07-06,2017,7,July,3,27,3,Thursday,Summer,0
20170707,2017-07-07,2017,7,July,3,27,4,Friday,Summer,0
20170708,2017-07-08,2017,7,July,3,27,5,Saturday,Summer,1
20170709,2017-07-09,2017,7,July,3,27,6,Sunday,Summer,1
20170710,2017-07-10,2017,7,July,3,28,0,Monday,Summer,0
20170711,2017-07-11,2017,7,July,3,28,1,Tuesday,Summer,0
20170712,2017-07-12,2017,7,July,3,28,2,Wednesday,Summer,0
20170713,2017-07-13,2017,7,July,3,28,3,Thursday,Summer,0
20170714,2017-07-14,2017,7,July,3,28,4,Friday,Summer,0
20170715,2017-07-15,2017,7,July,3,28,5,Saturday,Summer,1
20170716,2017-07-16,2017,7,July,3,28,6,Sunday,Summer,1
20170717,2017-07-17,2017,7,July,3,29,0,Monday,Summer,0
20170718,2017-07-18,2017,7,July,3,29,1,Tuesday,Summer,0
20170719,2017-07-19,2017,7,July,3,29,2,Wednesday,Summer,0
20170720,2017-07-20,2017,7,July,3,29,3,Thursday,Summer,0
20170721,2017-07-21,2017,7,July,3,29,4,Friday,Summer,0
20170722,2017-07-22,2017,7,July,3,29,5,Saturday,Summer,1
20170723,2017-07-23,2017,7,July,3,29,6,Sunday,Summer,1
20170724,2017-07-24,2017,7,July,3,30,0,Monday,Summer,0
20170725,2017-07-25,2017,7,July,3,30,1,Tuesday,Summer,0
20170726,2017-07-26,2017,7,July,3,30,2,Wednesday,Summer,0
20170727,2017-07-27,2017,7,July,3,30,3,Thursday,Summer,0
20170728,2017-07-28,2017,7,July,3,30,4,Friday,Summer,0
20170729,2017-07-29,2017,7,July,3,30,5,Saturday,Summer,1
20170730,2017-07-30,2017,7,July,3,30,6,Sunday,Summer,1
20170731,2017-07-31,2017,7,July,3,31,0,Monday,Summer,0
20170801,2017-08-01,2017,8,August,3,31,1,Tuesday,Summer,0
20170802,2017-08-02,2017,8,August,3,31,2,Wednesday,Summer,0
20170803,2017-08-03,2017,8,August,3,31,3,Thursday,Summer,0
20170804,2017-08-04,2017,8,August,3,31,4,Friday,Summer,0
20170805,2017-08-05,2017,8,August,3,31,5,Saturday,Summer,1
20170806,2017-08-06,2017,8,August,3,31,6,Sunday,Summer,1
20170807,2017-08-07,2017,8,August,3,32,0,Monday,Summer,0
20170808,2017-08-08,2017,8,August,3,32,1,Tuesday,Summer,0
20170809,2017-08-09,2017,8,August,3,32,2,Wednesday,Summer,0
20170810,2017-08-10,2017,8,August,3,32,3,Thursday,Summer,0
20170811,2017-08-11,2017,8,August,3,32,4,Friday,Summer,0
20170812,2017-08-12,2017,8,August,3,32,5,Saturday,Summer,1
20170813,2017-08-13,2017,8,August,3,32,6,Sunday,Summer,1
20170814,2017-08-14,2017,8,August,3,33,0,Monday,Summer,0
20170815,2017-08-15,2017,8,August,3,33,1,Tuesday,Summer,0
20170816,2017-08-16,2017,8,August,3,33,2,Wednesday,Summer,0
20170817,2017-08-17,2017,8,August,3,33,3,Thursday,Summer,0
20170818,2017-08-18,2017,8,August,3,33,4,Friday,Summer,0
20170819,2017-08-19,2017,8,August,3,33,5,Saturday,Summer,1
20170820,2017-08-20,2017,8,August,3,33,6,Sunday,Summer,1
20170821,2017-08-21,2017,8,August,3,34,0,Monday,Summer,0
20170822,2017-08-22,2017,8,August,3,34,1,Tuesday,Summer,0
20170823,2017-08-23,2017,8,August,3,34,2,Wednesday,Summer,0
20170824,2017-08-24,2017,8,August,3,34,3,Thursday,Summer,0
20170825,2017-08-25,2017,8,August,3,34,4,Friday,Summer,0
20170826,2017-08-26,2017,8,August,3,34,5,Saturday,Summer,1
20170827,2017-08-27,2017,8,August,3,34,6,Sunday,Summer,1
20170828,2017-08-28,2017,8,August,3,35,0,Monday,Summer,0
20170829,2017-08-29,2017,8,August,3,35,1,Tuesday,Summer,0
20170830,2017-08-30,2017,8,August,3,35,2,Wednesday,Summer,0
20170831,2017-08-31,2017,8,August,3,35,3,Thursday,Summer,0
20170901,2017-09-01,2017,9,September,3,35,4,Friday,Autumn,0
20170902,2017-09-02,2017,9,September,3,35,5,Saturday,Autumn,1
20170903,2017-09-03,2017,9,September,3,35,6,Sunday,Autumn,1
20170904,2017-09-04,2017,9,September,3,36,0,Monday,Autumn,0
20170905,2017-09-05,2017,9,September,3,36,1,Tuesday,Autumn,0
20170906,2017-09-06,2017,9,September,3,36,2,Wednesday,Autumn,0
20170907,2017-09-07,2017,9,September,3,36,3,Thursday,Autumn,0
20170908,2017-09-08,2017,9,September,3,36,4,Friday,Autumn,0
20170909,2017-09-09,2017,9,September,3,36,5,Saturday,Autumn,1
20170910,2017-09-10,2017,9,September,3,36,6,Sunday,Autumn,1
20170911,2017-09-11,2017,9,September,3,37,0,Monday,Autumn,0
20170912,2017-09-12,2017,9,September,3,37,1,Tuesday,Autumn,0
20170913,2017-09-13,2017,9,September,3,37,2,Wednesday,Autumn,0
20170914,2017-09-14,2017,9,September,3,37,3,Thursday,Autumn,0
20170915,2017-09-15,2017,9,September,3,37,4,Friday,Autumn,0
20170916,2017-09-16,2017,9,September,3,37,5,Saturday,Autumn,1
20170917,2017-09-17,2017,9,September,3,37,6,Sunday,Autumn,1
20170918,2017-09-18,2017,9,September,3,38,0,Monday,Autumn,0
20170919,2017-09-19,2017,9,September,3,38,1,Tuesday,Autumn,0
20170920,2017-09-20,2017,9,September,3,38,2,Wednesday,Autumn,0
20170921,2017-09-21,2017,9,September,3,38,3,Thursday,Autumn,0
20170922,2017-09-22,2017,9,September,3,38,4,Friday,Autumn,0
20170923,2017-09-23,2017,9,September,3,38,5,Saturday,Autumn,1
20170924,2017-09-24,2017,9,September,3,38,6,Sunday,Autumn,1
20170925,2017-09-25,2017,9,September,3,39,0,Monday,Autumn,0
20170926,2017-09-26,2017,9,September,3,39,1,Tuesday,Autumn,0
20170927,2017-09-27,2017,9,September,3,39,2,Wednesday,Autumn,0
20170928,2017-09-28,2017,9,September,3,39,3,Thursday,Autumn,0
20170929,2017-09-29,2017,9,September,3,39,4,Friday,Autumn,0
20170930,2017-09-30,2017,9,September,3,39,5,Saturday,Autumn,1
20171001,2017-10-01,2017,10,October,4,39,6,Sunday,Autumn,1
20171002,2017-10-02,2017,10,October,4,40,0,Monday,Autumn,0
20171003,2017-10-03,2017,10,October,4,40,1,Tuesday,Autumn,0
20171004,2017-10-04,2017,10,October,4,40,2,Wednesday,Autumn,0
20171005,2017-10-05,2017,10,October,4,40,3,Thursday,Autumn,0
20171006,2017-10-06,2017,10,October,4,40,4,Friday,Autumn,0
20171007,2017-10-07,2017,10,October,4,40,5,Saturday,Autumn,1
20171008,2017-10-08,2017,10,October,4,40,6,Sunday,Autumn,1
20171009,2017-10-09,2017,10,October,4,41,0,Monday,Autumn,0
20171010,2017-10-10,2017,10,October,4,41,1,Tuesday,Autumn,0
20171011,2017-10-11,2017,10,October,4,41,2,Wednesday,Autumn,0
20171012,2017-10-12,2017,10,October,4,41,3,Thursday,Autumn,0
20171013,2017-10-13,2017,10,October,4,41,4,Friday,Autumn,0
20171014,2017-10-14,2017,10,October,4,41,5,Saturday,Autumn,1
20171015,2017-10-15,2017,10,October,4,41,6,Sunday,Autumn,1
20171016,2017-10-16,2017,10,October,4,42,0,Monday,Autumn,0
20171017,2017-10-17,2017,10,October,4,42,1,Tuesday,Autumn,0
20171018,2017-10-18,2017,10,October,4,42,2,Wednesday,Autumn,0
20171019,2017-10-19,2017,10,October,4,42,3,Thursday,Autumn,0
20171020,2017-10-20,2017,10,October,4,42,4,Friday,Autumn,0
20171021,2017-10-21,2017,10,October,4,42,5,Saturday,Autumn,1
20171022,2017-10-22,2017,10,October,4,42,6,Sunday,Autumn,1
20171023,2017-10-23,2017,10,October,4,43,0,Monday,Autumn,0
20171024,2017-10-24,2017,10,October,4,43,1,Tuesday,Autumn,0
20171025,2017-10-25,2017,10,October,4,43,2,Wednesday,Autumn,0
20171026,2017-10-26,2017,10,October,4,43,3,Thursday,Autumn,0
20171027,2017-10-27,2017,10,October,4,43,4,Friday,Autumn,0
20171028,2017-10-28,2017,10,October,4,43,5,Saturday,Autumn,1
20171029,2017-10-29,2017,10,October,4,43,6,Sunday,Autumn,1
20171030,2017-10-30,2017,10,October,4,44,0,Monday,Autumn,0
20171031,2017-10-31,2017,10,October,4,44,1,Tuesday,Autumn,0
20171101,2017-11-01,2017,11,November,4,44,2,Wednesday,Autumn,0
20171102,2017-11-02,2017,11,November,4,44,3,Thursday,Autumn,0
20171103,2017-11-03,2017,11,November,4,44,4,Friday,Autumn,0
20171104,2017-11-04,2017,11,November,4,44,5,Saturday,Autumn,1
20171105,2017-11-05,2017,11,November,4,44,6,Sunday,Autumn,1
20171106,2017-11-06,2017,11,November,4,45,0,Monday,Autumn,0
20171107,2017-11-07,2017,11,November,4,45,1,Tuesday,Autumn,0
20171108,2017-11-08,2017,11,November,4,45,2,Wednesday,Autumn,0
20171109,2017-11-09,2017,11,November,4,45,3,Thursday,Autumn,0
20171110,2017-11-10,2017,11,November,4,45,4,Friday,Autumn,0
20171111,2017-11-11,2017,11,November,4,45,5,Saturday,Autumn,1
20171112,2017-11-12,2017,11,November,4,45,6,Sunday,Autumn,1
20171113,2017-11-13,2017,11,November,4,46,0,Monday,Autumn,0
20171114,2017-11-14,2017,11,November,4,46,1,Tuesday,Autumn,0
20171115,2017-11-15,2017,11,November,4,46,2,Wednesday,Autumn,0
20171116,2017-11-16,2017,11,November,4,46,3,Thursday,Autumn,0
20171117,2017-11-17,2017,11,November,4,46,4,Friday,Autumn,0
20171118,2017-11-18,2017,11,November,4,46,5,Saturday,Autumn,1
20171119,2017-11-19,2017,11,November,4,46,6,Sunday,Autumn,1
20171120,2017-11-20,2017,11,November,4,47,0,Monday,Autumn,0
20171121,2017-11-21,2017,11,November,4,47,1,Tuesday,Autumn,0
20171122,2017-11-22,2017,11,November,4,47,2,Wednesday,Autumn,0
20171123,2017-11-23,2017,11,November,4,47,3,Thursday,Autumn,0
20171124,2017-11-24,2017,11,November,4,47,4,Friday,Autumn,0
20171125,2017-11-25,2017,11,November,4,47,5,Saturday,Autumn,1
20171126,2017-11-26,2017,11,November,4,47,6,Sunday,Autumn,1
20171127,2017-11-27,2017,11,November,4,48,0,Monday,Autumn,0
20171128,2017-11-28,2017,11,November,4,48,1,Tuesday,Autumn,0
20171129,2017-11-29,2017,11,November,4,48,2,Wednesday,Autumn,0
20171130,2017-11-30,2017,11,November,4,48,3,Thursday,Autumn,0
20171201,2017-12-01,2017,12,December,4,48,4,Friday,Winter,0
20171202,2017-12-02,2017,12,December,4,48,5,Saturday,Winter,1
20171203,2017-12-03,2017,12,December,4,48,6,Sunday,Winter,1
20171204,2017-12-04,2017,12,December,4,49,0,Monday,Winter,0
20171205,2017-12-05,2017,12,December,4,49,1,Tuesday,Winter,0
20171206,2017-12-06,2017,12,December,4,49,2,Wednesday,Winter,0
20171207,2017-12-07,2017,12,December,4,49,3,Thursday,Winter,0
20171208,2017-12-08,2017,12,December,4,49,4,Friday,Winter,0
20171209,2017-12-09,2017,12,December,4,49,5,Saturday,Winter,1
20171210,2017-12-10,2017,12,December,4,49,6,Sunday,Winter,1
20171211,2017-12-11,2017,12,December,4,50,0,Monday,Winter,0
20171212,2017-12-12,2017,12,December,4,50,1,Tuesday,Winter,0
20171213,2017-12-13,2017,12,December,4,50,2,Wednesday,Winter,0
20171214,2017-12-14,2017,12,December,4,50,3,Thursday,Winter,0
20171215,2017-12-15,2017,12,December,4,50,4,Friday,Winter,0
20171216,2017-12-16,2017,12,December,4,50,5,Saturday,Winter,1
20171217,2017-12-17,2017,12,December,4,50,6,Sunday,Winter,1
20171218,2017-12-18,2017,12,December,4,51,0,Monday,Winter,0
20171219,2017-12-19,2017,12,December,4,51,1,Tuesday,Winter,0
20171220,2017-12-20,2017,12,December,4,51,2,Wednesday,Winter,0
20171221,2017-12-21,2017,12,December,4,51,3,Thursday,Winter,0
20171222,2017-12-22,2017,12,December,4,51,4,Friday,Winter,0
20171223,2017-12-23,2017,12,December,4,51,5,Saturday,Winter,1
20171224,2017-12-24,2017,12,December,4,51,6,Sunday,Winter,1
20171225,2017-12-25,2017,12,December,4,52,0,Monday,Winter,0
20171226,2017-12-26,2017,12,December,4,52,1,Tuesday,Winter,0
20171227,2017-12-27,2017,12,December,4,52,2,Wednesday,Winter,0
20171228,2017-12-28,2017,12,December,4,52,3,Thursday,Winter,0
20171229,2017-12-29,2017,12,December,4,52,4,Friday,Winter,0
20171230,2017-12-30,2017,12,December,4,52,5,Saturday,Winter,1
20171231,2017-12-31,2017,12,December,4,52,6,Sunday,Winter,1
20180101,2018-01-01,2018,1,January,1,1,0,Monday,Winter,0
20180102,2018-01-02,2018,1,January,1,1,1,Tuesday,Winter,0
20180103,2018-01-03,2018,1,January,1,1,2,Wednesday,Winter,0
20180104,2018-01-04,2018,1,January,1,1,3,Thursday,Winter,0
20180105,2018-01-05,2018,1,January,1,1,4,Friday,Winter,0
20180106,2018-01-06,2018,1,January,1,1,5,Saturday,Winter,1
20180107,2018-01-07,2018,1,January,1,1,6,Sunday,Winter,1
20180108,2018-01-08,2018,1,January,1,2,0,Monday,Winter,0
20180109,2018-01-09,2018,1,January,1,2,1,Tuesday,Winter,0
20180110,2018-01-10,2018,1,January,1,2,2,Wednesday,Winter,0
20180111,2018-01-11,2018,1,January,1,2,3,Thursday,Winter,0
20180112,2018-01-12,2018,1,January,1,2,4,Friday,Winter,0
20180113,2018-01-13,2018,1,January,1,2,5,Saturday,Winter,1
20180114,2018-01-14,2018,1,January,1,2,6,Sunday,Winter,1
20180115,2018-01-15,2018,1,January,1,3,0,Monday,Winter,0
20180116,2018-01-16,2018,1,January,1,3,1,Tuesday,Winter,0
20180117,2018-01-17,2018,1,January,1,3,2,Wednesday,Winter,0
20180118,2018-01-18,2018,1,January,1,3,3,Thursday,Winter,0
20180119,2018-01-19,2018,1,January,1,3,4,Friday,Winter,0
20180120,2018-01-20,2018,1,January,1,3,5,Saturday,Winter,1
20180121,2018-01-21,2018,1,January,1,3,6,Sunday,Winter,1
20180122,2018-01-22,2018,1,January,1,4,0,Monday,Winter,0
20180123,2018-01-23,2018,1,January,1,4,1,Tuesday,Winter,0
20180124,2018-01-24,2018,1,January,1,4,2,Wednesday,Winter,0
20180125,2018-01-25,2018,1,January,1,4,3,Thursday,Winter,0
20180126,2018-01-26,2018,1,January,1,4,4,Friday,Winter,0
20180127,2018-01-27,2018,1,January,1,4,5,Saturday,Winter,1
20180128,2018-01-28,2018,1,January,1,4,6,Sunday,Winter,1
20180129,2018-01-29,2018,1,January,1,5,0,Monday,Winter,0
20180130,2018-01-30,2018,1,January,1,5,1,Tuesday,Winter,0
20180131,2018-01-31,2018,1,January,1,5,2,Wednesday,Winter,0
20180201,2018-02-01,2018,2,February,1,5,3,Thursday,Winter,0
20180202,2018-02-02,2018,2,February,1,5,4,Friday,Winter,0
20180203,2018-02-03,2018,2,February,1,5,5,Saturday,Winter,1
20180204,2018-02-04,2018,2,February,1,5,6,Sunday,Winter,1
20180205,2018-02-05,2018,2,February,1,6,0,Monday,Winter,0
20180206,2018-02-06,2018,2,February,1,6,1,Tuesday,Winter,0
20180207,2018-02-07,2018,2,February,1,6,2,Wednesday,Winter,0
20180208,2018-02-08,2018,2,February,1,6,3,Thursday,Winter,0
20180209,2018-02-09,2018,2,February,1,6,4,Friday,Winter,0
20180210,2018-02-10,2018,2,February,1,6,5,Saturday,Winter,1
20180211,2018-02-11,2018,2,February,1,6,6,Sunday,Winter,1
20180212,2018-02-12,2018,2,February,1,7,0,Monday,Winter,0
20180213,2018-02-13,2018,2,February,1,7,1,Tuesday,Winter,0
20180214,2018-02-14,2018,2,February,1,7,2,Wednesday,Winter,0
20180215,2018-02-15,2018,2,February,1,7,3,Thursday,Winter,0
20180216,2018-02-16,2018,2,February,1,7,4,Friday,Winter,0
20180217,2018-02-17,2018,2,February,1,7,5,Saturday,Winter,1
20180218,2018-02-18,2018,2,February,1,7,6,Sunday,Winter,1
20180219,2018-02-19,2018,2,February,1,8,0,Monday,Winter,0
20180220,2018-02-20,2018,2,February,1,8,1,Tuesday,Winter,0
20180221,2018-02-21,2018,2,February,1,8,2,Wednesday,Winter,0
20180222,2018-02-22,2018,2,February,1,8,3,Thursday,Winter,0
20180223,2018-02-23,2018,2,February,1,8,4,Friday,Winter,0
20180224,2018-02-24,2018,2,February,1,8,5,Saturday,Winter,1
20180225,2018-02-25,2018,2,February,1,8,6,Sunday,Winter,1
20180226,2018-02-26,2018,2,February,1,9,0,Monday,Winter,0
20180227,2018-02-27,2018,2,February,1,9,1,Tuesday,Winter,0
20180228,2018-02-28,2018,2,February,1,9,2,Wednesday,Winter,0
20180301,2018-03-01,2018,3,March,1,9,3,Thursday,Spring,0
20180302,2018-03-02,2018,3,March,1,9,4,Friday,Spring,0
20180303,2018-03-03,2018,3,March,1,9,5,Saturday,Spring,1
20180304,2018-03-04,2018,3,March,1,9,6,Sunday,Spring,1
20180305,2018-03-05,2018,3,March,1,10,0,Monday,Spring,0
20180306,2018-03-06,2018,3,March,1,10,1,Tuesday,Spring,0
20180307,2018-03-07,2018,3,March,1,10,2,Wednesday,Spring,0
20180308,2018-03-08,2018,3,March,1,10,3,Thursday,Spring,0
20180309,2018-03-09,2018,3,March,1,10,4,Friday,Spring,0
20180310,2018-03-10,2018,3,March,1,10,5,Saturday,Spring,1
20180311,2018-03-11,2018,3,March,1,10,6,Sunday,Spring,1
20180312,2018-03-12,2018,3,March,1,11,0,Monday,Spring,0
20180313,2018-03-13,2018,3,March,1,11,1,Tuesday,Spring,0
20180314,2018-03-14,2018,3,March,1,11,2,Wednesday,Spring,0
20180315,2018-03-15,2018,3,March,1,11,3,Thursday,Spring,0
20180316,2018-03-16,2018,3,March,1,11,4,Friday,Spring,0
20180317,2018-03-17,2018,3,March,1,11,5,Saturday,Spring,1
20180318,2018-03-18,2018,3,March,1,11,6,Sunday,Spring,1
20180319,2018-03-19,2018,3,March,1,12,0,Monday,Spring,0
20180320,2018-03-20,2018,3,March,1,12,1,Tuesday,Spring,0
20180321,2018-03-21,2018,3,March,1,12,2,Wednesday,Spring,0
20180322,2018-03-22,2018,3,March,1,12,3,Thursday,Spring,0
20180323,2018-03-23,2018,3,March,1,12,4,Friday,Spring,0
20180324,2018-03-24,2018,3,March,1,12,5,Saturday,Spring,1
20180325,2018-03-25,2018,3,March,1,12,6,Sunday,Spring,1
20180326,2018-03-26,2018,3,March,1,13,0,Monday,Spring,0
20180327,2018-03-27,2018,3,March,1,13,1,Tuesday,Spring,0
20180328,2018-03-28,2018,3,March,1,13,2,Wednesday,Spring,0
20180329,2018-03-29,2018,3,March,1,13,3,Thursday,Spring,0
20180330,2018-03-30,2018,3,March,1,13,4,Friday,Spring,0
20180331,2018-03-31,2018,3,March,1,13,5,Saturday,Spring,1
20180401,2018-04-01,2018,4,April,2,13,6,Sunday,Spring,1
20180402,2018-04-02,2018,4,April,2,14,0,Monday,Spring,0
20180403,2018-04-03,2018,4,April,2,14,1,Tuesday,Spring,0
20180404,2018-04-04,2018,4,April,2,14,2,Wednesday,Spring,0
20180405,2018-04-05,2018,4,April,2,14,3,Thursday,Spring,0
20180406,2018-04-06,2018,4,April,2,14,4,Friday,Spring,0
20180407,2018-04-07,2018,4,April,2,14,5,Saturday,Spring,1
20180408,2018-04-08,2018,4,April,2,14,6,Sunday,Spring,1
20180409,2018-04-09,2018,4,April,2,15,0,Monday,Spring,0
20180410,2018-04-10,2018,4,April,2,15,1,Tuesday,Spring,0
20180411,2018-04-11,2018,4,April,2,15,2,Wednesday,Spring,0
20180412,2018-04-12,2018,4,April,2,15,3,Thursday,Spring,0
20180413,2018-04-13,2018,4,April,2,15,4,Friday,Spring,0
20180414,2018-04-14,2018,4,April,2,15,5,Saturday,Spring,1
20180415,2018-04-15,2018,4,April,2,15,6,Sunday,Spring,1
20180416,2018-04-16,2018,4,April,2,16,0,Monday,Spring,0
20180417,2018-04-17,2018,4,April,2,16,1,Tuesday,Spring,0
20180418,2018-04-18,2018,4,April,2,16,2,Wednesday,Spring,0
20180419,2018-04-19,2018,4,April,2,16,3,Thursday,Spring,0
20180420,2018-04-20,2018,4,April,2,16,4,Friday,Spring,0
20180421,2018-04-21,2018,4,April,2,16,5,Saturday,Spring,1
20180422,2018-04-22,2018,4,April,2,16,6,Sunday,Spring,1
20180423,2018-04-23,2018,4,April,2,17,0,Monday,Spring,0
20180424,2018-04-24,2018,4,April,2,17,1,Tuesday,Spring,0
20180425,2018-04-25,2018,4,April,2,17,2,Wednesday,Spring,0
20180426,2018-04-26,2018,4,April,2,17,3,Thursday,Spring,0
20180427,2018-04-27,2018,4,April,2,17,4,Friday,Spring,0
20180428,2018-04-28,2018,4,April,2,17,5,Saturday,Spring,1
20180429,2018-04-29,2018,4,April,2,17,6,Sunday,Spring,1
20180430,2018-04-30,2018,4,April,2,18,0,Monday,Spring,0
20180501,2018-05-01,2018,5,May,2,18,1,Tuesday,Spring,0
20180502,2018-05-02,2018,5,May,2,18,2,Wednesday,Spring,0
20180503,2018-05-03,2018,5,May,2,18,3,Thursday,Spring,0
20180504,2018-05-04,2018,5,May,2,18,4,Friday,Spring,0
20180505,2018-05-05,2018,5,May,2,18,5,Saturday,Spring,1
20180506,2018-05-06,2018,5,May,2,18,6,Sunday,Spring,1
20180507,2018-05-07,2018,5,May,2,19,0,Monday,Spring,0
20180508,2018-05-08,2018,5,May,2,19,1,Tuesday,Spring,0
20180509,2018-05-09,2018,5,May,2,19,2,Wednesday,Spring,0
20180510,2018-05-10,2018,5,May,2,19,3,Thursday,Spring,0
20180511,2018-05-11,2018,5,May,2,19,4,Friday,Spring,0
20180512,2018-05-12,2018,5,May,2,19,5,Saturday,Spring,1
20180513,2018-05-13,2018,5,May,2,19,6,Sunday,Spring,1
20180514,2018-05-14,2018,5,May,2,20,0,Monday,Spring,0
20180515,2018-05-15,2018,5,May,2,20,1,Tuesday,Spring,0
20180516,2018-05-16,2018,5,May,2,20,2,Wednesday,Spring,0
20180517,2018-05-17,2018,5,May,2,20,3,Thursday,Spring,0
20180518,2018-05-18,2018,5,May,2,20,4,Friday,Spring,0
20180519,2018-05-19,2018,5,May,2,20,5,Saturday,Spring,1
20180520,2018-05-20,2018,5,May,2,20,6,Sunday,Spring,1
20180521,2018-05-21,2018,5,May,2,21,0,Monday,Spring,0
20180522,2018-05-22,2018,5,May,2,21,1,Tuesday,Spring,0
20180523,2018-05-23,2018,5,May,2,21,2,Wednesday,Spring,0
20180524,2018-05-24,2018,5,May,2,21,3,Thursday,Spring,0
20180525,2018-05-25,2018,5,May,2,21,4,Friday,Spring,0
20180526,2018-05-26,2018,5,May,2,21,5,Saturday,Spring,1
20180527,2018-05-27,2018,5,May,2,21,6,Sunday,Spring,1
20180528,2018-05-28,2018,5,May,2,22,0,Monday,Spring,0
20180529,2018-05-29,2018,5,May,2,22,1,Tuesday,Spring,0
20180530,2018-05-30,2018,5,May,2,22,2,Wednesday,Spring,0
20180531,2018-05-31,2018,5,May,2,22,3,Thursday,Spring,0
20180601,2018-06-01,2018,6,June,2,22,4,Friday,Summer,0
20180602,2018-06-02,2018,6,June,2,22,5,Saturday,Summer,1
20180603,2018-06-03,2018,6,June,2,22,6,Sunday,Summer,1
20180604,2018-06-04,2018,6,June,2,23,0,Monday,Summer,0
20180605,2018-06-05,2018,6,June,2,23,1,Tuesday,Summer,0
20180606,2018-06-06,2018,6,June,2,23,2,Wednesday,Summer,0
20180607,2018-06-07,2018,6,June,2,23,3,Thursday,Summer,0
20180608,2018-06-08,2018,6,June,2,23,4,Friday,Summer,0
20180609,2018-06-09,2018,6,June,2,23,5,Saturday,Summer,1
20180610,2018-06-10,2018,6,June,2,23,6,Sunday,Summer,1
20180611,2018-06-11,2018,6,June,2,24,0,Monday,Summer,0
20180612,2018-06-12,2018,6,June,2,24,1,Tuesday,Summer,0
20180613,2018-06-13,2018,6,June,2,24,2,Wednesday,Summer,0
20180614,2018-06-14,2018,6,June,2,24,3,Thursday,Summer,0
20180615,2018-06-15,2018,6,June,2,24,4,Friday,Summer,0
20180616,2018-06-16,2018,6,June,2,24,5,Saturday,Summer,1
20180617,2018-06-17,2018,6,June,2,24,6,Sunday,Summer,1
20180618,2018-06-18,2018,6,June,2,25,0,Monday,Summer,0
20180619,2018-06-19,2018,6,June,2,25,1,Tuesday,Summer,0
20180620,2018-06-20,2018,6,June,2,25,2,Wednesday,Summer,0
20180621,2018-06-21,2018,6,June,2,25,3,Thursday,Summer,0
20180622,2018-06-22,2018,6,June,2,25,4,Friday,Summer,0
20180623,2018-06-23,2018,6,June,2,25,5,Saturday,Summer,1
20180624,2018-06-24,2018,6,June,2,25,6,Sunday,Summer,1
20180625,2018-06-25,2018,6,June,2,26,0,Monday,Summer,0
20180626,2018-06-26,2018,6,June,2,26,1,Tuesday,Summer,0
20180627,2018-06-27,2018,6,June,2,26,2,Wednesday,Summer,0
20180628,2018-06-28,2018,6,June,2,26,3,Thursday,Summer,0
20180629,2018-06-29,2018,6,June,2,26,4,Friday,Summer,0
20180630,2018-06-30,2018,6,June,2,26,5,Saturday,Summer,1
20180701,2018-07-01,2018,7,July,3,26,6,Sunday,Summer,1
20180702,2018-07-02,2018,7,July,3,27,0,Monday,Summer,0
20180703,2018-07-03,2018,7,July,3,27,1,Tuesday,Summer,0
20180704,2018-07-04,2018,7,July,3,27,2,Wednesday,Summer,0
20180705,2018-07-05,2018,7,July,3,27,3,Thursday,Summer,0
20180706,2018-07-06,2018,7,July,3,27,4,Friday,Summer,0
20180707,2018-07-07,2018,7,July,3,27,5,Saturday,Summer,1
20180708,2018-07-08,2018,7,July,3,27,6,Sunday,Summer,1
20180709,2018-07-09,2018,7,July,3,28,0,Monday,Summer,0
20180710,2018-07-10,2018,7,July,3,28,1,Tuesday,Summer,0
20180711,2018-07-11,2018,7,July,3,28,2,Wednesday,Summer,0
20180712,2018-07-12,2018,7,July,3,28,3,Thursday,Summer,0
20180713,2018-07-13,2018,7,July,3,28,4,Friday,Summer,0
20180714,2018-07-14,2018,7,July,3,28,5,Saturday,Summer,1
20180715,2018-07-15,2018,7,July,3,28,6,Sunday,Summer,1
20180716,2018-07-16,2018,7,July,3,29,0,Monday,Summer,0
20180717,2018-07-17,2018,7,July,3,29,1,Tuesday,Summer,0
20180718,2018-07-18,2018,7,July,3,29,2,Wednesday,Summer,0
20180719,2018-07-19,2018,7,July,3,29,3,Thursday,Summer,0
20180720,2018-07-20,2018,7,July,3,29,4,Friday,Summer,0
20180721,2018-07-21,2018,7,July,3,29,5,Saturday,Summer,1
20180722,2018-07-22,2018,7,July,3,29,6,Sunday,Summer,1
20180723,2018-07-23,2018,7,July,3,30,0,Monday,Summer,0
20180724,2018-07-24,2018,7,July,3,30,1,Tuesday,Summer,0
20180725,2018-07-25,2018,7,July,3,30,2,Wednesday,Summer,0
20180726,2018-07-26,2018,7,July,3,30,3,Thursday,Summer,0
20180727,2018-07-27,2018,7,July,3,30,4,Friday,Summer,0
20180728,2018-07-28,2018,7,July,3,30,5,Saturday,Summer,1
20180729,2018-07-29,2018,7,July,3,30,6,Sunday,Summer,1
20180730,2018-07-30,2018,7,July,3,31,0,Monday,Summer,0
20180731,2018-07-31,2018,7,July,3,31,1,Tuesday,Summer,0
20180801,2018-08-01,2018,8,August,3,31,2,Wednesday,Summer,0
20180802,2018-08-02,2018,8,August,3,31,3,Thursday,Summer,0
20180803,2018-08-03,2018,8,August,3,31,4,Friday,Summer,0
20180804,2018-08-04,2018,8,August,3,31,5,Saturday,Summer,1
20180805,2018-08-05,2018,8,August,3,31,6,Sunday,Summer,1
20180806,2018-08-06,2018,8,August,3,32,0,Monday,Summer,0
20180807,2018-08-07,2018,8,August,3,32,1,Tuesday,Summer,0
20180808,2018-08-08,2018,8,August,3,32,2,Wednesday,Summer,0
20180809,2018-08-09,2018,8,August,3,32,3,Thursday,Summer,0
20180810,2018-08-10,2018,8,August,3,32,4,Friday,Summer,0
20180811,2018-08-11,2018,8,August,3,32,5,Saturday,Summer,1
20180812,2018-08-12,2018,8,August,3,32,6,Sunday,Summer,1
20180813,2018-08-13,2018,8,August,3,33,0,Monday,Summer,0
20180814,2018-08-14,2018,8,August,3,33,1,Tuesday,Summer,0
20180815,2018-08-15,2018,8,August,3,33,2,Wednesday,Summer,0
20180816,2018-08-16,2018,8,August,3,33,3,Thursday,Summer,0
20180817,2018-08-17,2018,8,August,3,33,4,Friday,Summer,0
20180818,2018-08-18,2018,8,August,3,33,5,Saturday,Summer,1
20180819,2018-08-19,2018,8,August,3,33,6,Sunday,Summer,1
20180820,2018-08-20,2018,8,August,3,34,0,Monday,Summer,0
20180821,2018-08-21,2018,8,August,3,34,1,Tuesday,Summer,0
20180822,2018-08-22,2018,8,August,3,34,2,Wednesday,Summer,0
20180823,2018-08-23,2018,8,August,3,34,3,Thursday,Summer,0
20180824,2018-08-24,2018,8,August,3,34,4,Friday,Summer,0
20180825,2018-08-25,2018,8,August,3,34,5,Saturday,Summer,1
20180826,2018-08-26,2018,8,August,3,34,6,Sunday,Summer,1
20180827,2018-08-27,2018,8,August,3,35,0,Monday,Summer,0
20180828,2018-08-28,2018,8,August,3,35,1,Tuesday,Summer,0
20180829,2018-08-29,2018,8,August,3,35,2,Wednesday,Summer,0
20180830,2018-08-30,2018,8,August,3,35,3,Thursday,Summer,0
20180831,2018-08-31,2018,8,August,3,35,4,Friday,Summer,0
20180901,2018-09-01,2018,9,September,3,35,5,Saturday,Autumn,1
20180902,2018-09-02,2018,9,September,3,35,6,Sunday,Autumn,1
20180903,2018-09-03,2018,9,September,3,36,0,Monday,Autumn,0
20180904,2018-09-04,2018,9,September,3,36,1,Tuesday,Autumn,0
20180905,2018-09-05,2018,9,September,3,36,2,Wednesday,Autumn,0
20180906,2018-09-06,2018,9,September,3,36,3,Thursday,Autumn,0
20180907,2018-09-07,2018,9,September,3,36,4,Friday,Autumn,0
20180908,2018-09-08,2018,9,September,3,36,5,Saturday,Autumn,1
20180909,2018-09-09,2018,9,September,3,36,6,Sunday,Autumn,1
20180910,2018-09-10,2018,9,September,3,37,0,Monday,Autumn,0
20180911,2018-09-11,2018,9,September,3,37,1,Tuesday,Autumn,0
20180912,2018-09-12,2018,9,September,3,37,2,Wednesday,Autumn,0
20180913,2018-09-13,2018,9,September,3,37,3,Thursday,Autumn,0
20180914,2018-09-14,2018,9,September,3,37,4,Friday,Autumn,0
20180915,2018-09-15,2018,9,September,3,37,5,Saturday,Autumn,1
20180916,2018-09-16,2018,9,September,3,37,6,Sunday,Autumn,1
20180917,2018-09-17,2018,9,September,3,38,0,Monday,Autumn,0
20180918,2018-09-18,2018,9,September,3,38,1,Tuesday,Autumn,0
20180919,2018-09-19,2018,9,September,3,38,2,Wednesday,Autumn,0
20180920,2018-09-20,2018,9,September,3,38,3,Thursday,Autumn,0
20180921,2018-09-21,2018,9,September,3,38,4,Friday,Autumn,0
20180922,2018-09-22,2018,9,September,3,38,5,Saturday,Autumn,1
20180923,2018-09-23,2018,9,September,3,38,6,Sunday,Autumn,1
20180924,2018-09-24,2018,9,September,3,39,0,Monday,Autumn,0
20180925,2018-09-25,2018,9,September,3,39,1,Tuesday,Autumn,0
20180926,2018-09-26,2018,9,September,3,39,2,Wednesday,Autumn,0
20180927,2018-09-27,2018,9,September,3,39,3,Thursday,Autumn,0
20180928,2018-09-28,2018,9,September,3,39,4,Friday,Autumn,0
20180929,2018-09-29,2018,9,September,3,39,5,Saturday,Autumn,1
20180930,2018-09-30,2018,9,September,3,39,6,Sunday,Autumn,1
20181001,2018-10-01,2018,10,October,4,40,0,Monday,Autumn,0
20181002,2018-10-02,2018,10,October,4,40,1,Tuesday,Autumn,0
20181003,2018-10-03,2018,10,October,4,40,2,Wednesday,Autumn,0
20181004,2018-10-04,2018,10,October,4,40,3,Thursday,Autumn,0
20181005,2018-10-05,2018,10,October,4,40,4,Friday,Autumn,0
20181006,2018-10-06,2018,10,October,4,40,5,Saturday,Autumn,1
20181007,2018-10-07,2018,10,October,4,40,6,Sunday,Autumn,1
20181008,2018-10-08,2018,10,October,4,41,0,Monday,Autumn,0
20181009,2018-10-09,2018,10,October,4,41,1,Tuesday,Autumn,0
20181010,2018-10-10,2018,10,October,4,41,2,Wednesday,Autumn,0
20181011,2018-10-11,2018,10,October,4,41,3,Thursday,Autumn,0
20181012,2018-10-12,2018,10,October,4,41,4,Friday,Autumn,0
20181013,2018-10-13,2018,10,October,4,41,5,Saturday,Autumn,1
20181014,2018-10-14,2018,10,October,4,41,6,Sunday,Autumn,1
20181015,2018-10-15,2018,10,October,4,42,0,Monday,Autumn,0
20181016,2018-10-16,2018,10,October,4,42,1,Tuesday,Autumn,0
20181017,2018-10-17,2018,10,October,4,42,2,Wednesday,Autumn,0
20181018,2018-10-18,2018,10,October,4,42,3,Thursday,Autumn,0
20181019,2018-10-19,2018,10,October,4,42,4,Friday,Autumn,0
20181020,2018-10-20,2018,10,October,4,42,5,Saturday,Autumn,1
20181021,2018-10-21,2018,10,October,4,42,6,Sunday,Autumn,1
20181022,2018-10-22,2018,10,October,4,43,0,Monday,Autumn,0
20181023,2018-10-23,2018,10,October,4,43,1,Tuesday,Autumn,0
20181024,2018-10-24,2018,10,October,4,43,2,Wednesday,Autumn,0
20181025,2018-10-25,2018,10,October,4,43,3,Thursday,Autumn,0
20181026,2018-10-26,2018,10,October,4,43,4,Friday,Autumn,0
20181027,2018-10-27,2018,10,October,4,43,5,Saturday,Autumn,1
20181028,2018-10-28,2018,10,October,4,43,6,Sunday,Autumn,1
20181029,2018-10-29,2018,10,October,4,44,0,Monday,Autumn,0
20181030,2018-10-30,2018,10,October,4,44,1,Tuesday,Autumn,0
20181031,2018-10-31,2018,10,October,4,44,2,Wednesday,Autumn,0
20181101,2018-11-01,2018,11,November,4,44,3,Thursday,Autumn,0
20181102,2018-11-02,2018,11,November,4,44,4,Friday,Autumn,0
20181103,2018-11-03,2018,11,November,4,44,5,Saturday,Autumn,1
20181104,2018-11-04,2018,11,November,4,44,6,Sunday,Autumn,1
20181105,2018-11-05,2018,11,November,4,45,0,Monday,Autumn,0
20181106,2018-11-06,2018,11,November,4,45,1,Tuesday,Autumn,0
20181107,2018-11-07,2018,11,November,4,45,2,Wednesday,Autumn,0
20181108,2018-11-08,2018,11,November,4,45,3,Thursday,Autumn,0
20181109,2018-11-09,2018,11,November,4,45,4,Friday,Autumn,0
20181110,2018-11-10,2018,11,November,4,45,5,Saturday,Autumn,1
20181111,2018-11-11,2018,11,November,4,45,6,Sunday,Autumn,1
20181112,2018-11-12,2018,11,November,4,46,0,Monday,Autumn,0
20181113,2018-11-13,2018,11,November,4,46,1,Tuesday,Autumn,0
20181114,2018-11-14,2018,11,November,4,46,2,Wednesday,Autumn,0
20181115,2018-11-15,2018,11,November,4,46,3,Thursday,Autumn,0
20181116,2018-11-16,2018,11,November,4,46,4,Friday,Autumn,0
20181117,2018-11-17,2018,11,November,4,46,5,Saturday,Autumn,1
20181118,2018-11-18,2018,11,November,4,46,6,Sunday,Autumn,1
20181119,2018-11-19,2018,11,November,4,47,0,Monday,Autumn,0
20181120,2018-11-20,2018,11,November,4,47,1,Tuesday,Autumn,0
20181121,2018-11-21,2018,11,November,4,47,2,Wednesday,Autumn,0
20181122,2018-11-22,2018,11,November,4,47,3,Thursday,Autumn,0
20181123,2018-11-23,2018,11,November,4,47,4,Friday,Autumn,0
20181124,2018-11-24,2018,11,November,4,47,5,Saturday,Autumn,1
20181125,2018-11-25,2018,11,November,4,47,6,Sunday,Autumn,1
20181126,2018-11-26,2018,11,November,4,48,0,Monday,Autumn,0
20181127,2018-11-27,2018,11,November,4,48,1,Tuesday,Autumn,0
20181128,2018-11-28,2018,11,November,4,48,2,Wednesday,Autumn,0
20181129,2018-11-29,2018,11,November,4,48,3,Thursday,Autumn,0
20181130,2018-11-30,2018,11,November,4,48,4,Friday,Autumn,0
20181201,2018-12-01,2018,12,December,4,48,5,Saturday,Winter,1
20181202,2018-12-02,2018,12,December,4,48,6,Sunday,Winter,1
20181203,2018-12-03,2018,12,December,4,49,0,Monday,Winter,0
20181204,2018-12-04,2018,12,December,4,49,1,Tuesday,Winter,0
20181205,2018-12-05,2018,12,December,4,49,2,Wednesday,Winter,0
20181206,2018-12-06,2018,12,December,4,49,3,Thursday,Winter,0
20181207,2018-12-07,2018,12,December,4,49,4,Friday,Winter,0
20181208,2018-12-08,2018,12,December,4,49,5,Saturday,Winter,1
20181209,2018-12-09,2018,12,December,4,49,6,Sunday,Winter,1
20181210,2018-12-10,2018,12,December,4,50,0,Monday,Winter,0
20181211,2018-12-11,2018,12,December,4,50,1,Tuesday,Winter,0
20181212,2018-12-12,2018,12,December,4,50,2,Wednesday,Winter,0
20181213,2018-12-13,2018,12,December,4,50,3,Thursday,Winter,0
20181214,2018-12-14,2018,12,December,4,50,4,Friday,Winter,0
20181215,2018-12-15,2018,12,December,4,50,5,Saturday,Winter,1
20181216,2018-12-16,2018,12,December,4,50,6,Sunday,Winter,1
20181217,2018-12-17,2018,12,December,4,51,0,Monday,Winter,0
20181218,2018-12-18,2018,12,December,4,51,1,Tuesday,Winter,0
20181219,2018-12-19,2018,12,December,4,51,2,Wednesday,Winter,0
20181220,2018-12-20,2018,12,December,4,51,3,Thursday,Winter,0
20181221,2018-12-21,2018,12,December,4,51,4,Friday,Winter,0
20181222,2018-12-22,2018,12,December,4,51,5,Saturday,Winter,1
20181223,2018-12-23,2018,12,December,4,51,6,Sunday,Winter,1
20181224,2018-12-24,2018,12,December,4,52,0,Monday,Winter,0
20181225,2018-12-25,2018,12,December,4,52,1,Tuesday,Winter,0
20181226,2018-12-26,2018,12,December,4,52,2,Wednesday,Winter,0
20181227,2018-12-27,2018,12,December,4,52,3,Thursday,Winter,0
20181228,2018-12-28,2018,12,December,4,52,4,Friday,Winter,0
20181229,2018-12-29,2018,12,December,4,52,5,Saturday,Winter,1
20181230,2018-12-30,2018,12,December,4,52,6,Sunday,Winter,1
20181231,2018-12-31,2018,12,December,4,1,0,Monday,Winter,0
20190101,2019-01-01,2019,1,January,1,1,1,Tuesday,Winter,0
20190102,2019-01-02,2019,1,January,1,1,2,Wednesday,Winter,0
20190103,2019-01-03,2019,1,January,1,1,3,Thursday,Winter,0
20190104,2019-01-04,2019,1,January,1,1,4,Friday,Winter,0
20190105,2019-01-05,2019,1,January,1,1,5,Saturday,Winter,1
20190106,2019-01-06,2019,1,January,1,1,6,Sunday,Winter,1
20190107,2019-01-07,2019,1,January,1,2,0,Monday,Winter,0
20190108,2019-01-08,2019,1,January,1,2,1,Tuesday,Winter,0
20190109,2019-01-09,2019,1,January,1,2,2,Wednesday,Winter,0
20190110,2019-01-10,2019,1,January,1,2,3,Thursday,Winter,0
20190111,2019-01-11,2019,1,January,1,2,4,Friday,Winter,0
20190112,2019-01-12,2019,1,January,1,2,5,Saturday,Winter,1
20190113,2019-01-13,2019,1,January,1,2,6,Sunday,Winter,1
20190114,2019-01-14,2019,1,January,1,3,0,Monday,Winter,0
20190115,2019-01-15,2019,1,January,1,3,1,Tuesday,Winter,0
20190116,2019-01-16,2019,1,January,1,3,2,Wednesday,Winter,0
20190117,2019-01-17,2019,1,January,1,3,3,Thursday,Winter,0
20190118,2019-01-18,2019,1,January,1,3,4,Friday,Winter,0
20190119,2019-01-19,2019,1,January,1,3,5,Saturday,Winter,1
20190120,2019-01-20,2019,1,January,1,3,6,Sunday,Winter,1
20190121,2019-01-21,2019,1,January,1,4,0,Monday,Winter,0
20190122,2019-01-22,2019,1,January,1,4,1,Tuesday,Winter,0
20190123,2019-01-23,2019,1,January,1,4,2,Wednesday,Winter,0
20190124,2019-01-24,2019,1,January,1,4,3,Thursday,Winter,0
20190125,2019-01-25,2019,1,January,1,4,4,Friday,Winter,0
20190126,2019-01-26,2019,1,January,1,4,5,Saturday,Winter,1
20190127,2019-01-27,2019,1,January,1,4,6,Sunday,Winter,1
20190128,2019-01-28,2019,1,January,1,5,0,Monday,Winter,0
20190129,2019-01-29,2019,1,January,1,5,1,Tuesday,Winter,0
20190130,2019-01-30,2019,1,January,1,5,2,Wednesday,Winter,0
20190131,2019-01-31,2019,1,January,1,5,3,Thursday,Winter,0
20190201,2019-02-01,2019,2,February,1,5,4,Friday,Winter,0
20190202,2019-02-02,2019,2,February,1,5,5,Saturday,Winter,1
20190203,2019-02-03,2019,2,February,1,5,6,Sunday,Winter,1
20190204,2019-02-04,2019,2,February,1,6,0,Monday,Winter,0
20190205,2019-02-05,2019,2,February,1,6,1,Tuesday,Winter,0
20190206,2019-02-06,2019,2,February,1,6,2,Wednesday,Winter,0
20190207,2019-02-07,2019,2,February,1,6,3,Thursday,Winter,0
20190208,2019-02-08,2019,2,February,1,6,4,Friday,Winter,0
20190209,2019-02-09,2019,2,February,1,6,5,Saturday,Winter,1
20190210,2019-02-10,2019,2,February,1,6,6,Sunday,Winter,1
20190211,2019-02-11,2019,2,February,1,7,0,Monday,Winter,0
20190212,2019-02-12,2019,2,February,1,7,1,Tuesday,Winter,0
20190213,2019-02-13,2019,2,February,1,7,2,Wednesday,Winter,0
20190214,2019-02-14,2019,2,February,1,7,3,Thursday,Winter,0
20190215,2019-02-15,2019,2,February,1,7,4,Friday,Winter,0
20190216,2019-02-16,2019,2,February,1,7,5,Saturday,Winter,1
20190217,2019-02-17,2019,2,February,1,7,6,Sunday,Winter,1
20190218,2019-02-18,2019,2,February,1,8,0,Monday,Winter,0
20190219,2019-02-19,2019,2,February,1,8,1,Tuesday,Winter,0
20190220,2019-02-20,2019,2,February,1,8,2,Wednesday,Winter,0
20190221,2019-02-21,2019,2,February,1,8,3,Thursday,Winter,0
20190222,2019-02-22,2019,2,February,1,8,4,Friday,Winter,0
20190223,2019-02-23,2019,2,February,1,8,5,Saturday,Winter,1
20190224,2019-02-24,2019,2,February,1,8,6,Sunday,Winter,1
20190225,2019-02-25,2019,2,February,1,9,0,Monday,Winter,0
20190226,2019-02-26,2019,2,February,1,9,1,Tuesday,Winter,0
20190227,2019-02-27,2019,2,February,1,9,2,Wednesday,Winter,0
20190228,2019-02-28,2019,2,February,1,9,3,Thursday,Winter,0
20190301,2019-03-01,2019,3,March,1,9,4,Friday,Spring,0
20190302,2019-03-02,2019,3,March,1,9,5,Saturday,Spring,1
20190303,2019-03-03,2019,3,March,1,9,6,Sunday,Spring,1
20190304,2019-03-04,2019,3,March,1,10,0,Monday,Spring,0
20190305,2019-03-05,2019,3,March,1,10,1,Tuesday,Spring,0
20190306,2019-03-06,2019,3,March,1,10,2,Wednesday,Spring,0
20190307,2019-03-07,2019,3,March,1,10,3,Thursday,Spring,0
20190308,2019-03-08,2019,3,March,1,10,4,Friday,Spring,0
20190309,2019-03-09,2019,3,March,1,10,5,Saturday,Spring,1
20190310,2019-03-10,2019,3,March,1,10,6,Sunday,Spring,1
20190311,2019-03-11,2019,3,March,1,11,0,Monday,Spring,0
20190312,2019-03-12,2019,3,March,1,11,1,Tuesday,Spring,0
20190313,2019-03-13,2019,3,March,1,11,2,Wednesday,Spring,0
20190314,2019-03-14,2019,3,March,1,11,3,Thursday,Spring,0
20190315,2019-03-15,2019,3,March,1,11,4,Friday,Spring,0
20190316,2019-03-16,2019,3,March,1,11,5,Saturday,Spring,1
20190317,2019-03-17,2019,3,March,1,11,6,Sunday,Spring,1
20190318,2019-03-18,2019,3,March,1,12,0,Monday,Spring,0
20190319,2019-03-19,2019,3,March,1,12,1,Tuesday,Spring,0
20190320,2019-03-20,2019,3,March,1,12,2,Wednesday,Spring,0
20190321,2019-03-21,2019,3,March,1,12,3,Thursday,Spring,0
20190322,2019-03-22,2019,3,March,1,12,4,Friday,Spring,0
20190323,2019-03-23,2019,3,March,1,12,5,Saturday,Spring,1
20190324,2019-03-24,2019,3,March,1,12,6,Sunday,Spring,1
20190325,2019-03-25,2019,3,March,1,13,0,Monday,Spring,0
20190326,2019-03-26,2019,3,March,1,13,1,Tuesday,Spring,0
20190327,2019-03-27,2019,3,March,1,13,2,Wednesday,Spring,0
20190328,2019-03-28,2019,3,March,1,13,3,Thursday,Spring,0
20190329,2019-03-29,2019,3,March,1,13,4,Friday,Spring,0
20190330,2019-03-30,2019,3,March,1,13,5,Saturday,Spring,1
20190331,2019-03-31,2019,3,March,1,13,6,Sunday,Spring,1
20190401,2019-04-01,2019,4,April,2,14,0,Monday,Spring,0
20190402,2019-04-02,2019,4,April,2,14,1,Tuesday,Spring,0
20190403,2019-04-03,2019,4,April,2,14,2,Wednesday,Spring,0
20190404,2019-04-04,2019,4,April,2,14,3,Thursday,Spring,0
20190405,2019-04-05,2019,4,April,2,14,4,Friday,Spring,0
20190406,2019-04-06,2019,4,April,2,14,5,Saturday,Spring,1
20190407,2019-04-07,2019,4,April,2,14,6,Sunday,Spring,1
20190408,2019-04-08,2019,4,April,2,15,0,Monday,Spring,0
20190409,2019-04-09,2019,4,April,2,15,1,Tuesday,Spring,0
20190410,2019-04-10,2019,4,April,2,15,2,Wednesday,Spring,0
20190411,2019-04-11,2019,4,April,2,15,3,Thursday,Spring,0
20190412,2019-04-12,2019,4,April,2,15,4,Friday,Spring,0
20190413,2019-04-13,2019,4,April,2,15,5,Saturday,Spring,1
20190414,2019-04-14,2019,4,April,2,15,6,Sunday,Spring,1
20190415,2019-04-15,2019,4,April,2,16,0,Monday,Spring,0
20190416,2019-04-16,2019,4,April,2,16,1,Tuesday,Spring,0
20190417,2019-04-17,2019,4,April,2,16,2,Wednesday,Spring,0
20190418,2019-04-18,2019,4,April,2,16,3,Thursday,Spring,0
20190419,2019-04-19,2019,4,April,2,16,4,Friday,Spring,0
20190420,2019-04-20,2019,4,April,2,16,5,Saturday,Spring,1
20190421,2019-04-21,2019,4,April,2,16,6,Sunday,Spring,1
20190422,2019-04-22,2019,4,April,2,17,0,Monday,Spring,0
20190423,2019-04-23,2019,4,April,2,17,1,Tuesday,Spring,0
20190424,2019-04-24,2019,4,April,2,17,2,Wednesday,Spring,0
20190425,2019-04-25,2019,4,April,2,17,3,Thursday,Spring,0
20190426,2019-04-26,2019,4,April,2,17,4,Friday,Spring,0
20190427,2019-04-27,2019,4,April,2,17,5,Saturday,Spring,1
20190428,2019-04-28,2019,4,April,2,17,6,Sunday,Spring,1
20190429,2019-04-29,2019,4,April,2,18,0,Monday,Spring,0
20190430,2019-04-30,2019,4,April,2,18,1,Tuesday,Spring,0
20190501,2019-05-01,2019,5,May,2,18,2,Wednesday,Spring,0
20190502,2019-05-02,2019,5,May,2,18,3,Thursday,Spring,0
20190503,2019-05-03,2019,5,May,2,18,4,Friday,Spring,0
20190504,2019-05-04,2019,5,May,2,18,5,Saturday,Spring,1
20190505,2019-05-05,2019,5,May,2,18,6,Sunday,Spring,1
20190506,2019-05-06,2019,5,May,2,19,0,Monday,Spring,0
20190507,2019-05-07,2019,5,May,2,19,1,Tuesday,Spring,0
20190508,2019-05-08,2019,5,May,2,19,2,Wednesday,Spring,0
20190509,2019-05-09,2019,5,May,2,19,3,Thursday,Spring,0
20190510,2019-05-10,2019,5,May,2,19,4,Friday,Spring,0
20190511,2019-05-11,2019,5,May,2,19,5,Saturday,Spring,1
20190512,2019-05-12,2019,5,May,2,19,6,Sunday,Spring,1
20190513,2019-05-13,2019,5,May,2,20,0,Monday,Spring,0
20190514,2019-05-14,2019,5,May,2,20,1,Tuesday,Spring,0
20190515,2019-05-15,2019,5,May,2,20,2,Wednesday,Spring,0
20190516,2019-05-16,2019,5,May,2,20,3,Thursday,Spring,0
20190517,2019-05-17,2019,5,May,2,20,4,Friday,Spring,0
20190518,2019-05-18,2019,5,May,2,20,5,Saturday,Spring,1
20190519,2019-05-19,2019,5,May,2,20,6,Sunday,Spring,1
20190520,2019-05-20,2019,5,May,2,21,0,Monday,Spring,0
20190521,2019-05-21,2019,5,May,2,21,1,Tuesday,Spring,0
20190522,2019-05-22,2019,5,May,2,21,2,Wednesday,Spring,0
20190523,2019-05-23,2019,5,May,2,21,3,Thursday,Spring,0
20190524,2019-05-24,2019,5,May,2,21,4,Friday,Spring,0
20190525,2019-05-25,2019,5,May,2,21,5,Saturday,Spring,1
20190526,2019-05-26,2019,5,May,2,21,6,Sunday,Spring,1
20190527,2019-05-27,2019,5,May,2,22,0,Monday,Spring,0
20190528,2019-05-28,2019,5,May,2,22,1,Tuesday,Spring,0
20190529,2019-05-29,2019,5,May,2,22,2,Wednesday,Spring,0
20190530,2019-05-30,2019,5,May,2,22,3,Thursday,Spring,0
20190531,2019-05-31,2019,5,May,2,22,4,Friday,Spring,0
20190601,2019-06-01,2019,6,June,2,22,5,Saturday,Summer,1
20190602,2019-06-02,2019,6,June,2,22,6,Sunday,Summer,1
20190603,2019-06-03,2019,6,June,2,23,0,Monday,Summer,0
20190604,2019-06-04,2019,6,June,2,23,1,Tuesday,Summer,0
20190605,2019-06-05,2019,6,June,2,23,2,Wednesday,Summer,0
20190606,2019-06-06,2019,6,June,2,23,3,Thursday,Summer,0
20190607,2019-06-07,2019,6,June,2,23,4,Friday,Summer,0
20190608,2019-06-08,2019,6,June,2,23,5,Saturday,Summer,1
20190609,2019-06-09,2019,6,June,2,23,6,Sunday,Summer,1
20190610,2019-06-10,2019,6,June,2,24,0,Monday,Summer,0
20190611,2019-06-11,2019,6,June,2,24,1,Tuesday,Summer,0
20190612,2019-06-12,2019,6,June,2,24,2,Wednesday,Summer,0
20190613,2019-06-13,2019,6,June,2,24,3,Thursday,Summer,0
20190614,2019-06-14,2019,6,June,2,24,4,Friday,Summer,0
20190615,2019-06-15,2019,6,June,2,24,5,Saturday,Summer,1
20190616,2019-06-16,2019,6,June,2,24,6,Sunday,Summer,1
20190617,2019-06-17,2019,6,June,2,25,0,Monday,Summer,0
20190618,2019-06-18,2019,6,June,2,25,1,Tuesday,Summer,0
20190619,2019-06-19,2019,6,June,2,25,2,Wednesday,Summer,0
20190620,2019-06-20,2019,6,June,2,25,3,Thursday,Summer,0
20190621,2019-06-21,2019,6,June,2,25,4,Friday,Summer,0
20190622,2019-06-22,2019,6,June,2,25,5,Saturday,Summer,1
20190623,2019-06-23,2019,6,June,2,25,6,Sunday,Summer,1
20190624,2019-06-24,2019,6,June,2,26,0,Monday,Summer,0
20190625,2019-06-25,2019,6,June,2,26,1,Tuesday,Summer,0
20190626,2019-06-26,2019,6,June,2,26,2,Wednesday,Summer,0
20190627,2019-06-27,2019,6,June,2,26,3,Thursday,Summer,0
20190628,2019-06-28,2019,6,June,2,26,4,Friday,Summer,0
20190629,2019-06-29,2019,6,June,2,26,5,Saturday,Summer,1
20190630,2019-06-30,2019,6,June,2,26,6,Sunday,Summer,1
20190701,2019-07-01,2019,7,July,3,27,0,Monday,Summer,0
20190702,2019-07-02,2019,7,July,3,27,1,Tuesday,Summer,0
20190703,2019-07-03,2019,7,July,3,27,2,Wednesday,Summer,0
20190704,2019-07-04,2019,7,July,3,27,3,Thursday,Summer,0
20190705,2019-07-05,2019,7,July,3,27,4,Friday,Summer,0
20190706,2019-07-06,2019,7,July,3,27,5,Saturday,Summer,1
20190707,2019-07-07,2019,7,July,3,27,6,Sunday,Summer,1
20190708,2019-07-08,2019,7,July,3,28,0,Monday,Summer,0
20190709,2019-07-09,2019,7,July,3,28,1,Tuesday,Summer,0
20190710,2019-07-10,2019,7,July,3,28,2,Wednesday,Summer,0
20190711,2019-07-11,2019,7,July,3,28,3,Thursday,Summer,0
20190712,2019-07-12,2019,7,July,3,28,4,Friday,Summer,0
20190713,2019-07-13,2019,7,July,3,28,5,Saturday,Summer,1
20190714,2019-07-14,2019,7,July,3,28,6,Sunday,Summer,1
20190715,2019-07-15,2019,7,July,3,29,0,Monday,Summer,0
20190716,2019-07-16,2019,7,July,3,29,1,Tuesday,Summer,0
20190717,2019-07-17,2019,7,July,3,29,2,Wednesday,Summer,0
20190718,2019-07-18,2019,7,July,3,29,3,Thursday,Summer,0
20190719,2019-07-19,2019,7,July,3,29,4,Friday,Summer,0
20190720,2019-07-20,2019,7,July,3,29,5,Saturday,Summer,1
20190721,2019-07-21,2019,7,July,3,29,6,Sunday,Summer,1
20190722,2019-07-22,2019,7,July,3,30,0,Monday,Summer,0
20190723,2019-07-23,2019,7,July,3,30,1,Tuesday,Summer,0
20190724,2019-07-24,2019,7,July,3,30,2,Wednesday,Summer,0
20190725,2019-07-25,2019,7,July,3,30,3,Thursday,Summer,0
20190726,2019-07-26,2019,7,July,3,30,4,Friday,Summer,0
20190727,2019-07-27,2019,7,July,3,30,5,Saturday,Summer,1
20190728,2019-07-28,2019,7,July,3,30,6,Sunday,Summer,1
20190729,2019-07-29,2019,7,July,3,31,0,Monday,Summer,0
20190730,2019-07-30,2019,7,July,3,31,1,Tuesday,Summer,0
20190731,2019-07-31,2019,7,July,3,31,2,Wednesday,Summer,0
20190801,2019-08-01,2019,8,August,3,31,3,Thursday,Summer,0
20190802,2019-08-02,2019,8,August,3,31,4,Friday,Summer,0
20190803,2019-08-03,2019,8,August,3,31,5,Saturday,Summer,1
20190804,2019-08-04,2019,8,August,3,31,6,Sunday,Summer,1
20190805,2019-08-05,2019,8,August,3,32,0,Monday,Summer,0
20190806,2019-08-06,2019,8,August,3,32,1,Tuesday,Summer,0
20190807,2019-08-07,2019,8,August,3,32,2,Wednesday,Summer,0
20190808,2019-08-08,2019,8,August,3,32,3,Thursday,Summer,0
20190809,2019-08-09,2019,8,August,3,32,4,Friday,Summer,0
20190810,2019-08-10,2019,8,August,3,32,5,Saturday,Summer,1
20190811,2019-08-11,2019,8,August,3,32,6,Sunday,Summer,1
20190812,2019-08-12,2019,8,August,3,33,0,Monday,Summer,0
20190813,2019-08-13,2019,8,August,3,33,1,Tuesday,Summer,0
20190814,2019-08-14,2019,8,August,3,33,2,Wednesday,Summer,0
20190815,2019-08-15,2019,8,August,3,33,3,Thursday,Summer,0
20190816,2019-08-16,2019,8,August,3,33,4,Friday,Summer,0
20190817,2019-08-17,2019,8,August,3,33,5,Saturday,Summer,1
20190818,2019-08-18,2019,8,August,3,33,6,Sunday,Summer,1
20190819,2019-08-19,2019,8,August,3,34,0,Monday,Summer,0
20190820,2019-08-20,2019,8,August,3,34,1,Tuesday,Summer,0
20190821,2019-08-21,2019,8,August,3,34,2,Wednesday,Summer,0
20190822,2019-08-22,2019,8,August,3,34,3,Thursday,Summer,0
20190823,2019-08-23,2019,8,August,3,34,4,Friday,Summer,0
20190824,2019-08-24,2019,8,August,3,34,5,Saturday,Summer,1
20190825,2019-08-25,2019,8,August,3,34,6,Sunday,Summer,1
20190826,2019-08-26,2019,8,August,3,35,0,Monday,Summer,0
20190827,2019-08-27,2019,8,August,3,35,1,Tuesday,Summer,0
20190828,2019-08-28,2019,8,August,3,35,2,Wednesday,Summer,0
20190829,2019-08-29,2019,8,August,3,35,3,Thursday,Summer,0
20190830,2019-08-30,2019,8,August,3,35,4,Friday,Summer,0
20190831,2019-08-31,2019,8,August,3,35,5,Saturday,Summer,1
20190901,2019-09-01,2019,9,September,3,35,6,Sunday,Autumn,1
20190902,2019-09-02,2019,9,September,3,36,0,Monday,Autumn,0
20190903,2019-09-03,2019,9,September,3,36,1,Tuesday,Autumn,0
20190904,2019-09-04,2019,9,September,3,36,2,Wednesday,Autumn,0
20190905,2019-09-05,2019,9,September,3,36,3,Thursday,Autumn,0
20190906,2019-09-06,2019,9,September,3,36,4,Friday,Autumn,0
20190907,2019-09-07,2019,9,September,3,36,5,Saturday,Autumn,1
20190908,2019-09-08,2019,9,September,3,36,6,Sunday,Autumn,1
20190909,2019-09-09,2019,9,September,3,37,0,Monday,Autumn,0
20190910,2019-09-10,2019,9,September,3,37,1,Tuesday,Autumn,0
20190911,2019-09-11,2019,9,September,3,37,2,Wednesday,Autumn,0
20190912,2019-09-12,2019,9,September,3,37,3,Thursday,Autumn,0
20190913,2019-09-13,2019,9,September,3,37,4,Friday,Autumn,0
20190914,2019-09-14,2019,9,September,3,37,5,Saturday,Autumn,1
20190915,2019-09-15,2019,9,September,3,37,6,Sunday,Autumn,1
20190916,2019-09-16,2019,9,September,3,38,0,Monday,Autumn,0
20190917,2019-09-17,2019,9,September,3,38,1,Tuesday,Autumn,0
20190918,2019-09-18,2019,9,September,3,38,2,Wednesday,Autumn,0
20190919,2019-09-19,2019,9,September,3,38,3,Thursday,Autumn,0
20190920,2019-09-20,2019,9,September,3,38,4,Friday,Autumn,0
20190921,2019-09-21,2019,9,September,3,38,5,Saturday,Autumn,1
20190922,2019-09-22,2019,9,September,3,38,6,Sunday,Autumn,1
20190923,2019-09-23,2019,9,September,3,39,0,Monday,Autumn,0
20190924,2019-09-24,2019,9,September,3,39,1,Tuesday,Autumn,0
20190925,2019-09-25,2019,9,September,3,39,2,Wednesday,Autumn,0
20190926,2019-09-26,2019,9,September,3,39,3,Thursday,Autumn,0
20190927,2019-09-27,2019,9,September,3,39,4,Friday,Autumn,0
20190928,2019-09-28,2019,9,September,3,39,5,Saturday,Autumn,1
20190929,2019-09-29,2019,9,September,3,39,6,Sunday,Autumn,1
20190930,2019-09-30,2019,9,September,3,40,0,Monday,Autumn,0
20191001,2019-10-01,2019,10,October,4,40,1,Tuesday,Autumn,0
20191002,2019-10-02,2019,10,October,4,40,2,Wednesday,Autumn,0
20191003,2019-10-03,2019,10,October,4,40,3,Thursday,Autumn,0
20191004,2019-10-04,2019,10,October,4,40,4,Friday,Autumn,0
20191005,2019-10-05,2019,10,October,4,40,5,Saturday,Autumn,1
20191006,2019-10-06,2019,10,October,4,40,6,Sunday,Autumn,1
20191007,2019-10-07,2019,10,October,4,41,0,Monday,Autumn,0
20191008,2019-10-08,2019,10,October,4,41,1,Tuesday,Autumn,0
20191009,2019-10-09,2019,10,October,4,41,2,Wednesday,Autumn,0
20191010,2019-10-10,2019,10,October,4,41,3,Thursday,Autumn,0
20191011,2019-10-11,2019,10,October,4,41,4,Friday,Autumn,0
20191012,2019-10-12,2019,10,October,4,41,5,Saturday,Autumn,1
20191013,2019-10-13,2019,10,October,4,41,6,Sunday,Autumn,1
20191014,2019-10-14,2019,10,October,4,42,0,Monday,Autumn,0
20191015,2019-10-15,2019,10,October,4,42,1,Tuesday,Autumn,0
20191016,2019-10-16,2019,10,October,4,42,2,Wednesday,Autumn,0
20191017,2019-10-17,2019,10,October,4,42,3,Thursday,Autumn,0
20191018,2019-10-18,2019,10,October,4,42,4,Friday,Autumn,0
20191019,2019-10-19,2019,10,October,4,42,5,Saturday,Autumn,1
20191020,2019-10-20,2019,10,October,4,42,6,Sunday,Autumn,1
20191021,2019-10-21,2019,10,October,4,43,0,Monday,Autumn,0
20191022,2019-10-22,2019,10,October,4,43,1,Tuesday,Autumn,0
20191023,2019-10-23,2019,10,October,4,43,2,Wednesday,Autumn,0
20191024,2019-10-24,2019,10,October,4,43,3,Thursday,Autumn,0
20191025,2019-10-25,2019,10,October,4,43,4,Friday,Autumn,0
20191026,2019-10-26,2019,10,October,4,43,5,Saturday,Autumn,1
20191027,2019-10-27,2019,10,October,4,43,6,Sunday,Autumn,1
20191028,2019-10-28,2019,10,October,4,44,0,Monday,Autumn,0
20191029,2019-10-29,2019,10,October,4,44,1,Tuesday,Autumn,0
20191030,2019-10-30,2019,10,October,4,44,2,Wednesday,Autumn,0
20191031,2019-10-31,2019,10,October,4,44,3,Thursday,Autumn,0
20191101,2019-11-01,2019,11,November,4,44,4,Friday,Autumn,0
20191102,2019-11-02,2019,11,November,4,44,5,Saturday,Autumn,1
20191103,2019-11-03,2019,11,November,4,44,6,Sunday,Autumn,1
20191104,2019-11-04,2019,11,November,4,45,0,Monday,Autumn,0
20191105,2019-11-05,2019,11,November,4,45,1,Tuesday,Autumn,0
20191106,2019-11-06,2019,11,November,4,45,2,Wednesday,Autumn,0
20191107,2019-11-07,2019,11,November,4,45,3,Thursday,Autumn,0
20191108,2019-11-08,2019,11,November,4,45,4,Friday,Autumn,0
20191109,2019-11-09,2019,11,November,4,45,5,Saturday,Autumn,1
20191110,2019-11-10,2019,11,November,4,45,6,Sunday,Autumn,1
20191111,2019-11-11,2019,11,November,4,46,0,Monday,Autumn,0
20191112,2019-11-12,2019,11,November,4,46,1,Tuesday,Autumn,0
20191113,2019-11-13,2019,11,November,4,46,2,Wednesday,Autumn,0
20191114,2019-11-14,2019,11,November,4,46,3,Thursday,Autumn,0
20191115,2019-11-15,2019,11,November,4,46,4,Friday,Autumn,0
20191116,2019-11-16,2019,11,November,4,46,5,Saturday,Autumn,1
20191117,2019-11-17,2019,11,November,4,46,6,Sunday,Autumn,1
20191118,2019-11-18,2019,11,November,4,47,0,Monday,Autumn,0
20191119,2019-11-19,2019,11,November,4,47,1,Tuesday,Autumn,0
20191120,2019-11-20,2019,11,November,4,47,2,Wednesday,Autumn,0
20191121,2019-11-21,2019,11,November,4,47,3,Thursday,Autumn,0
20191122,2019-11-22,2019,11,November,4,47,4,Friday,Autumn,0
20191123,2019-11-23,2019,11,November,4,47,5,Saturday,Autumn,1
20191124,2019-11-24,2019,11,November,4,47,6,Sunday,Autumn,1
20191125,2019-11-25,2019,11,November,4,48,0,Monday,Autumn,0
20191126,2019-11-26,2019,11,November,4,48,1,Tuesday,Autumn,0
20191127,2019-11-27,2019,11,November,4,48,2,Wednesday,Autumn,0
20191128,2019-11-28,2019,11,November,4,48,3,Thursday,Autumn,0
20191129,2019-11-29,2019,11,November,4,48,4,Friday,Autumn,0
20191130,2019-11-30,2019,11,November,4,48,5,Saturday,Autumn,1
20191201,2019-12-01,2019,12,December,4,48,6,Sunday,Winter,1
20191202,2019-12-02,2019,12,December,4,49,0,Monday,Winter,0
20191203,2019-12-03,2019,12,December,4,49,1,Tuesday,Winter,0
20191204,2019-12-04,2019,12,December,4,49,2,Wednesday,Winter,0
20191205,2019-12-05,2019,12,December,4,49,3,Thursday,Winter,0
20191206,2019-12-06,2019,12,December,4,49,4,Friday,Winter,0
20191207,2019-12-07,2019,12,December,4,49,5,Saturday,Winter,1
20191208,2019-12-08,2019,12,December,4,49,6,Sunday,Winter,1
20191209,2019-12-09,2019,12,December,4,50,0,Monday,Winter,0
20191210,2019-12-10,2019,12,December,4,50,1,Tuesday,Winter,0
20191211,2019-12-11,2019,12,December,4,50,2,Wednesday,Winter,0
20191212,2019-12-12,2019,12,December,4,50,3,Thursday,Winter,0
20191213,2019-12-13,2019,12,December,4,50,4,Friday,Winter,0
20191214,2019-12-14,2019,12,December,4,50,5,Saturday,Winter,1
20191215,2019-12-15,2019,12,December,4,50,6,Sunday,Winter,1
20191216,2019-12-16,2019,12,December,4,51,0,Monday,Winter,0
20191217,2019-12-17,2019,12,December,4,51,1,Tuesday,Winter,0
20191218,2019-12-18,2019,12,December,4,51,2,Wednesday,Winter,0
20191219,2019-12-19,2019,12,December,4,51,3,Thursday,Winter,0
20191220,2019-12-20,2019,12,December,4,51,4,Friday,Winter,0
20191221,2019-12-21,2019,12,December,4,51,5,Saturday,Winter,1
20191222,2019-12-22,2019,12,December,4,51,6,Sunday,Winter,1
20191223,2019-12-23,2019,12,December,4,52,0,Monday,Winter,0
20191224,2019-12-24,2019,12,December,4,52,1,Tuesday,Winter,0
20191225,2019-12-25,2019,12,December,4,52,2,Wednesday,Winter,0
20191226,2019-12-26,2019,12,December,4,52,3,Thursday,Winter,0
20191227,2019-12-27,2019,12,December,4,52,4,Friday,Winter,0
20191228,2019-12-28,2019,12,December,4,52,5,Saturday,Winter,1
20191229,2019-12-29,2019,12,December,4,52,6,Sunday,Winter,1
20191230,2019-12-30,2019,12,December,4,1,0,Monday,Winter,0
20191231,2019-12-31,2019,12,December,4,1,1,Tuesday,Winter,0
20200101,2020-01-01,2020,1,January,1,1,2,Wednesday,Winter,0
20200102,2020-01-02,2020,1,January,1,1,3,Thursday,Winter,0
20200103,2020-01-03,2020,1,January,1,1,4,Friday,Winter,0
20200104,2020-01-04,2020,1,January,1,1,5,Saturday,Winter,1
20200105,2020-01-05,2020,1,January,1,1,6,Sunday,Winter,1
20200106,2020-01-06,2020,1,January,1,2,0,Monday,Winter,0
20200107,2020-01-07,2020,1,January,1,2,1,Tuesday,Winter,0
20200108,2020-01-08,2020,1,January,1,2,2,Wednesday,Winter,0
20200109,2020-01-09,2020,1,January,1,2,3,Thursday,Winter,0
20200110,2020-01-10,2020,1,January,1,2,4,Friday,Winter,0
20200111,2020-01-11,2020,1,January,1,2,5,Saturday,Winter,1
20200112,2020-01-12,2020,1,January,1,2,6,Sunday,Winter,1
20200113,2020-01-13,2020,1,January,1,3,0,Monday,Winter,0
20200114,2020-01-14,2020,1,January,1,3,1,Tuesday,Winter,0
20200115,2020-01-15,2020,1,January,1,3,2,Wednesday,Winter,0
20200116,2020-01-16,2020,1,January,1,3,3,Thursday,Winter,0
20200117,2020-01-17,2020,1,January,1,3,4,Friday,Winter,0
20200118,2020-01-18,2020,1,January,1,3,5,Saturday,Winter,1
20200119,2020-01-19,2020,1,January,1,3,6,Sunday,Winter,1
20200120,2020-01-20,2020,1,January,1,4,0,Monday,Winter,0
20200121,2020-01-21,2020,1,January,1,4,1,Tuesday,Winter,0
20200122,2020-01-22,2020,1,January,1,4,2,Wednesday,Winter,0
20200123,2020-01-23,2020,1,January,1,4,3,Thursday,Winter,0
20200124,2020-01-24,2020,1,January,1,4,4,Friday,Winter,0
20200125,2020-01-25,2020,1,January,1,4,5,Saturday,Winter,1
20200126,2020-01-26,2020,1,January,1,4,6,Sunday,Winter,1
20200127,2020-01-27,2020,1,January,1,5,0,Monday,Winter,0
20200128,2020-01-28,2020,1,January,1,5,1,Tuesday,Winter,0
20200129,2020-01-29,2020,1,January,1,5,2,Wednesday,Winter,0
20200130,2020-01-30,2020,1,January,1,5,3,Thursday,Winter,0
20200131,2020-01-31,2020,1,January,1,5,4,Friday,Winter,0
20200201,2020-02-01,2020,2,February,1,5,5,Saturday,Winter,1
20200202,2020-02-02,2020,2,February,1,5,6,Sunday,Winter,1
20200203,2020-02-03,2020,2,February,1,6,0,Monday,Winter,0
20200204,2020-02-04,2020,2,February,1,6,1,Tuesday,Winter,0
20200205,2020-02-05,2020,2,February,1,6,2,Wednesday,Winter,0
20200206,2020-02-06,2020,2,February,1,6,3,Thursday,Winter,0
20200207,2020-02-07,2020,2,February,1,6,4,Friday,Winter,0
20200208,2020-02-08,2020,2,February,1,6,5,Saturday,Winter,1
20200209,2020-02-09,2020,2,February,1,6,6,Sunday,Winter,1
20200210,2020-02-10,2020,2,February,1,7,0,Monday,Winter,0
20200211,2020-02-11,2020,2,February,1,7,1,Tuesday,Winter,0
20200212,2020-02-12,2020,2,February,1,7,2,Wednesday,Winter,0
20200213,2020-02-13,2020,2,February,1,7,3,Thursday,Winter,0
20200214,2020-02-14,2020,2,February,1,7,4,Friday,Winter,0
20200215,2020-02-15,2020,2,February,1,7,5,Saturday,Winter,1
20200216,2020-02-16,2020,2,February,1,7,6,Sunday,Winter,1
20200217,2020-02-17,2020,2,February,1,8,0,Monday,Winter,0
20200218,2020-02-18,2020,2,February,1,8,1,Tuesday,Winter,0
20200219,2020-02-19,2020,2,February,1,8,2,Wednesday,Winter,0
20200220,2020-02-20,2020,2,February,1,8,3,Thursday,Winter,0
20200221,2020-02-21,2020,2,February,1,8,4,Friday,Winter,0
20200222,2020-02-22,2020,2,February,1,8,5,Saturday,Winter,1
20200223,2020-02-23,2020,2,February,1,8,6,Sunday,Winter,1
20200224,2020-02-24,2020,2,February,1,9,0,Monday,Winter,0
20200225,2020-02-25,2020,2,February,1,9,1,Tuesday,Winter,0
20200226,2020-02-26,2020,2,February,1,9,2,Wednesday,Winter,0
20200227,2020-02-27,2020,2,February,1,9,3,Thursday,Winter,0
20200228,2020-02-28,2020,2,February,1,9,4,Friday,Winter,0
20200229,2020-02-29,2020,2,February,1,9,5,Saturday,Winter,1
20200301,2020-03-01,2020,3,March,1,9,6,Sunday,Spring,1
20200302,2020-03-02,2020,3,March,1,10,0,Monday,Spring,0
20200303,2020-03-03,2020,3,March,1,10,1,Tuesday,Spring,0
20200304,2020-03-04,2020,3,March,1,10,2,Wednesday,Spring,0
20200305,2020-03-05,2020,3,March,1,10,3,Thursday,Spring,0
20200306,2020-03-06,2020,3,March,1,10,4,Friday,Spring,0
20200307,2020-03-07,2020,3,March,1,10,5,Saturday,Spring,1
20200308,2020-03-08,2020,3,March,1,10,6,Sunday,Spring,1
20200309,2020-03-09,2020,3,March,1,11,0,Monday,Spring,0
20200310,2020-03-10,2020,3,March,1,11,1,Tuesday,Spring,0
20200311,2020-03-11,2020,3,March,1,11,2,Wednesday,Spring,0
20200312,2020-03-12,2020,3,March,1,11,3,Thursday,Spring,0
20200313,2020-03-13,2020,3,March,1,11,4,Friday,Spring,0
20200314,2020-03-14,2020,3,March,1,11,5,Saturday,Spring,1
20200315,2020-03-15,2020,3,March,1,11,6,Sunday,Spring,1
20200316,2020-03-16,2020,3,March,1,12,0,Monday,Spring,0
20200317,2020-03-17,2020,3,March,1,12,1,Tuesday,Spring,0
20200318,2020-03-18,2020,3,March,1,12,2,Wednesday,Spring,0
20200319,2020-03-19,2020,3,March,1,12,3,Thursday,Spring,0
20200320,2020-03-20,2020,3,March,1,12,4,Friday,Spring,0
20200321,2020-03-21,2020,3,March,1,12,5,Saturday,Spring,1
20200322,2020-03-22,2020,3,March,1,12,6,Sunday,Spring,1
20200323,2020-03-23,2020,3,March,1,13,0,Monday,Spring,0
20200324,2020-03-24,2020,3,March,1,13,1,Tuesday,Spring,0
20200325,2020-03-25,2020,3,March,1,13,2,Wednesday,Spring,0
20200326,2020-03-26,2020,3,March,1,13,3,Thursday,Spring,0
20200327,2020-03-27,2020,3,March,1,13,4,Friday,Spring,0
20200328,2020-03-28,2020,3,March,1,13,5,Saturday,Spring,1
20200329,2020-03-29,2020,3,March,1,13,6,Sunday,Spring,1
20200330,2020-03-30,2020,3,March,1,14,0,Monday,Spring,0
20200331,2020-03-31,2020,3,March,1,14,1,Tuesday,Spring,0
20200401,2020-04-01,2020,4,April,2,14,2,Wednesday,Spring,0
20200402,2020-04-02,2020,4,April,2,14,3,Thursday,Spring,0
20200403,2020-04-03,2020,4,April,2,14,4,Friday,Spring,0
20200404,2020-04-04,2020,4,April,2,14,5,Saturday,Spring,1
20200405,2020-04-05,2020,4,April,2,14,6,Sunday,Spring,1
20200406,2020-04-06,2020,4,April,2,15,0,Monday,Spring,0
20200407,2020-04-07,2020,4,April,2,15,1,Tuesday,Spring,0
20200408,2020-04-08,2020,4,April,2,15,2,Wednesday,Spring,0
20200409,2020-04-09,2020,4,April,2,15,3,Thursday,Spring,0
20200410,2020-04-10,2020,4,April,2,15,4,Friday,Spring,0
20200411,2020-04-11,2020,4,April,2,15,5,Saturday,Spring,1
20200412,2020-04-12,2020,4,April,2,15,6,Sunday,Spring,1
20200413,2020-04-13,2020,4,April,2,16,0,Monday,Spring,0
20200414,2020-04-14,2020,4,April,2,16,1,Tuesday,Spring,0
20200415,2020-04-15,2020,4,April,2,16,2,Wednesday,Spring,0
20200416,2020-04-16,2020,4,April,2,16,3,Thursday,Spring,0
20200417,2020-04-17,2020,4,April,2,16,4,Friday,Spring,0
20200418,2020-04-18,2020,4,April,2,16,5,Saturday,Spring,1
20200419,2020-04-19,2020,4,April,2,16,6,Sunday,Spring,1
20200420,2020-04-20,2020,4,April,2,17,0,Monday,Spring,0
20200421,2020-04-21,2020,4,April,2,17,1,Tuesday,Spring,0
20200422,2020-04-22,2020,4,April,2,17,2,Wednesday,Spring,0
20200423,2020-04-23,2020,4,April,2,17,3,Thursday,Spring,0
20200424,2020-04-24,2020,4,April,2,17,4,Friday,Spring,0
20200425,2020-04-25,2020,4,April,2,17,5,Saturday,Spring,1
20200426,2020-04-26,2020,4,April,2,17,6,Sunday,Spring,1
20200427,2020-04-27,2020,4,April,2,18,0,Monday,Spring,0
20200428,2020-04-28,2020,4,April,2,18,1,Tuesday,Spring,0
20200429,2020-04-29,2020,4,April,2,18,2,Wednesday,Spring,0
20200430,2020-04-30,2020,4,April,2,18,3,Thursday,Spring,0
20200501,2020-05-01,2020,5,May,2,18,4,Friday,Spring,0
20200502,2020-05-02,2020,5,May,2,18,5,Saturday,Spring,1
20200503,2020-05-03,2020,5,May,2,18,6,Sunday,Spring,1
20200504,2020-05-04,2020,5,May,2,19,0,Monday,Spring,0
20200505,2020-05-05,2020,5,May,2,19,1,Tuesday,Spring,0
20200506,2020-05-06,2020,5,May,2,19,2,Wednesday,Spring,0
20200507,2020-05-07,2020,5,May,2,19,3,Thursday,Spring,0
20200508,2020-05-08,2020,5,May,2,19,4,Friday,Spring,0
20200509,2020-05-09,2020,5,May,2,19,5,Saturday,Spring,1
20200510,2020-05-10,2020,5,May,2,19,6,Sunday,Spring,1
20200511,2020-05-11,2020,5,May,2,20,0,Monday,Spring,0
20200512,2020-05-12,2020,5,May,2,20,1,Tuesday,Spring,0
20200513,2020-05-13,2020,5,May,2,20,2,Wednesday,Spring,0
20200514,2020-05-14,2020,5,May,2,20,3,Thursday,Spring,0
20200515,2020-05-15,2020,5,May,2,20,4,Friday,Spring,0
20200516,2020-05-16,2020,5,May,2,20,5,Saturday,Spring,1
20200517,2020-05-17,2020,5,May,2,20,6,Sunday,Spring,1
20200518,2020-05-18,2020,5,May,2,21,0,Monday,Spring,0
20200519,2020-05-19,2020,5,May,2,21,1,Tuesday,Spring,0
20200520,2020-05-20,2020,5,May,2,21,2,Wednesday,Spring,0
20200521,2020-05-21,2020,5,May,2,21,3,Thursday,Spring,0
20200522,2020-05-22,2020,5,May,2,21,4,Friday,Spring,0
20200523,2020-05-23,2020,5,May,2,21,5,Saturday,Spring,1
20200524,2020-05-24,2020,5,May,2,21,6,Sunday,Spring,1
20200525,2020-05-25,2020,5,May,2,22,0,Monday,Spring,0
20200526,2020-05-26,2020,5,May,2,22,1,Tuesday,Spring,0
20200527,2020-05-27,2020,5,May,2,22,2,Wednesday,Spring,0
20200528,2020-05-28,2020,5,May,2,22,3,Thursday,Spring,0
20200529,2020-05-29,2020,5,May,2,22,4,Friday,Spring,0
20200530,2020-05-30,2020,5,May,2,22,5,Saturday,Spring,1
20200531,2020-05-31,2020,5,May,2,22,6,Sunday,Spring,1
20200601,2020-06-01,2020,6,June,2,23,0,Monday,Summer,0
20200602,2020-06-02,2020,6,June,2,23,1,Tuesday,Summer,0
20200603,2020-06-03,2020,6,June,2,23,2,Wednesday,Summer,0
20200604,2020-06-04,2020,6,June,2,23,3,Thursday,Summer,0
20200605,2020-06-05,2020,6,June,2,23,4,Friday,Summer,0
20200606,2020-06-06,2020,6,June,2,23,5,Saturday,Summer,1
20200607,2020-06-07,2020,6,June,2,23,6,Sunday,Summer,1
20200608,2020-06-08,2020,6,June,2,24,0,Monday,Summer,0
20200609,2020-06-09,2020,6,June,2,24,1,Tuesday,Summer,0
20200610,2020-06-10,2020,6,June,2,24,2,Wednesday,Summer,0
20200611,2020-06-11,2020,6,June,2,24,3,Thursday,Summer,0
20200612,2020-06-12,2020,6,June,2,24,4,Friday,Summer,0
20200613,2020-06-13,2020,6,June,2,24,5,Saturday,Summer,1
20200614,2020-06-14,2020,6,June,2,24,6,Sunday,Summer,1
20200615,2020-06-15,2020,6,June,2,25,0,Monday,Summer,0
20200616,2020-06-16,2020,6,June,2,25,1,Tuesday,Summer,0
20200617,2020-06-17,2020,6,June,2,25,2,Wednesday,Summer,0
20200618,2020-06-18,2020,6,June,2,25,3,Thursday,Summer,0
20200619,2020-06-19,2020,6,June,2,25,4,Friday,Summer,0
20200620,2020-06-20,2020,6,June,2,25,5,Saturday,Summer,1
20200621,2020-06-21,2020,6,June,2,25,6,Sunday,Summer,1
20200622,2020-06-22,2020,6,June,2,26,0,Monday,Summer,0
20200623,2020-06-23,2020,6,June,2,26,1,Tuesday,Summer,0
20200624,2020-06-24,2020,6,June,2,26,2,Wednesday,Summer,0
20200625,2020-06-25,2020,6,June,2,26,3,Thursday,Summer,0
20200626,2020-06-26,2020,6,June,2,26,4,Friday,Summer,0
20200627,2020-06-27,2020,6,June,2,26,5,Saturday,Summer,1
20200628,2020-06-28,2020,6,June,2,26,6,Sunday,Summer,1
20200629,2020-06-29,2020,6,June,2,27,0,Monday,Summer,0
20200630,2020-06-30,2020,6,June,2,27,1,Tuesday,Summer,0
20200701,2020-07-01,2020,7,July,3,27,2,Wednesday,Summer,0
20200702,2020-07-02,2020,7,July,3,27,3,Thursday,Summer,0
20200703,2020-07-03,2020,7,July,3,27,4,Friday,Summer,0
20200704,2020-07-04,2020,7,July,3,27,5,Saturday,Summer,1
20200705,2020-07-05,2020,7,July,3,27,6,Sunday,Summer,1
20200706,2020-07-06,2020,7,July,3,28,0,Monday,Summer,0
20200707,2020-07-07,2020,7,July,3,28,1,Tuesday,Summer,0
20200708,2020-07-08,2020,7,July,3,28,2,Wednesday,Summer,0
20200709,2020-07-09,2020,7,July,3,28,3,Thursday,Summer,0
20200710,2020-07-10,2020,7,July,3,28,4,Friday,Summer,0
20200711,2020-07-11,2020,7,July,3,28,5,Saturday,Summer,1
20200712,2020-07-12,2020,7,July,3,28,6,Sunday,Summer,1
20200713,2020-07-13,2020,7,July,3,29,0,Monday,Summer,0
20200714,2020-07-14,2020,7,July,3,29,1,Tuesday,Summer,0
20200715,2020-07-15,2020,7,July,3,29,2,Wednesday,Summer,0
20200716,2020-07-16,2020,7,July,3,29,3,Thursday,Summer,0
20200717,2020-07-17,2020,7,July,3,29,4,Friday,Summer,0
20200718,2020-07-18,2020,7,July,3,29,5,Saturday,Summer,1
20200719,2020-07-19,2020,7,July,3,29,6,Sunday,Summer,1
20200720,2020-07-20,2020,7,July,3,30,0,Monday,Summer,0
20200721,2020-07-21,2020,7,July,3,30,1,Tuesday,Summer,0
20200722,2020-07-22,2020,7,July,3,30,2,Wednesday,Summer,0
20200723,2020-07-23,2020,7,July,3,30,3,Thursday,Summer,0
20200724,2020-07-24,2020,7,July,3,30,4,Friday,Summer,0
20200725,2020-07-25,2020,7,July,3,30,5,Saturday,Summer,1
20200726,2020-07-26,2020,7,July,3,30,6,Sunday,Summer,1
20200727,2020-07-27,2020,7,July,3,31,0,Monday,Summer,0
20200728,2020-07-28,2020,7,July,3,31,1,Tuesday,Summer,0
20200729,2020-07-29,2020,7,July,3,31,2,Wednesday,Summer,0
20200730,2020-07-30,2020,7,July,3,31,3,Thursday,Summer,0
20200731,2020-07-31,2020,7,July,3,31,4,Friday,Summer,0
20200801,2020-08-01,2020,8,August,3,31,5,Saturday,Summer,1
20200802,2020-08-02,2020,8,August,3,31,6,Sunday,Summer,1
20200803,2020-08-03,2020,8,August,3,32,0,Monday,Summer,0
20200804,2020-08-04,2020,8,August,3,32,1,Tuesday,Summer,0
20200805,2020-08-05,2020,8,August,3,32,2,Wednesday,Summer,0
20200806,2020-08-06,2020,8,August,3,32,3,Thursday,Summer,0
20200807,2020-08-07,2020,8,August,3,32,4,Friday,Summer,0
20200808,2020-08-08,2020,8,August,3,32,5,Saturday,Summer,1
20200809,2020-08-09,2020,8,August,3,32,6,Sunday,Summer,1
20200810,2020-08-10,2020,8,August,3,33,0,Monday,Summer,0
20200811,2020-08-11,2020,8,August,3,33,1,Tuesday,Summer,0
20200812,2020-08-12,2020,8,August,3,33,2,Wednesday,Summer,0
20200813,2020-08-13,2020,8,August,3,33,3,Thursday,Summer,0
20200814,2020-08-14,2020,8,August,3,33,4,Friday,Summer,0
20200815,2020-08-15,2020,8,August,3,33,5,Saturday,Summer,1
20200816,2020-08-16,2020,8,August,3,33,6,Sunday,Summer,1
20200817,2020-08-17,2020,8,August,3,34,0,Monday,Summer,0
20200818,2020-08-18,2020,8,August,3,34,1,Tuesday,Summer,0
20200819,2020-08-19,2020,8,August,3,34,2,Wednesday,Summer,0
20200820,2020-08-20,2020,8,August,3,34,3,Thursday,Summer,0
20200821,2020-08-21,2020,8,August,3,34,4,Friday,Summer,0
20200822,2020-08-22,2020,8,August,3,34,5,Saturday,Summer,1
20200823,2020-08-23,2020,8,August,3,34,6,Sunday,Summer,1
20200824,2020-08-24,2020,8,August,3,35,0,Monday,Summer,0
20200825,2020-08-25,2020,8,August,3,35,1,Tuesday,Summer,0
20200826,2020-08-26,2020,8,August,3,35,2,Wednesday,Summer,0
20200827,2020-08-27,2020,8,August,3,35,3,Thursday,Summer,0
20200828,2020-08-28,2020,8,August,3,35,4,Friday,Summer,0
20200829,2020-08-29,2020,8,August,3,35,5,Saturday,Summer,1
20200830,2020-08-30,2020,8,August,3,35,6,Sunday,Summer,1
20200831,2020-08-31,2020,8,August,3,36,0,Monday,Summer,0
20200901,2020-09-01,2020,9,September,3,36,1,Tuesday,Autumn,0
20200902,2020-09-02,2020,9,September,3,36,2,Wednesday,Autumn,0
20200903,2020-09-03,2020,9,September,3,36,3,Thursday,Autumn,0
20200904,2020-09-04,2020,9,September,3,36,4,Friday,Autumn,0
20200905,2020-09-05,2020,9,September,3,36,5,Saturday,Autumn,1
20200906,2020-09-06,2020,9,September,3,36,6,Sunday,Autumn,1
20200907,2020-09-07,2020,9,September,3,37,0,Monday,Autumn,0
20200908,2020-09-08,2020,9,September,3,37,1,Tuesday,Autumn,0
20200909,2020-09-09,2020,9,September,3,37,2,Wednesday,Autumn,0
20200910,2020-09-10,2020,9,September,3,37,3,Thursday,Autumn,0
20200911,2020-09-11,2020,9,September,3,37,4,Friday,Autumn,0
20200912,2020-09-12,2020,9,September,3,37,5,Saturday,Autumn,1
20200913,2020-09-13,2020,9,September,3,37,6,Sunday,Autumn,1
20200914,2020-09-14,2020,9,September,3,38,0,Monday,Autumn,0
20200915,2020-09-15,2020,9,September,3,38,1,Tuesday,Autumn,0
20200916,2020-09-16,2020,9,September,3,38,2,Wednesday,Autumn,0
20200917,2020-09-17,2020,9,September,3,38,3,Thursday,Autumn,0
20200918,2020-09-18,2020,9,September,3,38,4,Friday,Autumn,0
20200919,2020-09-19,2020,9,September,3,38,5,Saturday,Autumn,1
20200920,2020-09-20,2020,9,September,3,38,6,Sunday,Autumn,1
20200921,2020-09-21,2020,9,September,3,39,0,Monday,Autumn,0
20200922,2020-09-22,2020,9,September,3,39,1,Tuesday,Autumn,0
20200923,2020-09-23,2020,9,September,3,39,2,Wednesday,Autumn,0
20200924,2020-09-24,2020,9,September,3,39,3,Thursday,Autumn,0
20200925,2020-09-25,2020,9,September,3,39,4,Friday,Autumn,0
20200926,2020-09-26,2020,9,September,3,39,5,Saturday,Autumn,1
20200927,2020-09-27,2020,9,September,3,39,6,Sunday,Autumn,1
20200928,2020-09-28,2020,9,September,3,40,0,Monday,Autumn,0
20200929,2020-09-29,2020,9,September,3,40,1,Tuesday,Autumn,0
20200930,2020-09-30,2020,9,September,3,40,2,Wednesday,Autumn,0
20201001,2020-10-01,2020,10,October,4,40,3,Thursday,Autumn,0
20201002,2020-10-02,2020,10,October,4,40,4,Friday,Autumn,0
20201003,2020-10-03,2020,10,October,4,40,5,Saturday,Autumn,1
20201004,2020-10-04,2020,10,October,4,40,6,Sunday,Autumn,1
20201005,2020-10-05,2020,10,October,4,41,0,Monday,Autumn,0
20201006,2020-10-06,2020,10,October,4,41,1,Tuesday,Autumn,0
20201007,2020-10-07,2020,10,October,4,41,2,Wednesday,Autumn,0
20201008,2020-10-08,2020,10,October,4,41,3,Thursday,Autumn,0
20201009,2020-10-09,2020,10,October,4,41,4,Friday,Autumn,0
20201010,2020-10-10,2020,10,October,4,41,5,Saturday,Autumn,1
20201011,2020-10-11,2020,10,October,4,41,6,Sunday,Autumn,1
20201012,2020-10-12,2020,10,October,4,42,0,Monday,Autumn,0
20201013,2020-10-13,2020,10,October,4,42,1,Tuesday,Autumn,0
20201014,2020-10-14,2020,10,October,4,42,2,Wednesday,Autumn,0
20201015,2020-10-15,2020,10,October,4,42,3,Thursday,Autumn,0
20201016,2020-10-16,2020,10,October,4,42,4,Friday,Autumn,0
20201017,2020-10-17,2020,10,October,4,42,5,Saturday,Autumn,1
20201018,2020-10-18,2020,10,October,4,42,6,Sunday,Autumn,1
20201019,2020-10-19,2020,10,October,4,43,0,Monday,Autumn,0
20201020,2020-10-20,2020,10,October,4,43,1,Tuesday,Autumn,0
20201021,2020-10-21,2020,10,October,4,43,2,Wednesday,Autumn,0
20201022,2020-10-22,2020,10,October,4,43,3,Thursday,Autumn,0
20201023,2020-10-23,2020,10,October,4,43,4,Friday,Autumn,0
20201024,2020-10-24,2020,10,October,4,43,5,Saturday,Autumn,1
20201025,2020-10-25,2020,10,October,4,43,6,Sunday,Autumn,1
20201026,2020-10-26,2020,10,October,4,44,0,Monday,Autumn,0
20201027,2020-10-27,2020,10,October,4,44,1,Tuesday,Autumn,0
20201028,2020-10-28,2020,10,October,4,44,2,Wednesday,Autumn,0
20201029,2020-10-29,2020,10,October,4,44,3,Thursday,Autumn,0
20201030,2020-10-30,2020,10,October,4,44,4,Friday,Autumn,0
20201031,2020-10-31,2020,10,October,4,44,5,Saturday,Autumn,1
20201101,2020-11-01,2020,11,November,4,44,6,Sunday,Autumn,1
20201102,2020-11-02,2020,11,November,4,45,0,Monday,Autumn,0
20201103,2020-11-03,2020,11,November,4,45,1,Tuesday,Autumn,0
20201104,2020-11-04,2020,11,November,4,45,2,Wednesday,Autumn,0
20201105,2020-11-05,2020,11,November,4,45,3,Thursday,Autumn,0
20201106,2020-11-06,2020,11,November,4,45,4,Friday,Autumn,0
20201107,2020-11-07,2020,11,November,4,45,5,Saturday,Autumn,1
20201108,2020-11-08,2020,11,November,4,45,6,Sunday,Autumn,1
20201109,2020-11-09,2020,11,November,4,46,0,Monday,Autumn,0
20201110,2020-11-10,2020,11,November,4,46,1,Tuesday,Autumn,0
20201111,2020-11-11,2020,11,November,4,46,2,Wednesday,Autumn,0
20201112,2020-11-12,2020,11,November,4,46,3,Thursday,Autumn,0
20201113,2020-11-13,2020,11,November,4,46,4,Friday,Autumn,0
20201114,2020-11-14,2020,11,November,4,46,5,Saturday,Autumn,1
20201115,2020-11-15,2020,11,November,4,46,6,Sunday,Autumn,1
20201116,2020-11-16,2020,11,November,4,47,0,Monday,Autumn,0
20201117,2020-11-17,2020,11,November,4,47,1,Tuesday,Autumn,0
20201118,2020-11-18,2020,11,November,4,47,2,Wednesday,Autumn,0
20201119,2020-11-19,2020,11,November,4,47,3,Thursday,Autumn,0
20201120,2020-11-20,2020,11,November,4,47,4,Friday,Autumn,0
20201121,2020-11-21,2020,11,November,4,47,5,Saturday,Autumn,1
20201122,2020-11-22,2020,11,November,4,47,6,Sunday,Autumn,1
20201123,2020-11-23,2020,11,November,4,48,0,Monday,Autumn,0
20201124,2020-11-24,2020,11,November,4,48,1,Tuesday,Autumn,0
20201125,2020-11-25,2020,11,November,4,48,2,Wednesday,Autumn,0
20201126,2020-11-26,2020,11,November,4,48,3,Thursday,Autumn,0
20201127,2020-11-27,2020,11,November,4,48,4,Friday,Autumn,0
20201128,2020-11-28,2020,11,November,4,48,5,Saturday,Autumn,1
20201129,2020-11-29,2020,11,November,4,48,6,Sunday,Autumn,1
20201130,2020-11-30,2020,11,November,4,49,0,Monday,Autumn,0
20201201,2020-12-01,2020,12,December,4,49,1,Tuesday,Winter,0
20201202,2020-12-02,2020,12,December,4,49,2,Wednesday,Winter,0
20201203,2020-12-03,2020,12,December,4,49,3,Thursday,Winter,0
20201204,2020-12-04,2020,12,December,4,49,4,Friday,Winter,0
20201205,2020-12-05,2020,12,December,4,49,5,Saturday,Winter,1
20201206,2020-12-06,2020,12,December,4,49,6,Sunday,Winter,1
20201207,2020-12-07,2020,12,December,4,50,0,Monday,Winter,0
20201208,2020-12-08,2020,12,December,4,50,1,Tuesday,Winter,0
20201209,2020-12-09,2020,12,December,4,50,2,Wednesday,Winter,0
20201210,2020-12-10,2020,12,December,4,50,3,Thursday,Winter,0
20201211,2020-12-11,2020,12,December,4,50,4,Friday,Winter,0
20201212,2020-12-12,2020,12,December,4,50,5,Saturday,Winter,1
20201213,2020-12-13,2020,12,December,4,50,6,Sunday,Winter,1
20201214,2020-12-14,2020,12,December,4,51,0,Monday,Winter,0
20201215,2020-12-15,2020,12,December,4,51,1,Tuesday,Winter,0
20201216,2020-12-16,2020,12,December,4,51,2,Wednesday,Winter,0
20201217,2020-12-17,2020,12,December,4,51,3,Thursday,Winter,0
20201218,2020-12-18,2020,12,December,4,51,4,Friday,Winter,0
20201219,2020-12-19,2020,12,December,4,51,5,Saturday,Winter,1
20201220,2020-12-20,2020,12,December,4,51,6,Sunday,Winter,1
20201221,2020-12-21,2020,12,December,4,52,0,Monday,Winter,0
20201222,2020-12-22,2020,12,December,4,52,1,Tuesday,Winter,0
20201223,2020-12-23,2020,12,December,4,52,2,Wednesday,Winter,0
20201224,2020-12-24,2020,12,December,4,52,3,Thursday,Winter,0
20201225,2020-12-25,2020,12,December,4,52,4,Friday,Winter,0
20201226,2020-12-26,2020,12,December,4,52,5,Saturday,Winter,1
20201227,2020-12-27,2020,12,December,4,52,6,Sunday,Winter,1
20201228,2020-12-28,2020,12,December,4,53,0,Monday,Winter,0
20201229,2020-12-29,2020,12,December,4,53,1,Tuesday,Winter,0
20201230,2020-12-30,2020,12,December,4,53,2,Wednesday,Winter,0
20201231,2020-12-31,2020,12,December,4,53,3,Thursday,Winter,0
20210101,2021-01-01,2021,1,January,1,53,4,Friday,Winter,0
20210102,2021-01-02,2021,1,January,1,53,5,Saturday,Winter,1
20210103,2021-01-03,2021,1,January,1,53,6,Sunday,Winter,1
20210104,2021-01-04,2021,1,January,1,1,0,Monday,Winter,0
20210105,2021-01-05,2021,1,January,1,1,1,Tuesday,Winter,0
20210106,2021-01-06,2021,1,January,1,1,2,Wednesday,Winter,0
20210107,2021-01-07,2021,1,January,1,1,3,Thursday,Winter,0
20210108,2021-01-08,2021,1,January,1,1,4,Friday,Winter,0
20210109,2021-01-09,2021,1,January,1,1,5,Saturday,Winter,1
20210110,2021-01-10,2021,1,January,1,1,6,Sunday,Winter,1
20210111,2021-01-11,2021,1,January,1,2,0,Monday,Winter,0
20210112,2021-01-12,2021,1,January,1,2,1,Tuesday,Winter,0
20210113,2021-01-13,2021,1,January,1,2,2,Wednesday,Winter,0
20210114,2021-01-14,2021,1,January,1,2,3,Thursday,Winter,0
20210115,2021-01-15,2021,1,January,1,2,4,Friday,Winter,0
20210116,2021-01-16,2021,1,January,1,2,5,Saturday,Winter,1
20210117,2021-01-17,2021,1,January,1,2,6,Sunday,Winter,1
20210118,2021-01-18,2021,1,January,1,3,0,Monday,Winter,0
20210119,2021-01-19,2021,1,January,1,3,1,Tuesday,Winter,0
20210120,2021-01-20,2021,1,January,1,3,2,Wednesday,Winter,0
20210121,2021-01-21,2021,1,January,1,3,3,Thursday,Winter,0
20210122,2021-01-22,2021,1,January,1,3,4,Friday,Winter,0
20210123,2021-01-23,2021,1,January,1,3,5,Saturday,Winter,1
20210124,2021-01-24,2021,1,January,1,3,6,Sunday,Winter,1
20210125,2021-01-25,2021,1,January,1,4,0,Monday,Winter,0
20210126,2021-01-26,2021,1,January,1,4,1,Tuesday,Winter,0
20210127,2021-01-27,2021,1,January,1,4,2,Wednesday,Winter,0
20210128,2021-01-28,2021,1,January,1,4,3,Thursday,Winter,0
20210129,2021-01-29,2021,1,January,1,4,4,Friday,Winter,0
20210130,2021-01-30,2021,1,January,1,4,5,Saturday,Winter,1
20210131,2021-01-31,2021,1,January,1,4,6,Sunday,Winter,1
20210201,2021-02-01,2021,2,February,1,5,0,Monday,Winter,0
20210202,2021-02-02,2021,2,February,1,5,1,Tuesday,Winter,0
20210203,2021-02-03,2021,2,February,1,5,2,Wednesday,Winter,0
20210204,2021-02-04,2021,2,February,1,5,3,Thursday,Winter,0
20210205,2021-02-05,2021,2,February,1,5,4,Friday,Winter,0
20210206,2021-02-06,2021,2,February,1,5,5,Saturday,Winter,1
20210207,2021-02-07,2021,2,February,1,5,6,Sunday,Winter,1
20210208,2021-02-08,2021,2,February,1,6,0,Monday,Winter,0
20210209,2021-02-09,2021,2,February,1,6,1,Tuesday,Winter,0
20210210,2021-02-10,2021,2,February,1,6,2,Wednesday,Winter,0
20210211,2021-02-11,2021,2,February,1,6,3,Thursday,Winter,0
20210212,2021-02-12,2021,2,February,1,6,4,Friday,Winter,0
20210213,2021-02-13,2021,2,February,1,6,5,Saturday,Winter,1
20210214,2021-02-14,2021,2,February,1,6,6,Sunday,Winter,1
20210215,2021-02-15,2021,2,February,1,7,0,Monday,Winter,0
20210216,2021-02-16,2021,2,February,1,7,1,Tuesday,Winter,0
20210217,2021-02-17,2021,2,February,1,7,2,Wednesday,Winter,0
20210218,2021-02-18,2021,2,February,1,7,3,Thursday,Winter,0
20210219,2021-02-19,2021,2,February,1,7,4,Friday,Winter,0
20210220,2021-02-20,2021,2,February,1,7,5,Saturday,Winter,1
20210221,2021-02-21,2021,2,February,1,7,6,Sunday,Winter,1
20210222,2021-02-22,2021,2,February,1,8,0,Monday,Winter,0
20210223,2021-02-23,2021,2,February,1,8,1,Tuesday,Winter,0
20210224,2021-02-24,2021,2,February,1,8,2,Wednesday,Winter,0
20210225,2021-02-25,2021,2,February,1,8,3,Thursday,Winter,0
20210226,2021-02-26,2021,2,February,1,8,4,Friday,Winter,0
20210227,2021-02-27,2021,2,February,1,8,5,Saturday,Winter,1
20210228,2021-02-28,2021,2,February,1,8,6,Sunday,Winter,1
20210301,2021-03-01,2021,3,March,1,9,0,Monday,Spring,0
20210302,2021-03-02,2021,3,March,1,9,1,Tuesday,Spring,0
20210303,2021-03-03,2021,3,March,1,9,2,Wednesday,Spring,0
20210304,2021-03-04,2021,3,March,1,9,3,Thursday,Spring,0
20210305,2021-03-05,2021,3,March,1,9,4,Friday,Spring,0
20210306,2021-03-06,2021,3,March,1,9,5,Saturday,Spring,1
20210307,2021-03-07,2021,3,March,1,9,6,Sunday,Spring,1
20210308,2021-03-08,2021,3,March,1,10,0,Monday,Spring,0
20210309,2021-03-09,2021,3,March,1,10,1,Tuesday,Spring,0
20210310,2021-03-10,2021,3,March,1,10,2,Wednesday,Spring,0
20210311,2021-03-11,2021,3,March,1,10,3,Thursday,Spring,0
20210312,2021-03-12,2021,3,March,1,10,4,Friday,Spring,0
20210313,2021-03-13,2021,3,March,1,10,5,Saturday,Spring,1
20210314,2021-03-14,2021,3,March,1,10,6,Sunday,Spring,1
20210315,2021-03-15,2021,3,March,1,11,0,Monday,Spring,0
20210316,2021-03-16,2021,3,March,1,11,1,Tuesday,Spring,0
20210317,2021-03-17,2021,3,March,1,11,2,Wednesday,Spring,0
20210318,2021-03-18,2021,3,March,1,11,3,Thursday,Spring,0
20210319,2021-03-19,2021,3,March,1,11,4,Friday,Spring,0
20210320,2021-03-20,2021,3,March,1,11,5,Saturday,Spring,1
20210321,2021-03-21,2021,3,March,1,11,6,Sunday,Spring,1
20210322,2021-03-22,2021,3,March,1,12,0,Monday,Spring,0
20210323,2021-03-23,2021,3,March,1,12,1,Tuesday,Spring,0
20210324,2021-03-24,2021,3,March,1,12,2,Wednesday,Spring,0
20210325,2021-03-25,2021,3,March,1,12,3,Thursday,Spring,0
20210326,2021-03-26,2021,3,March,1,12,4,Friday,Spring,0
20210327,2021-03-27,2021,3,March,1,12,5,Saturday,Spring,1
20210328,2021-03-28,2021,3,March,1,12,6,Sunday,Spring,1
20210329,2021-03-29,2021,3,March,1,13,0,Monday,Spring,0
20210330,2021-03-30,2021,3,March,1,13,1,Tuesday,Spring,0
20210331,2021-03-31,2021,3,March,1,13,2,Wednesday,Spring,0
20210401,2021-04-01,2021,4,April,2,13,3,Thursday,Spring,0
20210402,2021-04-02,2021,4,April,2,13,4,Friday,Spring,0
20210403,2021-04-03,2021,4,April,2,13,5,Saturday,Spring,1
20210404,2021-04-04,2021,4,April,2,13,6,Sunday,Spring,1
20210405,2021-04-05,2021,4,April,2,14,0,Monday,Spring,0
20210406,2021-04-06,2021,4,April,2,14,1,Tuesday,Spring,0
20210407,2021-04-07,2021,4,April,2,14,2,Wednesday,Spring,0
20210408,2021-04-08,2021,4,April,2,14,3,Thursday,Spring,0
20210409,2021-04-09,2021,4,April,2,14,4,Friday,Spring,0
20210410,2021-04-10,2021,4,April,2,14,5,Saturday,Spring,1
20210411,2021-04-11,2021,4,April,2,14,6,Sunday,Spring,1
20210412,2021-04-12,2021,4,April,2,15,0,Monday,Spring,0
20210413,2021-04-13,2021,4,April,2,15,1,Tuesday,Spring,0
20210414,2021-04-14,2021,4,April,2,15,2,Wednesday,Spring,0
20210415,2021-04-15,2021,4,April,2,15,3,Thursday,Spring,0
20210416,2021-04-16,2021,4,April,2,15,4,Friday,Spring,0
20210417,2021-04-17,2021,4,April,2,15,5,Saturday,Spring,1
20210418,2021-04-18,2021,4,April,2,15,6,Sunday,Spring,1
20210419,2021-04-19,2021,4,April,2,16,0,Monday,Spring,0
20210420,2021-04-20,2021,4,April,2,16,1,Tuesday,Spring,0
20210421,2021-04-21,2021,4,April,2,16,2,Wednesday,Spring,0
20210422,2021-04-22,2021,4,April,2,16,3,Thursday,Spring,0
20210423,2021-04-23,2021,4,April,2,16,4,Friday,Spring,0
20210424,2021-04-24,2021,4,April,2,16,5,Saturday,Spring,1
20210425,2021-04-25,2021,4,April,2,16,6,Sunday,Spring,1
20210426,2021-04-26,2021,4,April,2,17,0,Monday,Spring,0
20210427,2021-04-27,2021,4,April,2,17,1,Tuesday,Spring,0
20210428,2021-04-28,2021,4,April,2,17,2,Wednesday,Spring,0
20210429,2021-04-29,2021,4,April,2,17,3,Thursday,Spring,0
20210430,2021-04-30,2021,4,April,2,17,4,Friday,Spring,0
20210501,2021-05-01,2021,5,May,2,17,5,Saturday,Spring,1
20210502,2021-05-02,2021,5,May,2,17,6,Sunday,Spring,1
20210503,2021-05-03,2021,5,May,2,18,0,Monday,Spring,0
20210504,2021-05-04,2021,5,May,2,18,1,Tuesday,Spring,0
20210505,2021-05-05,2021,5,May,2,18,2,Wednesday,Spring,0
20210506,2021-05-06,2021,5,May,2,18,3,Thursday,Spring,0
20210507,2021-05-07,2021,5,May,2,18,4,Friday,Spring,0
20210508,2021-05-08,2021,5,May,2,18,5,Saturday,Spring,1
20210509,2021-05-09,2021,5,May,2,18,6,Sunday,Spring,1
20210510,2021-05-10,2021,5,May,2,19,0,Monday,Spring,0
20210511,2021-05-11,2021,5,May,2,19,1,Tuesday,Spring,0
20210512,2021-05-12,2021,5,May,2,19,2,Wednesday,Spring,0
20210513,2021-05-13,2021,5,May,2,19,3,Thursday,Spring,0
20210514,2021-05-14,2021,5,May,2,19,4,Friday,Spring,0
20210515,2021-05-15,2021,5,May,2,19,5,Saturday,Spring,1
20210516,2021-05-16,2021,5,May,2,19,6,Sunday,Spring,1
20210517,2021-05-17,2021,5,May,2,20,0,Monday,Spring,0
20210518,2021-05-18,2021,5,May,2,20,1,Tuesday,Spring,0
20210519,2021-05-19,2021,5,May,2,20,2,Wednesday,Spring,0
20210520,2021-05-20,2021,5,May,2,20,3,Thursday,Spring,0
20210521,2021-05-21,2021,5,May,2,20,4,Friday,Spring,0
20210522,2021-05-22,2021,5,May,2,20,5,Saturday,Spring,1
20210523,2021-05-23,2021,5,May,2,20,6,Sunday,Spring,1
20210524,2021-05-24,2021,5,May,2,21,0,Monday,Spring,0
20210525,2021-05-25,2021,5,May,2,21,1,Tuesday,Spring,0
20210526,2021-05-26,2021,5,May,2,21,2,Wednesday,Spring,0
20210527,2021-05-27,2021,5,May,2,21,3,Thursday,Spring,0
20210528,2021-05-28,2021,5,May,2,21,4,Friday,Spring,0
20210529,2021-05-29,2021,5,May,2,21,5,Saturday,Spring,1
20210530,2021-05-30,2021,5,May,2,21,6,Sunday,Spring,1
20210531,2021-05-31,2021,5,May,2,22,0,Monday,Spring,0
20210601,2021-06-01,2021,6,June,2,22,1,Tuesday,Summer,0
20210602,2021-06-02,2021,6,June,2,22,2,Wednesday,Summer,0
20210603,2021-06-03,2021,6,June,2,22,3,Thursday,Summer,0
20210604,2021-06-04,2021,6,June,2,22,4,Friday,Summer,0
20210605,2021-06-05,2021,6,June,2,22,5,Saturday,Summer,1
20210606,2021-06-06,2021,6,June,2,22,6,Sunday,Summer,1
20210607,2021-06-07,2021,6,June,2,23,0,Monday,Summer,0
20210608,2021-06-08,2021,6,June,2,23,1,Tuesday,Summer,0
20210609,2021-06-09,2021,6,June,2,23,2,Wednesday,Summer,0
20210610,2021-06-10,2021,6,June,2,23,3,Thursday,Summer,0
20210611,2021-06-11,2021,6,June,2,23,4,Friday,Summer,0
20210612,2021-06-12,2021,6,June,2,23,5,Saturday,Summer,1
20210613,2021-06-13,2021,6,June,2,23,6,Sunday,Summer,1
20210614,2021-06-14,2021,6,June,2,24,0,Monday,Summer,0
20210615,2021-06-15,2021,6,June,2,24,1,Tuesday,Summer,0
20210616,2021-06-16,2021,6,June,2,24,2,Wednesday,Summer,0
20210617,2021-06-17,2021,6,June,2,24,3,Thursday,Summer,0
20210618,2021-06-18,2021,6,June,2,24,4,Friday,Summer,0
20210619,2021-06-19,2021,6,June,2,24,5,Saturday,Summer,1
20210620,2021-06-20,2021,6,June,2,24,6,Sunday,Summer,1
20210621,2021-06-21,2021,6,June,2,25,0,Monday,Summer,0
20210622,2021-06-22,2021,6,June,2,25,1,Tuesday,Summer,0
20210623,2021-06-23,2021,6,June,2,25,2,Wednesday,Summer,0
20210624,2021-06-24,2021,6,June,2,25,3,Thursday,Summer,0
20210625,2021-06-25,2021,6,June,2,25,4,Friday,Summer,0
20210626,2021-06-26,2021,6,June,2,25,5,Saturday,Summer,1
20210627,2021-06-27,2021,6,June,2,25,6,Sunday,Summer,1
20210628,2021-06-28,2021,6,June,2,26,0,Monday,Summer,0
20210629,2021-06-29,2021,6,June,2,26,1,Tuesday,Summer,0
20210630,2021-06-30,2021,6,June,2,26,2,Wednesday,Summer,0
20210701,2021-07-01,2021,7,July,3,26,3,Thursday,Summer,0
20210702,2021-07-02,2021,7,July,3,26,4,Friday,Summer,0
20210703,2021-07-03,2021,7,July,3,26,5,Saturday,Summer,1
20210704,2021-07-04,2021,7,July,3,26,6,Sunday,Summer,1
20210705,2021-07-05,2021,7,July,3,27,0,Monday,Summer,0
20210706,2021-07-06,2021,7,July,3,27,1,Tuesday,Summer,0
20210707,2021-07-07,2021,7,July,3,27,2,Wednesday,Summer,0
20210708,2021-07-08,2021,7,July,3,27,3,Thursday,Summer,0
20210709,2021-07-09,2021,7,July,3,27,4,Friday,Summer,0
20210710,2021-07-10,2021,7,July,3,27,5,Saturday,Summer,1
20210711,2021-07-11,2021,7,July,3,27,6,Sunday,Summer,1
20210712,2021-07-12,2021,7,July,3,28,0,Monday,Summer,0
20210713,2021-07-13,2021,7,July,3,28,1,Tuesday,Summer,0
20210714,2021-07-14,2021,7,July,3,28,2,Wednesday,Summer,0
20210715,2021-07-15,2021,7,July,3,28,3,Thursday,Summer,0
20210716,2021-07-16,2021,7,July,3,28,4,Friday,Summer,0
20210717,2021-07-17,2021,7,July,3,28,5,Saturday,Summer,1
20210718,2021-07-18,2021,7,July,3,28,6,Sunday,Summer,1
20210719,2021-07-19,2021,7,July,3,29,0,Monday,Summer,0
20210720,2021-07-20,2021,7,July,3,29,1,Tuesday,Summer,0
20210721,2021-07-21,2021,7,July,3,29,2,Wednesday,Summer,0
20210722,2021-07-22,2021,7,July,3,29,3,Thursday,Summer,0
20210723,2021-07-23,2021,7,July,3,29,4,Friday,Summer,0
20210724,2021-07-24,2021,7,July,3,29,5,Saturday,Summer,1
20210725,2021-07-25,2021,7,July,3,29,6,Sunday,Summer,1
20210726,2021-07-26,2021,7,July,3,30,0,Monday,Summer,0
20210727,2021-07-27,2021,7,July,3,30,1,Tuesday,Summer,0
20210728,2021-07-28,2021,7,July,3,30,2,Wednesday,Summer,0
20210729,2021-07-29,2021,7,July,3,30,3,Thursday,Summer,0
20210730,2021-07-30,2021,7,July,3,30,4,Friday,Summer,0
20210731,2021-07-31,2021,7,July,3,30,5,Saturday,Summer,1
20210801,2021-08-01,2021,8,August,3,30,6,Sunday,Summer,1
20210802,2021-08-02,2021,8,August,3,31,0,Monday,Summer,0
20210803,2021-08-03,2021,8,August,3,31,1,Tuesday,Summer,0
20210804,2021-08-04,2021,8,August,3,31,2,Wednesday,Summer,0
20210805,2021-08-05,2021,8,August,3,31,3,Thursday,Summer,0
20210806,2021-08-06,2021,8,August,3,31,4,Friday,Summer,0
20210807,2021-08-07,2021,8,August,3,31,5,Saturday,Summer,1
20210808,2021-08-08,2021,8,August,3,31,6,Sunday,Summer,1
20210809,2021-08-09,2021,8,August,3,32,0,Monday,Summer,0
20210810,2021-08-10,2021,8,August,3,32,1,Tuesday,Summer,0
20210811,2021-08-11,2021,8,August,3,32,2,Wednesday,Summer,0
20210812,2021-08-12,2021,8,August,3,32,3,Thursday,Summer,0
20210813,2021-08-13,2021,8,August,3,32,4,Friday,Summer,0
20210814,2021-08-14,2021,8,August,3,32,5,Saturday,Summer,1
20210815,2021-08-15,2021,8,August,3,32,6,Sunday,Summer,1
20210816,2021-08-16,2021,8,August,3,33,0,Monday,Summer,0
20210817,2021-08-17,2021,8,August,3,33,1,Tuesday,Summer,0
20210818,2021-08-18,2021,8,August,3,33,2,Wednesday,Summer,0
20210819,2021-08-19,2021,8,August,3,33,3,Thursday,Summer,0
20210820,2021-08-20,2021,8,August,3,33,4,Friday,Summer,0
20210821,2021-08-21,2021,8,August,3,33,5,Saturday,Summer,1
20210822,2021-08-22,2021,8,August,3,33,6,Sunday,Summer,1
20210823,2021-08-23,2021,8,August,3,34,0,Monday,Summer,0
20210824,2021-08-24,2021,8,August,3,34,1,Tuesday,Summer,0
20210825,2021-08-25,2021,8,August,3,34,2,Wednesday,Summer,0
20210826,2021-08-26,2021,8,August,3,34,3,Thursday,Summer,0
20210827,2021-08-27,2021,8,August,3,34,4,Friday,Summer,0
20210828,2021-08-28,2021,8,August,3,34,5,Saturday,Summer,1
20210829,2021-08-29,2021,8,August,3,34,6,Sunday,Summer,1
20210830,2021-08-30,2021,8,August,3,35,0,Monday,Summer,0
20210831,2021-08-31,2021,8,August,3,35,1,Tuesday,Summer,0
20210901,2021-09-01,2021,9,September,3,35,2,Wednesday,Autumn,0
20210902,2021-09-02,2021,9,September,3,35,3,Thursday,Autumn,0
20210903,2021-09-03,2021,9,September,3,35,4,Friday,Autumn,0
20210904,2021-09-04,2021,9,September,3,35,5,Saturday,Autumn,1
20210905,2021-09-05,2021,9,September,3,35,6,Sunday,Autumn,1
20210906,2021-09-06,2021,9,September,3,36,0,Monday,Autumn,0
20210907,2021-09-07,2021,9,September,3,36,1,Tuesday,Autumn,0
20210908,2021-09-08,2021,9,September,3,36,2,Wednesday,Autumn,0
20210909,2021-09-09,2021,9,September,3,36,3,Thursday,Autumn,0
20210910,2021-09-10,2021,9,September,3,36,4,Friday,Autumn,0
20210911,2021-09-11,2021,9,September,3,36,5,Saturday,Autumn,1
20210912,2021-09-12,2021,9,September,3,36,6,Sunday,Autumn,1
20210913,2021-09-13,2021,9,September,3,37,0,Monday,Autumn,0
20210914,2021-09-14,2021,9,September,3,37,1,Tuesday,Autumn,0
20210915,2021-09-15,2021,9,September,3,37,2,Wednesday,Autumn,0
20210916,2021-09-16,2021,9,September,3,37,3,Thursday,Autumn,0
20210917,2021-09-17,2021,9,September,3,37,4,Friday,Autumn,0
20210918,2021-09-18,2021,9,September,3,37,5,Saturday,Autumn,1
20210919,2021-09-19,2021,9,September,3,37,6,Sunday,Autumn,1
20210920,2021-09-20,2021,9,September,3,38,0,Monday,Autumn,0
20210921,2021-09-21,2021,9,September,3,38,1,Tuesday,Autumn,0
20210922,2021-09-22,2021,9,September,3,38,2,Wednesday,Autumn,0
20210923,2021-09-23,2021,9,September,3,38,3,Thursday,Autumn,0
20210924,2021-09-24,2021,9,September,3,38,4,Friday,Autumn,0
20210925,2021-09-25,2021,9,September,3,38,5,Saturday,Autumn,1
20210926,2021-09-26,2021,9,September,3,38,6,Sunday,Autumn,1
20210927,2021-09-27,2021,9,September,3,39,0,Monday,Autumn,0
20210928,2021-09-28,2021,9,September,3,39,1,Tuesday,Autumn,0
20210929,2021-09-29,2021,9,September,3,39,2,Wednesday,Autumn,0
20210930,2021-09-30,2021,9,September,3,39,3,Thursday,Autumn,0
20211001,2021-10-01,2021,10,October,4,39,4,Friday,Autumn,0
20211002,2021-10-02,2021,10,October,4,39,5,Saturday,Autumn,1
20211003,2021-10-03,2021,10,October,4,39,6,Sunday,Autumn,1
20211004,2021-10-04,2021,10,October,4,40,0,Monday,Autumn,0
20211005,2021-10-05,2021,10,October,4,40,1,Tuesday,Autumn,0
20211006,2021-10-06,2021,10,October,4,40,2,Wednesday,Autumn,0
20211007,2021-10-07,2021,10,October,4,40,3,Thursday,Autumn,0
20211008,2021-10-08,2021,10,October,4,40,4,Friday,Autumn,0
20211009,2021-10-09,2021,10,October,4,40,5,Saturday,Autumn,1
20211010,2021-10-10,2021,10,October,4,40,6,Sunday,Autumn,1
20211011,2021-10-11,2021,10,October,4,41,0,Monday,Autumn,0
20211012,2021-10-12,2021,10,October,4,41,1,Tuesday,Autumn,0
20211013,2021-10-13,2021,10,October,4,41,2,Wednesday,Autumn,0
20211014,2021-10-14,2021,10,October,4,41,3,Thursday,Autumn,0
20211015,2021-10-15,2021,10,October,4,41,4,Friday,Autumn,0
20211016,2021-10-16,2021,10,October,4,41,5,Saturday,Autumn,1
20211017,2021-10-17,2021,10,October,4,41,6,Sunday,Autumn,1
20211018,2021-10-18,2021,10,October,4,42,0,Monday,Autumn,0
20211019,2021-10-19,2021,10,October,4,42,1,Tuesday,Autumn,0
20211020,2021-10-20,2021,10,October,4,42,2,Wednesday,Autumn,0
20211021,2021-10-21,2021,10,October,4,42,3,Thursday,Autumn,0
20211022,2021-10-22,2021,10,October,4,42,4,Friday,Autumn,0
20211023,2021-10-23,2021,10,October,4,42,5,Saturday,Autumn,1
20211024,2021-10-24,2021,10,October,4,42,6,Sunday,Autumn,1
20211025,2021-10-25,2021,10,October,4,43,0,Monday,Autumn,0
20211026,2021-10-26,2021,10,October,4,43,1,Tuesday,Autumn,0
20211027,2021-10-27,2021,10,October,4,43,2,Wednesday,Autumn,0
20211028,2021-10-28,2021,10,October,4,43,3,Thursday,Autumn,0
20211029,2021-10-29,2021,10,October,4,43,4,Friday,Autumn,0
20211030,2021-10-30,2021,10,October,4,43,5,Saturday,Autumn,1
20211031,2021-10-31,2021,10,October,4,43,6,Sunday,Autumn,1
20211101,2021-11-01,2021,11,November,4,44,0,Monday,Autumn,0
20211102,2021-11-02,2021,11,November,4,44,1,Tuesday,Autumn,0
20211103,2021-11-03,2021,11,November,4,44,2,Wednesday,Autumn,0
20211104,2021-11-04,2021,11,November,4,44,3,Thursday,Autumn,0
20211105,2021-11-05,2021,11,November,4,44,4,Friday,Autumn,0
20211106,2021-11-06,2021,11,November,4,44,5,Saturday,Autumn,1
20211107,2021-11-07,2021,11,November,4,44,6,Sunday,Autumn,1
20211108,2021-11-08,2021,11,November,4,45,0,Monday,Autumn,0
20211109,2021-11-09,2021,11,November,4,45,1,Tuesday,Autumn,0
20211110,2021-11-10,2021,11,November,4,45,2,Wednesday,Autumn,0
20211111,2021-11-11,2021,11,November,4,45,3,Thursday,Autumn,0
20211112,2021-11-12,2021,11,November,4,45,4,Friday,Autumn,0
20211113,2021-11-13,2021,11,November,4,45,5,Saturday,Autumn,1
20211114,2021-11-14,2021,11,November,4,45,6,Sunday,Autumn,1
20211115,2021-11-15,2021,11,November,4,46,0,Monday,Autumn,0
20211116,2021-11-16,2021,11,November,4,46,1,Tuesday,Autumn,0
20211117,2021-11-17,2021,11,November,4,46,2,Wednesday,Autumn,0
20211118,2021-11-18,2021,11,November,4,46,3,Thursday,Autumn,0
20211119,2021-11-19,2021,11,November,4,46,4,Friday,Autumn,0
20211120,2021-11-20,2021,11,November,4,46,5,Saturday,Autumn,1
20211121,2021-11-21,2021,11,November,4,46,6,Sunday,Autumn,1
20211122,2021-11-22,2021,11,November,4,47,0,Monday,Autumn,0
20211123,2021-11-23,2021,11,November,4,47,1,Tuesday,Autumn,0
20211124,2021-11-24,2021,11,November,4,47,2,Wednesday,Autumn,0
20211125,2021-11-25,2021,11,November,4,47,3,Thursday,Autumn,0
20211126,2021-11-26,2021,11,November,4,47,4,Friday,Autumn,0
20211127,2021-11-27,2021,11,November,4,47,5,Saturday,Autumn,1
20211128,2021-11-28,2021,11,November,4,47,6,Sunday,Autumn,1
20211129,2021-11-29,2021,11,November,4,48,0,Monday,Autumn,0
20211130,2021-11-30,2021,11,November,4,48,1,Tuesday,Autumn,0
20211201,2021-12-01,2021,12,December,4,48,2,Wednesday,Winter,0
20211202,2021-12-02,2021,12,December,4,48,3,Thursday,Winter,0
20211203,2021-12-03,2021,12,December,4,48,4,Friday,Winter,0
20211204,2021-12-04,2021,12,December,4,48,5,Saturday,Winter,1
20211205,2021-12-05,2021,12,December,4,48,6,Sunday,Winter,1
20211206,2021-12-06,2021,12,December,4,49,0,Monday,Winter,0
20211207,2021-12-07,2021,12,December,4,49,1,Tuesday,Winter,0
20211208,2021-12-08,2021,12,December,4,49,2,Wednesday,Winter,0
20211209,2021-12-09,2021,12,December,4,49,3,Thursday,Winter,0
20211210,2021-12-10,2021,12,December,4,49,4,Friday,Winter,0
20211211,2021-12-11,2021,12,December,4,49,5,Saturday,Winter,1
20211212,2021-12-12,2021,12,December,4,49,6,Sunday,Winter,1
20211213,2021-12-13,2021,12,December,4,50,0,Monday,Winter,0
20211214,2021-12-14,2021,12,December,4,50,1,Tuesday,Winter,0
20211215,2021-12-15,2021,12,December,4,50,2,Wednesday,Winter,0
20211216,2021-12-16,2021,12,December,4,50,3,Thursday,Winter,0
20211217,2021-12-17,2021,12,December,4,50,4,Friday,Winter,0
20211218,2021-12-18,2021,12,December,4,50,5,Saturday,Winter,1
20211219,2021-12-19,2021,12,December,4,50,6,Sunday,Winter,1
20211220,2021-12-20,2021,12,December,4,51,0,Monday,Winter,0
20211221,2021-12-21,2021,12,December,4,51,1,Tuesday,Winter,0
20211222,2021-12-22,2021,12,December,4,51,2,Wednesday,Winter,0
20211223,2021-12-23,2021,12,December,4,51,3,Thursday,Winter,0
20211224,2021-12-24,2021,12,December,4,51,4,Friday,Winter,0
20211225,2021-12-25,2021,12,December,4,51,5,Saturday,Winter,1
20211226,2021-12-26,2021,12,December,4,51,6,Sunday,Winter,1
20211227,2021-12-27,2021,12,December,4,52,0,Monday,Winter,0
20211228,2021-12-28,2021,12,December,4,52,1,Tuesday,Winter,0
20211229,2021-12-29,2021,12,December,4,52,2,Wednesday,Winter,0
20211230,2021-12-30,2021,12,December,4,52,3,Thursday,Winter,0
20211231,2021-12-31,2021,12,December,4,52,4,Friday,Winter,0
20220101,2022-01-01,2022,1,January,1,52,5,Saturday,Winter,1
20220102,2022-01-02,2022,1,January,1,52,6,Sunday,Winter,1
20220103,2022-01-03,2022,1,January,1,1,0,Monday,Winter,0
20220104,2022-01-04,2022,1,January,1,1,1,Tuesday,Winter,0
20220105,2022-01-05,2022,1,January,1,1,2,Wednesday,Winter,0
20220106,2022-01-06,2022,1,January,1,1,3,Thursday,Winter,0
20220107,2022-01-07,2022,1,January,1,1,4,Friday,Winter,0
20220108,2022-01-08,2022,1,January,1,1,5,Saturday,Winter,1
20220109,2022-01-09,2022,1,January,1,1,6,Sunday,Winter,1
20220110,2022-01-10,2022,1,January,1,2,0,Monday,Winter,0
20220111,2022-01-11,2022,1,January,1,2,1,Tuesday,Winter,0
20220112,2022-01-12,2022,1,January,1,2,2,Wednesday,Winter,0
20220113,2022-01-13,2022,1,January,1,2,3,Thursday,Winter,0
20220114,2022-01-14,2022,1,January,1,2,4,Friday,Winter,0
20220115,2022-01-15,2022,1,January,1,2,5,Saturday,Winter,1
20220116,2022-01-16,2022,1,January,1,2,6,Sunday,Winter,1
20220117,2022-01-17,2022,1,January,1,3,0,Monday,Winter,0
20220118,2022-01-18,2022,1,January,1,3,1,Tuesday,Winter,0
20220119,2022-01-19,2022,1,January,1,3,2,Wednesday,Winter,0
20220120,2022-01-20,2022,1,January,1,3,3,Thursday,Winter,0
20220121,2022-01-21,2022,1,January,1,3,4,Friday,Winter,0
20220122,2022-01-22,2022,1,January,1,3,5,Saturday,Winter,1
20220123,2022-01-23,2022,1,January,1,3,6,Sunday,Winter,1
20220124,2022-01-24,2022,1,January,1,4,0,Monday,Winter,0
20220125,2022-01-25,2022,1,January,1,4,1,Tuesday,Winter,0
20220126,2022-01-26,2022,1,January,1,4,2,Wednesday,Winter,0
20220127,2022-01-27,2022,1,January,1,4,3,Thursday,Winter,0
20220128,2022-01-28,2022,1,January,1,4,4,Friday,Winter,0
20220129,2022-01-29,2022,1,January,1,4,5,Saturday,Winter,1
20220130,2022-01-30,2022,1,January,1,4,6,Sunday,Winter,1
20220131,2022-01-31,2022,1,January,1,5,0,Monday,Winter,0
20220201,2022-02-01,2022,2,February,1,5,1,Tuesday,Winter,0
20220202,2022-02-02,2022,2,February,1,5,2,Wednesday,Winter,0
20220203,2022-02-03,2022,2,February,1,5,3,Thursday,Winter,0
20220204,2022-02-04,2022,2,February,1,5,4,Friday,Winter,0
20220205,2022-02-05,2022,2,February,1,5,5,Saturday,Winter,1
20220206,2022-02-06,2022,2,February,1,5,6,Sunday,Winter,1
20220207,2022-02-07,2022,2,February,1,6,0,Monday,Winter,0
20220208,2022-02-08,2022,2,February,1,6,1,Tuesday,Winter,0
20220209,2022-02-09,2022,2,February,1,6,2,Wednesday,Winter,0
20220210,2022-02-10,2022,2,February,1,6,3,Thursday,Winter,0
20220211,2022-02-11,2022,2,February,1,6,4,Friday,Winter,0
20220212,2022-02-12,2022,2,February,1,6,5,Saturday,Winter,1
20220213,2022-02-13,2022,2,February,1,6,6,Sunday,Winter,1
20220214,2022-02-14,2022,2,February,1,7,0,Monday,Winter,0
20220215,2022-02-15,2022,2,February,1,7,1,Tuesday,Winter,0
20220216,2022-02-16,2022,2,February,1,7,2,Wednesday,Winter,0
20220217,2022-02-17,2022,2,February,1,7,3,Thursday,Winter,0
20220218,2022-02-18,2022,2,February,1,7,4,Friday,Winter,0
20220219,2022-02-19,2022,2,February,1,7,5,Saturday,Winter,1
20220220,2022-02-20,2022,2,February,1,7,6,Sunday,Winter,1
20220221,2022-02-21,2022,2,February,1,8,0,Monday,Winter,0
20220222,2022-02-22,2022,2,February,1,8,1,Tuesday,Winter,0
20220223,2022-02-23,2022,2,February,1,8,2,Wednesday,Winter,0
20220224,2022-02-24,2022,2,February,1,8,3,Thursday,Winter,0
20220225,2022-02-25,2022,2,February,1,8,4,Friday,Winter,0
20220226,2022-02-26,2022,2,February,1,8,5,Saturday,Winter,1
20220227,2022-02-27,2022,2,February,1,8,6,Sunday,Winter,1
20220228,2022-02-28,2022,2,February,1,9,0,Monday,Winter,0
20220301,2022-03-01,2022,3,March,1,9,1,Tuesday,Spring,0
20220302,2022-03-02,2022,3,March,1,9,2,Wednesday,Spring,0
20220303,2022-03-03,2022,3,March,1,9,3,Thursday,Spring,0
20220304,2022-03-04,2022,3,March,1,9,4,Friday,Spring,0
20220305,2022-03-05,2022,3,March,1,9,5,Saturday,Spring,1
20220306,2022-03-06,2022,3,March,1,9,6,Sunday,Spring,1
20220307,2022-03-07,2022,3,March,1,10,0,Monday,Spring,0
20220308,2022-03-08,2022,3,March,1,10,1,Tuesday,Spring,0
20220309,2022-03-09,2022,3,March,1,10,2,Wednesday,Spring,0
20220310,2022-03-10,2022,3,March,1,10,3,Thursday,Spring,0
20220311,2022-03-11,2022,3,March,1,10,4,Friday,Spring,0
20220312,2022-03-12,2022,3,March,1,10,5,Saturday,Spring,1
20220313,2022-03-13,2022,3,March,1,10,6,Sunday,Spring,1
20220314,2022-03-14,2022,3,March,1,11,0,Monday,Spring,0
20220315,2022-03-15,2022,3,March,1,11,1,Tuesday,Spring,0
20220316,2022-03-16,2022,3,March,1,11,2,Wednesday,Spring,0
20220317,2022-03-17,2022,3,March,1,11,3,Thursday,Spring,0
20220318,2022-03-18,2022,3,March,1,11,4,Friday,Spring,0
20220319,2022-03-19,2022,3,March,1,11,5,Saturday,Spring,1
20220320,2022-03-20,2022,3,March,1,11,6,Sunday,Spring,1
20220321,2022-03-21,2022,3,March,1,12,0,Monday,Spring,0
20220322,2022-03-22,2022,3,March,1,12,1,Tuesday,Spring,0
20220323,2022-03-23,2022,3,March,1,12,2,Wednesday,Spring,0
20220324,2022-03-24,2022,3,March,1,12,3,Thursday,Spring,0
20220325,2022-03-25,2022,3,March,1,12,4,Friday,Spring,0
20220326,2022-03-26,2022,3,March,1,12,5,Saturday,Spring,1
20220327,2022-03-27,2022,3,March,1,12,6,Sunday,Spring,1
20220328,2022-03-28,2022,3,March,1,13,0,Monday,Spring,0
20220329,2022-03-29,2022,3,March,1,13,1,Tuesday,Spring,0
20220330,2022-03-30,2022,3,March,1,13,2,Wednesday,Spring,0
20220331,2022-03-31,2022,3,March,1,13,3,Thursday,Spring,0
20220401,2022-04-01,2022,4,April,2,13,4,Friday,Spring,0
20220402,2022-04-02,2022,4,April,2,13,5,Saturday,Spring,1
20220403,2022-04-03,2022,4,April,2,13,6,Sunday,Spring,1
20220404,2022-04-04,2022,4,April,2,14,0,Monday,Spring,0
20220405,2022-04-05,2022,4,April,2,14,1,Tuesday,Spring,0
20220406,2022-04-06,2022,4,April,2,14,2,Wednesday,Spring,0
20220407,2022-04-07,2022,4,April,2,14,3,Thursday,Spring,0
20220408,2022-04-08,2022,4,April,2,14,4,Friday,Spring,0
20220409,2022-04-09,2022,4,April,2,14,5,Saturday,Spring,1
20220410,2022-04-10,2022,4,April,2,14,6,Sunday,Spring,1
20220411,2022-04-11,2022,4,April,2,15,0,Monday,Spring,0
20220412,2022-04-12,2022,4,April,2,15,1,Tuesday,Spring,0
20220413,2022-04-13,2022,4,April,2,15,2,Wednesday,Spring,0
20220414,2022-04-14,2022,4,April,2,15,3,Thursday,Spring,0
20220415,2022-04-15,2022,4,April,2,15,4,Friday,Spring,0
20220416,2022-04-16,2022,4,April,2,15,5,Saturday,Spring,1
20220417,2022-04-17,2022,4,April,2,15,6,Sunday,Spring,1
20220418,2022-04-18,2022,4,April,2,16,0,Monday,Spring,0
20220419,2022-04-19,2022,4,April,2,16,1,Tuesday,Spring,0
20220420,2022-04-20,2022,4,April,2,16,2,Wednesday,Spring,0
20220421,2022-04-21,2022,4,April,2,16,3,Thursday,Spring,0
20220422,2022-04-22,2022,4,April,2,16,4,Friday,Spring,0
20220423,2022-04-23,2022,4,April,2,16,5,Saturday,Spring,1
20220424,2022-04-24,2022,4,April,2,16,6,Sunday,Spring,1
20220425,2022-04-25,2022,4,April,2,17,0,Monday,Spring,0
20220426,2022-04-26,2022,4,April,2,17,1,Tuesday,Spring,0
20220427,2022-04-27,2022,4,April,2,17,2,Wednesday,Spring,0
20220428,2022-04-28,2022,4,April,2,17,3,Thursday,Spring,0
20220429,2022-04-29,2022,4,April,2,17,4,Friday,Spring,0
20220430,2022-04-30,2022,4,April,2,17,5,Saturday,Spring,1
20220501,2022-05-01,2022,5,May,2,17,6,Sunday,Spring,1
20220502,2022-05-02,2022,5,May,2,18,0,Monday,Spring,0
20220503,2022-05-03,2022,5,May,2,18,1,Tuesday,Spring,0
20220504,2022-05-04,2022,5,May,2,18,2,Wednesday,Spring,0
20220505,2022-05-05,2022,5,May,2,18,3,Thursday,Spring,0
20220506,2022-05-06,2022,5,May,2,18,4,Friday,Spring,0
20220507,2022-05-07,2022,5,May,2,18,5,Saturday,Spring,1
20220508,2022-05-08,2022,5,May,2,18,6,Sunday,Spring,1
20220509,2022-05-09,2022,5,May,2,19,0,Monday,Spring,0
20220510,2022-05-10,2022,5,May,2,19,1,Tuesday,Spring,0
20220511,2022-05-11,2022,5,May,2,19,2,Wednesday,Spring,0
20220512,2022-05-12,2022,5,May,2,19,3,Thursday,Spring,0
20220513,2022-05-13,2022,5,May,2,19,4,Friday,Spring,0
20220514,2022-05-14,2022,5,May,2,19,5,Saturday,Spring,1
20220515,2022-05-15,2022,5,May,2,19,6,Sunday,Spring,1
20220516,2022-05-16,2022,5,May,2,20,0,Monday,Spring,0
20220517,2022-05-17,2022,5,May,2,20,1,Tuesday,Spring,0
20220518,2022-05-18,2022,5,May,2,20,2,Wednesday,Spring,0
20220519,2022-05-19,2022,5,May,2,20,3,Thursday,Spring,0
20220520,2022-05-20,2022,5,May,2,20,4,Friday,Spring,0
20220521,2022-05-21,2022,5,May,2,20,5,Saturday,Spring,1
20220522,2022-05-22,2022,5,May,2,20,6,Sunday,Spring,1
20220523,2022-05-23,2022,5,May,2,21,0,Monday,Spring,0
20220524,2022-05-24,2022,5,May,2,21,1,Tuesday,Spring,0
20220525,2022-05-25,2022,5,May,2,21,2,Wednesday,Spring,0
20220526,2022-05-26,2022,5,May,2,21,3,Thursday,Spring,0
20220527,2022-05-27,2022,5,May,2,21,4,Friday,Spring,0
20220528,2022-05-28,2022,5,May,2,21,5,Saturday,Spring,1
20220529,2022-05-29,2022,5,May,2,21,6,Sunday,Spring,1
20220530,2022-05-30,2022,5,May,2,22,0,Monday,Spring,0
20220531,2022-05-31,2022,5,May,2,22,1,Tuesday,Spring,0
20220601,2022-06-01,2022,6,June,2,22,2,Wednesday,Summer,0
20220602,2022-06-02,2022,6,June,2,22,3,Thursday,Summer,0
20220603,2022-06-03,2022,6,June,2,22,4,Friday,Summer,0
20220604,2022-06-04,2022,6,June,2,22,5,Saturday,Summer,1
20220605,2022-06-05,2022,6,June,2,22,6,Sunday,Summer,1
20220606,2022-06-06,2022,6,June,2,23,0,Monday,Summer,0
20220607,2022-06-07,2022,6,June,2,23,1,Tuesday,Summer,0
20220608,2022-06-08,2022,6,June,2,23,2,Wednesday,Summer,0
20220609,2022-06-09,2022,6,June,2,23,3,Thursday,Summer,0
20220610,2022-06-10,2022,6,June,2,23,4,Friday,Summer,0
20220611,2022-06-11,2022,6,June,2,23,5,Saturday,Summer,1
20220612,2022-06-12,2022,6,June,2,23,6,Sunday,Summer,1
20220613,2022-06-13,2022,6,June,2,24,0,Monday,Summer,0
20220614,2022-06-14,2022,6,June,2,24,1,Tuesday,Summer,0
20220615,2022-06-15,2022,6,June,2,24,2,Wednesday,Summer,0
20220616,2022-06-16,2022,6,June,2,24,3,Thursday,Summer,0
20220617,2022-06-17,2022,6,June,2,24,4,Friday,Summer,0
20220618,2022-06-18,2022,6,June,2,24,5,Saturday,Summer,1
20220619,2022-06-19,2022,6,June,2,24,6,Sunday,Summer,1
20220620,2022-06-20,2022,6,June,2,25,0,Monday,Summer,0
20220621,2022-06-21,2022,6,June,2,25,1,Tuesday,Summer,0
20220622,2022-06-22,2022,6,June,2,25,2,Wednesday,Summer,0
20220623,2022-06-23,2022,6,June,2,25,3,Thursday,Summer,0
20220624,2022-06-24,2022,6,June,2,25,4,Friday,Summer,0
20220625,2022-06-25,2022,6,June,2,25,5,Saturday,Summer,1
20220626,2022-06-26,2022,6,June,2,25,6,Sunday,Summer,1
20220627,2022-06-27,2022,6,June,2,26,0,Monday,Summer,0
20220628,2022-06-28,2022,6,June,2,26,1,Tuesday,Summer,0
20220629,2022-06-29,2022,6,June,2,26,2,Wednesday,Summer,0
20220630,2022-06-30,2022,6,June,2,26,3,Thursday,Summer,0
20220701,2022-07-01,2022,7,July,3,26,4,Friday,Summer,0
20220702,2022-07-02,2022,7,July,3,26,5,Saturday,Summer,1
20220703,2022-07-03,2022,7,July,3,26,6,Sunday,Summer,1
20220704,2022-07-04,2022,7,July,3,27,0,Monday,Summer,0
20220705,2022-07-05,2022,7,July,3,27,1,Tuesday,Summer,0
20220706,2022-07-06,2022,7,July,3,27,2,Wednesday,Summer,0
20220707,2022-07-07,2022,7,July,3,27,3,Thursday,Summer,0
20220708,2022-07-08,2022,7,July,3,27,4,Friday,Summer,0
20220709,2022-07-09,2022,7,July,3,27,5,Saturday,Summer,1
20220710,2022-07-10,2022,7,July,3,27,6,Sunday,Summer,1
20220711,2022-07-11,2022,7,July,3,28,0,Monday,Summer,0
20220712,2022-07-12,2022,7,July,3,28,1,Tuesday,Summer,0
20220713,2022-07-13,2022,7,July,3,28,2,Wednesday,Summer,0
20220714,2022-07-14,2022,7,July,3,28,3,Thursday,Summer,0
20220715,2022-07-15,2022,7,July,3,28,4,Friday,Summer,0
20220716,2022-07-16,2022,7,July,3,28,5,Saturday,Summer,1
20220717,2022-07-17,2022,7,July,3,28,6,Sunday,Summer,1
20220718,2022-07-18,2022,7,July,3,29,0,Monday,Summer,0
20220719,2022-07-19,2022,7,July,3,29,1,Tuesday,Summer,0
20220720,2022-07-20,2022,7,July,3,29,2,Wednesday,Summer,0
20220721,2022-07-21,2022,7,July,3,29,3,Thursday,Summer,0
20220722,2022-07-22,2022,7,July,3,29,4,Friday,Summer,0
20220723,2022-07-23,2022,7,July,3,29,5,Saturday,Summer,1
20220724,2022-07-24,2022,7,July,3,29,6,Sunday,Summer,1
20220725,2022-07-25,2022,7,July,3,30,0,Monday,Summer,0
20220726,2022-07-26,2022,7,July,3,30,1,Tuesday,Summer,0
20220727,2022-07-27,2022,7,July,3,30,2,Wednesday,Summer,0
20220728,2022-07-28,2022,7,July,3,30,3,Thursday,Summer,0
20220729,2022-07-29,2022,7,July,3,30,4,Friday,Summer,0
20220730,2022-07-30,2022,7,July,3,30,5,Saturday,Summer,1
20220731,2022-07-31,2022,7,July,3,30,6,Sunday,Summer,1
20220801,2022-08-01,2022,8,August,3,31,0,Monday,Summer,0
20220802,2022-08-02,2022,8,August,3,31,1,Tuesday,Summer,0
20220803,2022-08-03,2022,8,August,3,31,2,Wednesday,Summer,0
20220804,2022-08-04,2022,8,August,3,31,3,Thursday,Summer,0
20220805,2022-08-05,2022,8,August,3,31,4,Friday,Summer,0
20220806,2022-08-06,2022,8,August,3,31,5,Saturday,Summer,1
20220807,2022-08-07,2022,8,August,3,31,6,Sunday,Summer,1
20220808,2022-08-08,2022,8,August,3,32,0,Monday,Summer,0
20220809,2022-08-09,2022,8,August,3,32,1,Tuesday,Summer,0
20220810,2022-08-10,2022,8,August,3,32,2,Wednesday,Summer,0
20220811,2022-08-11,2022,8,August,3,32,3,Thursday,Summer,0
20220812,2022-08-12,2022,8,August,3,32,4,Friday,Summer,0
20220813,2022-08-13,2022,8,August,3,32,5,Saturday,Summer,1
20220814,2022-08-14,2022,8,August,3,32,6,Sunday,Summer,1
20220815,2022-08-15,2022,8,August,3,33,0,Monday,Summer,0
20220816,2022-08-16,2022,8,August,3,33,1,Tuesday,Summer,0
20220817,2022-08-17,2022,8,August,3,33,2,Wednesday,Summer,0
20220818,2022-08-18,2022,8,August,3,33,3,Thursday,Summer,0
20220819,2022-08-19,2022,8,August,3,33,4,Friday,Summer,0
20220820,2022-08-20,2022,8,August,3,33,5,Saturday,Summer,1
20220821,2022-08-21,2022,8,August,3,33,6,Sunday,Summer,1
20220822,2022-08-22,2022,8,August,3,34,0,Monday,Summer,0
20220823,2022-08-23,2022,8,August,3,34,1,Tuesday,Summer,0
20220824,2022-08-24,2022,8,August,3,34,2,Wednesday,Summer,0
20220825,2022-08-25,2022,8,August,3,34,3,Thursday,Summer,0
20220826,2022-08-26,2022,8,August,3,34,4,Friday,Summer,0
20220827,2022-08-27,2022,8,August,3,34,5,Saturday,Summer,1
20220828,2022-08-28,2022,8,August,3,34,6,Sunday,Summer,1
20220829,2022-08-29,2022,8,August,3,35,0,Monday,Summer,0
20220830,2022-08-30,2022,8,August,3,35,1,Tuesday,Summer,0
20220831,2022-08-31,2022,8,August,3,35,2,Wednesday,Summer,0
20220901,2022-09-01,2022,9,September,3,35,3,Thursday,Autumn,0
20220902,2022-09-02,2022,9,September,3,35,4,Friday,Autumn,0
20220903,2022-09-03,2022,9,September,3,35,5,Saturday,Autumn,1
20220904,2022-09-04,2022,9,September,3,35,6,Sunday,Autumn,1
20220905,2022-09-05,2022,9,September,3,36,0,Monday,Autumn,0
20220906,2022-09-06,2022,9,September,3,36,1,Tuesday,Autumn,0
20220907,2022-09-07,2022,9,September,3,36,2,Wednesday,Autumn,0
20220908,2022-09-08,2022,9,September,3,36,3,Thursday,Autumn,0
20220909,2022-09-09,2022,9,September,3,36,4,Friday,Autumn,0
20220910,2022-09-10,2022,9,September,3,36,5,Saturday,Autumn,1
20220911,2022-09-11,2022,9,September,3,36,6,Sunday,Autumn,1
20220912,2022-09-12,2022,9,September,3,37,0,Monday,Autumn,0
20220913,2022-09-13,2022,9,September,3,37,1,Tuesday,Autumn,0
20220914,2022-09-14,2022,9,September,3,37,2,Wednesday,Autumn,0
20220915,2022-09-15,2022,9,September,3,37,3,Thursday,Autumn,0
20220916,2022-09-16,2022,9,September,3,37,4,Friday,Autumn,0
20220917,2022-09-17,2022,9,September,3,37,5,Saturday,Autumn,1
20220918,2022-09-18,2022,9,September,3,37,6,Sunday,Autumn,1
20220919,2022-09-19,2022,9,September,3,38,0,Monday,Autumn,0
20220920,2022-09-20,2022,9,September,3,38,1,Tuesday,Autumn,0
20220921,2022-09-21,2022,9,September,3,38,2,Wednesday,Autumn,0
20220922,2022-09-22,2022,9,September,3,38,3,Thursday,Autumn,0
20220923,2022-09-23,2022,9,September,3,38,4,Friday,Autumn,0
20220924,2022-09-24,2022,9,September,3,38,5,Saturday,Autumn,1
20220925,2022-09-25,2022,9,September,3,38,6,Sunday,Autumn,1
20220926,2022-09-26,2022,9,September,3,39,0,Monday,Autumn,0
20220927,2022-09-27,2022,9,September,3,39,1,Tuesday,Autumn,0
20220928,2022-09-28,2022,9,September,3,39,2,Wednesday,Autumn,0
20220929,2022-09-29,2022,9,September,3,39,3,Thursday,Autumn,0
20220930,2022-09-30,2022,9,September,3,39,4,Friday,Autumn,0
20221001,2022-10-01,2022,10,October,4,39,5,Saturday,Autumn,1
20221002,2022-10-02,2022,10,October,4,39,6,Sunday,Autumn,1
20221003,2022-10-03,2022,10,October,4,40,0,Monday,Autumn,0
20221004,2022-10-04,2022,10,October,4,40,1,Tuesday,Autumn,0
20221005,2022-10-05,2022,10,October,4,40,2,Wednesday,Autumn,0
20221006,2022-10-06,2022,10,October,4,40,3,Thursday,Autumn,0
20221007,2022-10-07,2022,10,October,4,40,4,Friday,Autumn,0
20221008,2022-10-08,2022,10,October,4,40,5,Saturday,Autumn,1
20221009,2022-10-09,2022,10,October,4,40,6,Sunday,Autumn,1
20221010,2022-10-10,2022,10,October,4,41,0,Monday,Autumn,0
20221011,2022-10-11,2022,10,October,4,41,1,Tuesday,Autumn,0
20221012,2022-10-12,2022,10,October,4,41,2,Wednesday,Autumn,0
20221013,2022-10-13,2022,10,October,4,41,3,Thursday,Autumn,0
20221014,2022-10-14,2022,10,October,4,41,4,Friday,Autumn,0
20221015,2022-10-15,2022,10,October,4,41,5,Saturday,Autumn,1
20221016,2022-10-16,2022,10,October,4,41,6,Sunday,Autumn,1
20221017,2022-10-17,2022,10,October,4,42,0,Monday,Autumn,0
20221018,2022-10-18,2022,10,October,4,42,1,Tuesday,Autumn,0
20221019,2022-10-19,2022,10,October,4,42,2,Wednesday,Autumn,0
20221020,2022-10-20,2022,10,October,4,42,3,Thursday,Autumn,0
20221021,2022-10-21,2022,10,October,4,42,4,Friday,Autumn,0
20221022,2022-10-22,2022,10,October,4,42,5,Saturday,Autumn,1
20221023,2022-10-23,2022,10,October,4,42,6,Sunday,Autumn,1
20221024,2022-10-24,2022,10,October,4,43,0,Monday,Autumn,0
20221025,2022-10-25,2022,10,October,4,43,1,Tuesday,Autumn,0
20221026,2022-10-26,2022,10,October,4,43,2,Wednesday,Autumn,0
20221027,2022-10-27,2022,10,October,4,43,3,Thursday,Autumn,0
20221028,2022-10-28,2022,10,October,4,43,4,Friday,Autumn,0
20221029,2022-10-29,2022,10,October,4,43,5,Saturday,Autumn,1
20221030,2022-10-30,2022,10,October,4,43,6,Sunday,Autumn,1
20221031,2022-10-31,2022,10,October,4,44,0,Monday,Autumn,0
20221101,2022-11-01,2022,11,November,4,44,1,Tuesday,Autumn,0
20221102,2022-11-02,2022,11,November,4,44,2,Wednesday,Autumn,0
20221103,2022-11-03,2022,11,November,4,44,3,Thursday,Autumn,0
20221104,2022-11-04,2022,11,November,4,44,4,Friday,Autumn,0
20221105,2022-11-05,2022,11,November,4,44,5,Saturday,Autumn,1
20221106,2022-11-06,2022,11,November,4,44,6,Sunday,Autumn,1
20221107,2022-11-07,2022,11,November,4,45,0,Monday,Autumn,0
20221108,2022-11-08,2022,11,November,4,45,1,Tuesday,Autumn,0
20221109,2022-11-09,2022,11,November,4,45,2,Wednesday,Autumn,0
20221110,2022-11-10,2022,11,November,4,45,3,Thursday,Autumn,0
20221111,2022-11-11,2022,11,November,4,45,4,Friday,Autumn,0
20221112,2022-11-12,2022,11,November,4,45,5,Saturday,Autumn,1
20221113,2022-11-13,2022,11,November,4,45,6,Sunday,Autumn,1
20221114,2022-11-14,2022,11,November,4,46,0,Monday,Autumn,0
20221115,2022-11-15,2022,11,November,4,46,1,Tuesday,Autumn,0
20221116,2022-11-16,2022,11,November,4,46,2,Wednesday,Autumn,0
20221117,2022-11-17,2022,11,November,4,46,3,Thursday,Autumn,0
20221118,2022-11-18,2022,11,November,4,46,4,Friday,Autumn,0
20221119,2022-11-19,2022,11,November,4,46,5,Saturday,Autumn,1
20221120,2022-11-20,2022,11,November,4,46,6,Sunday,Autumn,1
20221121,2022-11-21,2022,11,November,4,47,0,Monday,Autumn,0
20221122,2022-11-22,2022,11,November,4,47,1,Tuesday,Autumn,0
20221123,2022-11-23,2022,11,November,4,47,2,Wednesday,Autumn,0
20221124,2022-11-24,2022,11,November,4,47,3,Thursday,Autumn,0
20221125,2022-11-25,2022,11,November,4,47,4,Friday,Autumn,0
20221126,2022-11-26,2022,11,November,4,47,5,Saturday,Autumn,1
20221127,2022-11-27,2022,11,November,4,47,6,Sunday,Autumn,1
20221128,2022-11-28,2022,11,November,4,48,0,Monday,Autumn,0
20221129,2022-11-29,2022,11,November,4,48,1,Tuesday,Autumn,0
20221130,2022-11-30,2022,11,November,4,48,2,Wednesday,Autumn,0
20221201,2022-12-01,2022,12,December,4,48,3,Thursday,Winter,0
20221202,2022-12-02,2022,12,December,4,48,4,Friday,Winter,0
20221203,2022-12-03,2022,12,December,4,48,5,Saturday,Winter,1
20221204,2022-12-04,2022,12,December,4,48,6,Sunday,Winter,1
20221205,2022-12-05,2022,12,December,4,49,0,Monday,Winter,0
20221206,2022-12-06,2022,12,December,4,49,1,Tuesday,Winter,0
20221207,2022-12-07,2022,12,December,4,49,2,Wednesday,Winter,0
20221208,2022-12-08,2022,12,December,4,49,3,Thursday,Winter,0
20221209,2022-12-09,2022,12,December,4,49,4,Friday,Winter,0
20221210,2022-12-10,2022,12,December,4,49,5,Saturday,Winter,1
20221211,2022-12-11,2022,12,December,4,49,6,Sunday,Winter,1
20221212,2022-12-12,2022,12,December,4,50,0,Monday,Winter,0
20221213,2022-12-13,2022,12,December,4,50,1,Tuesday,Winter,0
20221214,2022-12-14,2022,12,December,4,50,2,Wednesday,Winter,0
20221215,2022-12-15,2022,12,December,4,50,3,Thursday,Winter,0
20221216,2022-12-16,2022,12,December,4,50,4,Friday,Winter,0
20221217,2022-12-17,2022,12,December,4,50,5,Saturday,Winter,1
20221218,2022-12-18,2022,12,December,4,50,6,Sunday,Winter,1
20221219,2022-12-19,2022,12,December,4,51,0,Monday,Winter,0
20221220,2022-12-20,2022,12,December,4,51,1,Tuesday,Winter,0
20221221,2022-12-21,2022,12,December,4,51,2,Wednesday,Winter,0
20221222,2022-12-22,2022,12,December,4,51,3,Thursday,Winter,0
20221223,2022-12-23,2022,12,December,4,51,4,Friday,Winter,0
20221224,2022-12-24,2022,12,December,4,51,5,Saturday,Winter,1
20221225,2022-12-25,2022,12,December,4,51,6,Sunday,Winter,1
20221226,2022-12-26,2022,12,December,4,52,0,Monday,Winter,0
20221227,2022-12-27,2022,12,December,4,52,1,Tuesday,Winter,0
20221228,2022-12-28,2022,12,December,4,52,2,Wednesday,Winter,0
20221229,2022-12-29,2022,12,December,4,52,3,Thursday,Winter,0
20221230,2022-12-30,2022,12,December,4,52,4,Friday,Winter,0
20221231,2022-12-31,2022,12,December,4,52,5,Saturday,Winter,1
20230101,2023-01-01,2023,1,January,1,52,6,Sunday,Winter,1
20230102,2023-01-02,2023,1,January,1,1,0,Monday,Winter,0
20230103,2023-01-03,2023,1,January,1,1,1,Tuesday,Winter,0
20230104,2023-01-04,2023,1,January,1,1,2,Wednesday,Winter,0
20230105,2023-01-05,2023,1,January,1,1,3,Thursday,Winter,0
20230106,2023-01-06,2023,1,January,1,1,4,Friday,Winter,0
20230107,2023-01-07,2023,1,January,1,1,5,Saturday,Winter,1
20230108,2023-01-08,2023,1,January,1,1,6,Sunday,Winter,1
20230109,2023-01-09,2023,1,January,1,2,0,Monday,Winter,0
20230110,2023-01-10,2023,1,January,1,2,1,Tuesday,Winter,0
20230111,2023-01-11,2023,1,January,1,2,2,Wednesday,Winter,0
20230112,2023-01-12,2023,1,January,1,2,3,Thursday,Winter,0
20230113,2023-01-13,2023,1,January,1,2,4,Friday,Winter,0
20230114,2023-01-14,2023,1,January,1,2,5,Saturday,Winter,1
20230115,2023-01-15,2023,1,January,1,2,6,Sunday,Winter,1
20230116,2023-01-16,2023,1,January,1,3,0,Monday,Winter,0
20230117,2023-01-17,2023,1,January,1,3,1,Tuesday,Winter,0
20230118,2023-01-18,2023,1,January,1,3,2,Wednesday,Winter,0
20230119,2023-01-19,2023,1,January,1,3,3,Thursday,Winter,0
20230120,2023-01-20,2023,1,January,1,3,4,Friday,Winter,0
20230121,2023-01-21,2023,1,January,1,3,5,Saturday,Winter,1
20230122,2023-01-22,2023,1,January,1,3,6,Sunday,Winter,1
20230123,2023-01-23,2023,1,January,1,4,0,Monday,Winter,0
20230124,2023-01-24,2023,1,January,1,4,1,Tuesday,Winter,0
20230125,2023-01-25,2023,1,January,1,4,2,Wednesday,Winter,0
20230126,2023-01-26,2023,1,January,1,4,3,Thursday,Winter,0
20230127,2023-01-27,2023,1,January,1,4,4,Friday,Winter,0
20230128,2023-01-28,2023,1,January,1,4,5,Saturday,Winter,1
20230129,2023-01-29,2023,1,January,1,4,6,Sunday,Winter,1
20230130,2023-01-30,2023,1,January,1,5,0,Monday,Winter,0
20230131,2023-01-31,2023,1,January,1,5,1,Tuesday,Winter,0
20230201,2023-02-01,2023,2,February,1,5,2,Wednesday,Winter,0
20230202,2023-02-02,2023,2,February,1,5,3,Thursday,Winter,0
20230203,2023-02-03,2023,2,February,1,5,4,Friday,Winter,0
20230204,2023-02-04,2023,2,February,1,5,5,Saturday,Winter,1
20230205,2023-02-05,2023,2,February,1,5,6,Sunday,Winter,1
20230206,2023-02-06,2023,2,February,1,6,0,Monday,Winter,0
20230207,2023-02-07,2023,2,February,1,6,1,Tuesday,Winter,0
20230208,2023-02-08,2023,2,February,1,6,2,Wednesday,Winter,0
20230209,2023-02-09,2023,2,February,1,6,3,Thursday,Winter,0
20230210,2023-02-10,2023,2,February,1,6,4,Friday,Winter,0
20230211,2023-02-11,2023,2,February,1,6,5,Saturday,Winter,1
20230212,2023-02-12,2023,2,February,1,6,6,Sunday,Winter,1
20230213,2023-02-13,2023,2,February,1,7,0,Monday,Winter,0
20230214,2023-02-14,2023,2,February,1,7,1,Tuesday,Winter,0
20230215,2023-02-15,2023,2,February,1,7,2,Wednesday,Winter,0
20230216,2023-02-16,2023,2,February,1,7,3,Thursday,Winter,0
20230217,2023-02-17,2023,2,February,1,7,4,Friday,Winter,0
20230218,2023-02-18,2023,2,February,1,7,5,Saturday,Winter,1
20230219,2023-02-19,2023,2,February,1,7,6,Sunday,Winter,1
20230220,2023-02-20,2023,2,February,1,8,0,Monday,Winter,0
20230221,2023-02-21,2023,2,February,1,8,1,Tuesday,Winter,0
20230222,2023-02-22,2023,2,February,1,8,2,Wednesday,Winter,0
20230223,2023-02-23,2023,2,February,1,8,3,Thursday,Winter,0
20230224,2023-02-24,2023,2,February,1,8,4,Friday,Winter,0
20230225,2023-02-25,2023,2,February,1,8,5,Saturday,Winter,1
20230226,2023-02-26,2023,2,February,1,8,6,Sunday,Winter,1
20230227,2023-02-27,2023,2,February,1,9,0,Monday,Winter,0
20230228,2023-02-28,2023,2,February,1,9,1,Tuesday,Winter,0
20230301,2023-03-01,2023,3,March,1,9,2,Wednesday,Spring,0
20230302,2023-03-02,2023,3,March,1,9,3,Thursday,Spring,0
20230303,2023-03-03,2023,3,March,1,9,4,Friday,Spring,0
20230304,2023-03-04,2023,3,March,1,9,5,Saturday,Spring,1
20230305,2023-03-05,2023,3,March,1,9,6,Sunday,Spring,1
20230306,2023-03-06,2023,3,March,1,10,0,Monday,Spring,0
20230307,2023-03-07,2023,3,March,1,10,1,Tuesday,Spring,0
20230308,2023-03-08,2023,3,March,1,10,2,Wednesday,Spring,0
20230309,2023-03-09,2023,3,March,1,10,3,Thursday,Spring,0
20230310,2023-03-10,2023,3,March,1,10,4,Friday,Spring,0
20230311,2023-03-11,2023,3,March,1,10,5,Saturday,Spring,1
20230312,2023-03-12,2023,3,March,1,10,6,Sunday,Spring,1
20230313,2023-03-13,2023,3,March,1,11,0,Monday,Spring,0
20230314,2023-03-14,2023,3,March,1,11,1,Tuesday,Spring,0
20230315,2023-03-15,2023,3,March,1,11,2,Wednesday,Spring,0
20230316,2023-03-16,2023,3,March,1,11,3,Thursday,Spring,0
20230317,2023-03-17,2023,3,March,1,11,4,Friday,Spring,0
20230318,2023-03-18,2023,3,March,1,11,5,Saturday,Spring,1
20230319,2023-03-19,2023,3,March,1,11,6,Sunday,Spring,1
20230320,2023-03-20,2023,3,March,1,12,0,Monday,Spring,0
20230321,2023-03-21,2023,3,March,1,12,1,Tuesday,Spring,0
20230322,2023-03-22,2023,3,March,1,12,2,Wednesday,Spring,0
20230323,2023-03-23,2023,3,March,1,12,3,Thursday,Spring,0
20230324,2023-03-24,2023,3,March,1,12,4,Friday,Spring,0
20230325,2023-03-25,2023,3,March,1,12,5,Saturday,Spring,1
20230326,2023-03-26,2023,3,March,1,12,6,Sunday,Spring,1
20230327,2023-03-27,2023,3,March,1,13,0,Monday,Spring,0
20230328,2023-03-28,2023,3,March,1,13,1,Tuesday,Spring,0
20230329,2023-03-29,2023,3,March,1,13,2,Wednesday,Spring,0
20230330,2023-03-30,2023,3,March,1,13,3,Thursday,Spring,0
20230331,2023-03-31,2023,3,March,1,13,4,Friday,Spring,0
20230401,2023-04-01,2023,4,April,2,13,5,Saturday,Spring,1
20230402,2023-04-02,2023,4,April,2,13,6,Sunday,Spring,1
20230403,2023-04-03,2023,4,April,2,14,0,Monday,Spring,0
20230404,2023-04-04,2023,4,April,2,14,1,Tuesday,Spring,0
20230405,2023-04-05,2023,4,April,2,14,2,Wednesday,Spring,0
20230406,2023-04-06,2023,4,April,2,14,3,Thursday,Spring,0
20230407,2023-04-07,2023,4,April,2,14,4,Friday,Spring,0
20230408,2023-04-08,2023,4,April,2,14,5,Saturday,Spring,1
20230409,2023-04-09,2023,4,April,2,14,6,Sunday,Spring,1
20230410,2023-04-10,2023,4,April,2,15,0,Monday,Spring,0
20230411,2023-04-11,2023,4,April,2,15,1,Tuesday,Spring,0
20230412,2023-04-12,2023,4,April,2,15,2,Wednesday,Spring,0
20230413,2023-04-13,2023,4,April,2,15,3,Thursday,Spring,0
20230414,2023-04-14,2023,4,April,2,15,4,Friday,Spring,0
20230415,2023-04-15,2023,4,April,2,15,5,Saturday,Spring,1
20230416,2023-04-16,2023,4,April,2,15,6,Sunday,Spring,1
20230417,2023-04-17,2023,4,April,2,16,0,Monday,Spring,0
20230418,2023-04-18,2023,4,April,2,16,1,Tuesday,Spring,0
20230419,2023-04-19,2023,4,April,2,16,2,Wednesday,Spring,0
20230420,2023-04-20,2023,4,April,2,16,3,Thursday,Spring,0
20230421,2023-04-21,2023,4,April,2,16,4,Friday,Spring,0
20230422,2023-04-22,2023,4,April,2,16,5,Saturday,Spring,1
20230423,2023-04-23,2023,4,April,2,16,6,Sunday,Spring,1
20230424,2023-04-24,2023,4,April,2,17,0,Monday,Spring,0
20230425,2023-04-25,2023,4,April,2,17,1,Tuesday,Spring,0
20230426,2023-04-26,2023,4,April,2,17,2,Wednesday,Spring,0
20230427,2023-04-27,2023,4,April,2,17,3,Thursday,Spring,0
20230428,2023-04-28,2023,4,April,2,17,4,Friday,Spring,0
20230429,2023-04-29,2023,4,April,2,17,5,Saturday,Spring,1
20230430,2023-04-30,2023,4,April,2,17,6,Sunday,Spring,1
20230501,2023-05-01,2023,5,May,2,18,0,Monday,Spring,0
20230502,2023-05-02,2023,5,May,2,18,1,Tuesday,Spring,0
20230503,2023-05-03,2023,5,May,2,18,2,Wednesday,Spring,0
20230504,2023-05-04,2023,5,May,2,18,3,Thursday,Spring,0
20230505,2023-05-05,2023,5,May,2,18,4,Friday,Spring,0
20230506,2023-05-06,2023,5,May,2,18,5,Saturday,Spring,1
20230507,2023-05-07,2023,5,May,2,18,6,Sunday,Spring,1
20230508,2023-05-08,2023,5,May,2,19,0,Monday,Spring,0
20230509,2023-05-09,2023,5,May,2,19,1,Tuesday,Spring,0
20230510,2023-05-10,2023,5,May,2,19,2,Wednesday,Spring,0
20230511,2023-05-11,2023,5,May,2,19,3,Thursday,Spring,0
20230512,2023-05-12,2023,5,May,2,19,4,Friday,Spring,0
20230513,2023-05-13,2023,5,May,2,19,5,Saturday,Spring,1
20230514,2023-05-14,2023,5,May,2,19,6,Sunday,Spring,1
20230515,2023-05-15,2023,5,May,2,20,0,Monday,Spring,0
20230516,2023-05-16,2023,5,May,2,20,1,Tuesday,Spring,0
20230517,2023-05-17,2023,5,May,2,20,2,Wednesday,Spring,0
20230518,2023-05-18,2023,5,May,2,20,3,Thursday,Spring,0
20230519,2023-05-19,2023,5,May,2,20,4,Friday,Spring,0
20230520,2023-05-20,2023,5,May,2,20,5,Saturday,Spring,1
20230521,2023-05-21,2023,5,May,2,20,6,Sunday,Spring,1
20230522,2023-05-22,2023,5,May,2,21,0,Monday,Spring,0
20230523,2023-05-23,2023,5,May,2,21,1,Tuesday,Spring,0
20230524,2023-05-24,2023,5,May,2,21,2,Wednesday,Spring,0
20230525,2023-05-25,2023,5,May,2,21,3,Thursday,Spring,0
20230526,2023-05-26,2023,5,May,2,21,4,Friday,Spring,0
20230527,2023-05-27,2023,5,May,2,21,5,Saturday,Spring,1
20230528,2023-05-28,2023,5,May,2,21,6,Sunday,Spring,1
20230529,2023-05-29,2023,5,May,2,22,0,Monday,Spring,0
20230530,2023-05-30,2023,5,May,2,22,1,Tuesday,Spring,0
20230531,2023-05-31,2023,5,May,2,22,2,Wednesday,Spring,0
20230601,2023-06-01,2023,6,June,2,22,3,Thursday,Summer,0
20230602,2023-06-02,2023,6,June,2,22,4,Friday,Summer,0
20230603,2023-06-03,2023,6,June,2,22,5,Saturday,Summer,1
20230604,2023-06-04,2023,6,June,2,22,6,Sunday,Summer,1
20230605,2023-06-05,2023,6,June,2,23,0,Monday,Summer,0
20230606,2023-06-06,2023,6,June,2,23,1,Tuesday,Summer,0
20230607,2023-06-07,2023,6,June,2,23,2,Wednesday,Summer,0
20230608,2023-06-08,2023,6,June,2,23,3,Thursday,Summer,0
20230609,2023-06-09,2023,6,June,2,23,4,Friday,Summer,0
20230610,2023-06-10,2023,6,June,2,23,5,Saturday,Summer,1
20230611,2023-06-11,2023,6,June,2,23,6,Sunday,Summer,1
20230612,2023-06-12,2023,6,June,2,24,0,Monday,Summer,0
20230613,2023-06-13,2023,6,June,2,24,1,Tuesday,Summer,0
20230614,2023-06-14,2023,6,June,2,24,2,Wednesday,Summer,0
20230615,2023-06-15,2023,6,June,2,24,3,Thursday,Summer,0
20230616,2023-06-16,2023,6,June,2,24,4,Friday,Summer,0
20230617,2023-06-17,2023,6,June,2,24,5,Saturday,Summer,1
20230618,2023-06-18,2023,6,June,2,24,6,Sunday,Summer,1
20230619,2023-06-19,2023,6,June,2,25,0,Monday,Summer,0
20230620,2023-06-20,2023,6,June,2,25,1,Tuesday,Summer,0
20230621,2023-06-21,2023,6,June,2,25,2,Wednesday,Summer,0
20230622,2023-06-22,2023,6,June,2,25,3,Thursday,Summer,0
20230623,2023-06-23,2023,6,June,2,25,4,Friday,Summer,0
20230624,2023-06-24,2023,6,June,2,25,5,Saturday,Summer,1
20230625,2023-06-25,2023,6,June,2,25,6,Sunday,Summer,1
20230626,2023-06-26,2023,6,June,2,26,0,Monday,Summer,0
20230627,2023-06-27,2023,6,June,2,26,1,Tuesday,Summer,0
20230628,2023-06-28,2023,6,June,2,26,2,Wednesday,Summer,0
20230629,2023-06-29,2023,6,June,2,26,3,Thursday,Summer,0
20230630,2023-06-30,2023,6,June,2,26,4,Friday,Summer,0
20230701,2023-07-01,2023,7,July,3,26,5,Saturday,Summer,1
20230702,2023-07-02,2023,7,July,3,26,6,Sunday,Summer,1
20230703,2023-07-03,2023,7,July,3,27,0,Monday,Summer,0
20230704,2023-07-04,2023,7,July,3,27,1,Tuesday,Summer,0
20230705,2023-07-05,2023,7,July,3,27,2,Wednesday,Summer,0
20230706,2023-07-06,2023,7,July,3,27,3,Thursday,Summer,0
20230707,2023-07-07,2023,7,July,3,27,4,Friday,Summer,0
20230708,2023-07-08,2023,7,July,3,27,5,Saturday,Summer,1
20230709,2023-07-09,2023,7,July,3,27,6,Sunday,Summer,1
20230710,2023-07-10,2023,7,July,3,28,0,Monday,Summer,0
20230711,2023-07-11,2023,7,July,3,28,1,Tuesday,Summer,0
20230712,2023-07-12,2023,7,July,3,28,2,Wednesday,Summer,0
20230713,2023-07-13,2023,7,July,3,28,3,Thursday,Summer,0
20230714,2023-07-14,2023,7,July,3,28,4,Friday,Summer,0
20230715,2023-07-15,2023,7,July,3,28,5,Saturday,Summer,1
20230716,2023-07-16,2023,7,July,3,28,6,Sunday,Summer,1
20230717,2023-07-17,2023,7,July,3,29,0,Monday,Summer,0
20230718,2023-07-18,2023,7,July,3,29,1,Tuesday,Summer,0
20230719,2023-07-19,2023,7,July,3,29,2,Wednesday,Summer,0
20230720,2023-07-20,2023,7,July,3,29,3,Thursday,Summer,0
20230721,2023-07-21,2023,7,July,3,29,4,Friday,Summer,0
20230722,2023-07-22,2023,7,July,3,29,5,Saturday,Summer,1
20230723,2023-07-23,2023,7,July,3,29,6,Sunday,Summer,1
20230724,2023-07-24,2023,7,July,3,30,0,Monday,Summer,0
20230725,2023-07-25,2023,7,July,3,30,1,Tuesday,Summer,0
20230726,2023-07-26,2023,7,July,3,30,2,Wednesday,Summer,0
20230727,2023-07-27,2023,7,July,3,30,3,Thursday,Summer,0
20230728,2023-07-28,2023,7,July,3,30,4,Friday,Summer,0
20230729,2023-07-29,2023,7,July,3,30,5,Saturday,Summer,1
20230730,2023-07-30,2023,7,July,3,30,6,Sunday,Summer,1
20230731,2023-07-31,2023,7,July,3,31,0,Monday,Summer,0
20230801,2023-08-01,2023,8,August,3,31,1,Tuesday,Summer,0
20230802,2023-08-02,2023,8,August,3,31,2,Wednesday,Summer,0
20230803,2023-08-03,2023,8,August,3,31,3,Thursday,Summer,0
20230804,2023-08-04,2023,8,August,3,31,4,Friday,Summer,0
20230805,2023-08-05,2023,8,August,3,31,5,Saturday,Summer,1
20230806,2023-08-06,2023,8,August,3,31,6,Sunday,Summer,1
20230807,2023-08-07,2023,8,August,3,32,0,Monday,Summer,0
20230808,2023-08-08,2023,8,August,3,32,1,Tuesday,Summer,0
20230809,2023-08-09,2023,8,August,3,32,2,Wednesday,Summer,0
20230810,2023-08-10,2023,8,August,3,32,3,Thursday,Summer,0
20230811,2023-08-11,2023,8,August,3,32,4,Friday,Summer,0
20230812,2023-08-12,2023,8,August,3,32,5,Saturday,Summer,1
20230813,2023-08-13,2023,8,August,3,32,6,Sunday,Summer,1
20230814,2023-08-14,2023,8,August,3,33,0,Monday,Summer,0
20230815,2023-08-15,2023,8,August,3,33,1,Tuesday,Summer,0
20230816,2023-08-16,2023,8,August,3,33,2,Wednesday,Summer,0
20230817,2023-08-17,2023,8,August,3,33,3,Thursday,Summer,0
20230818,2023-08-18,2023,8,August,3,33,4,Friday,Summer,0
20230819,2023-08-19,2023,8,August,3,33,5,Saturday,Summer,1
20230820,2023-08-20,2023,8,August,3,33,6,Sunday,Summer,1
20230821,2023-08-21,2023,8,August,3,34,0,Monday,Summer,0
20230822,2023-08-22,2023,8,August,3,34,1,Tuesday,Summer,0
20230823,2023-08-23,2023,8,August,3,34,2,Wednesday,Summer,0
20230824,2023-08-24,2023,8,August,3,34,3,Thursday,Summer,0
20230825,2023-08-25,2023,8,August,3,34,4,Friday,Summer,0
20230826,2023-08-26,2023,8,August,3,34,5,Saturday,Summer,1
20230827,2023-08-27,2023,8,August,3,34,6,Sunday,Summer,1
20230828,2023-08-28,2023,8,August,3,35,0,Monday,Summer,0
20230829,2023-08-29,2023,8,August,3,35,1,Tuesday,Summer,0
20230830,2023-08-30,2023,8,August,3,35,2,Wednesday,Summer,0
20230831,2023-08-31,2023,8,August,3,35,3,Thursday,Summer,0
20230901,2023-09-01,2023,9,September,3,35,4,Friday,Autumn,0
20230902,2023-09-02,2023,9,September,3,35,5,Saturday,Autumn,1
20230903,2023-09-03,2023,9,September,3,35,6,Sunday,Autumn,1
20230904,2023-09-04,2023,9,September,3,36,0,Monday,Autumn,0
20230905,2023-09-05,2023,9,September,3,36,1,Tuesday,Autumn,0
20230906,2023-09-06,2023,9,September,3,36,2,Wednesday,Autumn,0
20230907,2023-09-07,2023,9,September,3,36,3,Thursday,Autumn,0
20230908,2023-09-08,2023,9,September,3,36,4,Friday,Autumn,0
20230909,2023-09-09,2023,9,September,3,36,5,Saturday,Autumn,1
20230910,2023-09-10,2023,9,September,3,36,6,Sunday,Autumn,1
20230911,2023-09-11,2023,9,September,3,37,0,Monday,Autumn,0
20230912,2023-09-12,2023,9,September,3,37,1,Tuesday,Autumn,0
20230913,2023-09-13,2023,9,September,3,37,2,Wednesday,Autumn,0
20230914,2023-09-14,2023,9,September,3,37,3,Thursday,Autumn,0
20230915,2023-09-15,2023,9,September,3,37,4,Friday,Autumn,0
20230916,2023-09-16,2023,9,September,3,37,5,Saturday,Autumn,1
20230917,2023-09-17,2023,9,September,3,37,6,Sunday,Autumn,1
20230918,2023-09-18,2023,9,September,3,38,0,Monday,Autumn,0
20230919,2023-09-19,2023,9,September,3,38,1,Tuesday,Autumn,0
20230920,2023-09-20,2023,9,September,3,38,2,Wednesday,Autumn,0
20230921,2023-09-21,2023,9,September,3,38,3,Thursday,Autumn,0
20230922,2023-09-22,2023,9,September,3,38,4,Friday,Autumn,0
20230923,2023-09-23,2023,9,September,3,38,5,Saturday,Autumn,1
20230924,2023-09-24,2023,9,September,3,38,6,Sunday,Autumn,1
20230925,2023-09-25,2023,9,September,3,39,0,Monday,Autumn,0
20230926,2023-09-26,2023,9,September,3,39,1,Tuesday,Autumn,0
20230927,2023-09-27,2023,9,September,3,39,2,Wednesday,Autumn,0
20230928,2023-09-28,2023,9,September,3,39,3,Thursday,Autumn,0
20230929,2023-09-29,2023,9,September,3,39,4,Friday,Autumn,0
20230930,2023-09-30,2023,9,September,3,39,5,Saturday,Autumn,1
20231001,2023-10-01,2023,10,October,4,39,6,Sunday,Autumn,1
20231002,2023-10-02,2023,10,October,4,40,0,Monday,Autumn,0
20231003,2023-10-03,2023,10,October,4,40,1,Tuesday,Autumn,0
20231004,2023-10-04,2023,10,October,4,40,2,Wednesday,Autumn,0
20231005,2023-10-05,2023,10,October,4,40,3,Thursday,Autumn,0
20231006,2023-10-06,2023,10,October,4,40,4,Friday,Autumn,0
20231007,2023-10-07,2023,10,October,4,40,5,Saturday,Autumn,1
20231008,2023-10-08,2023,10,October,4,40,6,Sunday,Autumn,1
20231009,2023-10-09,2023,10,October,4,41,0,Monday,Autumn,0
20231010,2023-10-10,2023,10,October,4,41,1,Tuesday,Autumn,0
20231011,2023-10-11,2023,10,October,4,41,2,Wednesday,Autumn,0
20231012,2023-10-12,2023,10,October,4,41,3,Thursday,Autumn,0
20231013,2023-10-13,2023,10,October,4,41,4,Friday,Autumn,0
20231014,2023-10-14,2023,10,October,4,41,5,Saturday,Autumn,1
20231015,2023-10-15,2023,10,October,4,41,6,Sunday,Autumn,1
20231016,2023-10-16,2023,10,October,4,42,0,Monday,Autumn,0
20231017,2023-10-17,2023,10,October,4,42,1,Tuesday,Autumn,0
20231018,2023-10-18,2023,10,October,4,42,2,Wednesday,Autumn,0
20231019,2023-10-19,2023,10,October,4,42,3,Thursday,Autumn,0
20231020,2023-10-20,2023,10,October,4,42,4,Friday,Autumn,0
20231021,2023-10-21,2023,10,October,4,42,5,Saturday,Autumn,1
20231022,2023-10-22,2023,10,October,4,42,6,Sunday,Autumn,1
20231023,2023-10-23,2023,10,October,4,43,0,Monday,Autumn,0
20231024,2023-10-24,2023,10,October,4,43,1,Tuesday,Autumn,0
20231025,2023-10-25,2023,10,October,4,43,2,Wednesday,Autumn,0
20231026,2023-10-26,2023,10,October,4,43,3,Thursday,Autumn,0
20231027,2023-10-27,2023,10,October,4,43,4,Friday,Autumn,0
20231028,2023-10-28,2023,10,October,4,43,5,Saturday,Autumn,1
20231029,2023-10-29,2023,10,October,4,43,6,Sunday,Autumn,1
20231030,2023-10-30,2023,10,October,4,44,0,Monday,Autumn,0
20231031,2023-10-31,2023,10,October,4,44,1,Tuesday,Autumn,0
20231101,2023-11-01,2023,11,November,4,44,2,Wednesday,Autumn,0
20231102,2023-11-02,2023,11,November,4,44,3,Thursday,Autumn,0
20231103,2023-11-03,2023,11,November,4,44,4,Friday,Autumn,0
20231104,2023-11-04,2023,11,November,4,44,5,Saturday,Autumn,1
20231105,2023-11-05,2023,11,November,4,44,6,Sunday,Autumn,1
20231106,2023-11-06,2023,11,November,4,45,0,Monday,Autumn,0
20231107,2023-11-07,2023,11,November,4,45,1,Tuesday,Autumn,0
20231108,2023-11-08,2023,11,November,4,45,2,Wednesday,Autumn,0
20231109,2023-11-09,2023,11,November,4,45,3,Thursday,Autumn,0
20231110,2023-11-10,2023,11,November,4,45,4,Friday,Autumn,0
20231111,2023-11-11,2023,11,November,4,45,5,Saturday,Autumn,1
20231112,2023-11-12,2023,11,November,4,45,6,Sunday,Autumn,1
20231113,2023-11-13,2023,11,November,4,46,0,Monday,Autumn,0
20231114,2023-11-14,2023,11,November,4,46,1,Tuesday,Autumn,0
20231115,2023-11-15,2023,11,November,4,46,2,Wednesday,Autumn,0
20231116,2023-11-16,2023,11,November,4,46,3,Thursday,Autumn,0
20231117,2023-11-17,2023,11,November,4,46,4,Friday,Autumn,0
20231118,2023-11-18,2023,11,November,4,46,5,Saturday,Autumn,1
20231119,2023-11-19,2023,11,November,4,46,6,Sunday,Autumn,1
20231120,2023-11-20,2023,11,November,4,47,0,Monday,Autumn,0
20231121,2023-11-21,2023,11,November,4,47,1,Tuesday,Autumn,0
20231122,2023-11-22,2023,11,November,4,47,2,Wednesday,Autumn,0
20231123,2023-11-23,2023,11,November,4,47,3,Thursday,Autumn,0
20231124,2023-11-24,2023,11,November,4,47,4,Friday,Autumn,0
20231125,2023-11-25,2023,11,November,4,47,5,Saturday,Autumn,1
20231126,2023-11-26,2023,11,November,4,47,6,Sunday,Autumn,1
20231127,2023-11-27,2023,11,November,4,48,0,Monday,Autumn,0
20231128,2023-11-28,2023,11,November,4,48,1,Tuesday,Autumn,0
20231129,2023-11-29,2023,11,November,4,48,2,Wednesday,Autumn,0
20231130,2023-11-30,2023,11,November,4,48,3,Thursday,Autumn,0
20231201,2023-12-01,2023,12,December,4,48,4,Friday,Winter,0
20231202,2023-12-02,2023,12,December,4,48,5,Saturday,Winter,1
20231203,2023-12-03,2023,12,December,4,48,6,Sunday,Winter,1
20231204,2023-12-04,2023,12,December,4,49,0,Monday,Winter,0
20231205,2023-12-05,2023,12,December,4,49,1,Tuesday,Winter,0
20231206,2023-12-06,2023,12,December,4,49,2,Wednesday,Winter,0
20231207,2023-12-07,2023,12,December,4,49,3,Thursday,Winter,0
20231208,2023-12-08,2023,12,December,4,49,4,Friday,Winter,0
20231209,2023-12-09,2023,12,December,4,49,5,Saturday,Winter,1
20231210,2023-12-10,2023,12,December,4,49,6,Sunday,Winter,1
20231211,2023-12-11,2023,12,December,4,50,0,Monday,Winter,0
20231212,2023-12-12,2023,12,December,4,50,1,Tuesday,Winter,0
20231213,2023-12-13,2023,12,December,4,50,2,Wednesday,Winter,0
20231214,2023-12-14,2023,12,December,4,50,3,Thursday,Winter,0
20231215,2023-12-15,2023,12,December,4,50,4,Friday,Winter,0
20231216,2023-12-16,2023,12,December,4,50,5,Saturday,Winter,1
20231217,2023-12-17,2023,12,December,4,50,6,Sunday,Winter,1
20231218,2023-12-18,2023,12,December,4,51,0,Monday,Winter,0
20231219,2023-12-19,2023,12,December,4,51,1,Tuesday,Winter,0
20231220,2023-12-20,2023,12,December,4,51,2,Wednesday,Winter,0
20231221,2023-12-21,2023,12,December,4,51,3,Thursday,Winter,0
20231222,2023-12-22,2023,12,December,4,51,4,Friday,Winter,0
20231223,2023-12-23,2023,12,December,4,51,5,Saturday,Winter,1
20231224,2023-12-24,2023,12,December,4,51,6,Sunday,Winter,1
20231225,2023-12-25,2023,12,December,4,52,0,Monday,Winter,0
20231226,2023-12-26,2023,12,December,4,52,1,Tuesday,Winter,0
20231227,2023-12-27,2023,12,December,4,52,2,Wednesday,Winter,0
20231228,2023-12-28,2023,12,December,4,52,3,Thursday,Winter,0
20231229,2023-12-29,2023,12,December,4,52,4,Friday,Winter,0
20231230,2023-12-30,2023,12,December,4,52,5,Saturday,Winter,1
20231231,2023-12-31,2023,12,December,4,52,6,Sunday,Winter,1
20240101,2024-01-01,2024,1,January,1,1,0,Monday,Winter,0
20240102,2024-01-02,2024,1,January,1,1,1,Tuesday,Winter,0
20240103,2024-01-03,2024,1,January,1,1,2,Wednesday,Winter,0
20240104,2024-01-04,2024,1,January,1,1,3,Thursday,Winter,0
20240105,2024-01-05,2024,1,January,1,1,4,Friday,Winter,0
20240106,2024-01-06,2024,1,January,1,1,5,Saturday,Winter,1
20240107,2024-01-07,2024,1,January,1,1,6,Sunday,Winter,1
20240108,2024-01-08,2024,1,January,1,2,0,Monday,Winter,0
20240109,2024-01-09,2024,1,January,1,2,1,Tuesday,Winter,0
20240110,2024-01-10,2024,1,January,1,2,2,Wednesday,Winter,0
20240111,2024-01-11,2024,1,January,1,2,3,Thursday,Winter,0
20240112,2024-01-12,2024,1,January,1,2,4,Friday,Winter,0
20240113,2024-01-13,2024,1,January,1,2,5,Saturday,Winter,1
20240114,2024-01-14,2024,1,January,1,2,6,Sunday,Winter,1
20240115,2024-01-15,2024,1,January,1,3,0,Monday,Winter,0
20240116,2024-01-16,2024,1,January,1,3,1,Tuesday,Winter,0
20240117,2024-01-17,2024,1,January,1,3,2,Wednesday,Winter,0
20240118,2024-01-18,2024,1,January,1,3,3,Thursday,Winter,0
20240119,2024-01-19,2024,1,January,1,3,4,Friday,Winter,0
20240120,2024-01-20,2024,1,January,1,3,5,Saturday,Winter,1
20240121,2024-01-21,2024,1,January,1,3,6,Sunday,Winter,1
20240122,2024-01-22,2024,1,January,1,4,0,Monday,Winter,0
20240123,2024-01-23,2024,1,January,1,4,1,Tuesday,Winter,0
20240124,2024-01-24,2024,1,January,1,4,2,Wednesday,Winter,0
20240125,2024-01-25,2024,1,January,1,4,3,Thursday,Winter,0
20240126,2024-01-26,2024,1,January,1,4,4,Friday,Winter,0
20240127,2024-01-27,2024,1,January,1,4,5,Saturday,Winter,1
20240128,2024-01-28,2024,1,January,1,4,6,Sunday,Winter,1
20240129,2024-01-29,2024,1,January,1,5,0,Monday,Winter,0
20240130,2024-01-30,2024,1,January,1,5,1,Tuesday,Winter,0
20240131,2024-01-31,2024,1,January,1,5,2,Wednesday,Winter,0
20240201,2024-02-01,2024,2,February,1,5,3,Thursday,Winter,0
20240202,2024-02-02,2024,2,February,1,5,4,Friday,Winter,0
20240203,2024-02-03,2024,2,February,1,5,5,Saturday,Winter,1
20240204,2024-02-04,2024,2,February,1,5,6,Sunday,Winter,1
20240205,2024-02-05,2024,2,February,1,6,0,Monday,Winter,0
20240206,2024-02-06,2024,2,February,1,6,1,Tuesday,Winter,0
20240207,2024-02-07,2024,2,February,1,6,2,Wednesday,Winter,0
20240208,2024-02-08,2024,2,February,1,6,3,Thursday,Winter,0
20240209,2024-02-09,2024,2,February,1,6,4,Friday,Winter,0
20240210,2024-02-10,2024,2,February,1,6,5,Saturday,Winter,1
20240211,2024-02-11,2024,2,February,1,6,6,Sunday,Winter,1
20240212,2024-02-12,2024,2,February,1,7,0,Monday,Winter,0
20240213,2024-02-13,2024,2,February,1,7,1,Tuesday,Winter,0
20240214,2024-02-14,2024,2,February,1,7,2,Wednesday,Winter,0
20240215,2024-02-15,2024,2,February,1,7,3,Thursday,Winter,0
20240216,2024-02-16,2024,2,February,1,7,4,Friday,Winter,0
20240217,2024-02-17,2024,2,February,1,7,5,Saturday,Winter,1
20240218,2024-02-18,2024,2,February,1,7,6,Sunday,Winter,1
20240219,2024-02-19,2024,2,February,1,8,0,Monday,Winter,0
20240220,2024-02-20,2024,2,February,1,8,1,Tuesday,Winter,0
20240221,2024-02-21,2024,2,February,1,8,2,Wednesday,Winter,0
20240222,2024-02-22,2024,2,February,1,8,3,Thursday,Winter,0
20240223,2024-02-23,2024,2,February,1,8,4,Friday,Winter,0
20240224,2024-02-24,2024,2,February,1,8,5,Saturday,Winter,1
20240225,2024-02-25,2024,2,February,1,8,6,Sunday,Winter,1
20240226,2024-02-26,2024,2,February,1,9,0,Monday,Winter,0
20240227,2024-02-27,2024,2,February,1,9,1,Tuesday,Winter,0
20240228,2024-02-28,2024,2,February,1,9,2,Wednesday,Winter,0
20240229,2024-02-29,2024,2,February,1,9,3,Thursday,Winter,0
20240301,2024-03-01,2024,3,March,1,9,4,Friday,Spring,0
20240302,2024-03-02,2024,3,March,1,9,5,Saturday,Spring,1
20240303,2024-03-03,2024,3,March,1,9,6,Sunday,Spring,1
20240304,2024-03-04,2024,3,March,1,10,0,Monday,Spring,0
20240305,2024-03-05,2024,3,March,1,10,1,Tuesday,Spring,0
20240306,2024-03-06,2024,3,March,1,10,2,Wednesday,Spring,0
20240307,2024-03-07,2024,3,March,1,10,3,Thursday,Spring,0
20240308,2024-03-08,2024,3,March,1,10,4,Friday,Spring,0
20240309,2024-03-09,2024,3,March,1,10,5,Saturday,Spring,1
20240310,2024-03-10,2024,3,March,1,10,6,Sunday,Spring,1
20240311,2024-03-11,2024,3,March,1,11,0,Monday,Spring,0
20240312,2024-03-12,2024,3,March,1,11,1,Tuesday,Spring,0
20240313,2024-03-13,2024,3,March,1,11,2,Wednesday,Spring,0
20240314,2024-03-14,2024,3,March,1,11,3,Thursday,Spring,0
20240315,2024-03-15,2024,3,March,1,11,4,Friday,Spring,0
20240316,2024-03-16,2024,3,March,1,11,5,Saturday,Spring,1
20240317,2024-03-17,2024,3,March,1,11,6,Sunday,Spring,1
20240318,2024-03-18,2024,3,March,1,12,0,Monday,Spring,0
20240319,2024-03-19,2024,3,March,1,12,1,Tuesday,Spring,0
20240320,2024-03-20,2024,3,March,1,12,2,Wednesday,Spring,0
20240321,2024-03-21,2024,3,March,1,12,3,Thursday,Spring,0
20240322,2024-03-22,2024,3,March,1,12,4,Friday,Spring,0
20240323,2024-03-23,2024,3,March,1,12,5,Saturday,Spring,1
20240324,2024-03-24,2024,3,March,1,12,6,Sunday,Spring,1
20240325,2024-03-25,2024,3,March,1,13,0,Monday,Spring,0
20240326,2024-03-26,2024,3,March,1,13,1,Tuesday,Spring,0
20240327,2024-03-27,2024,3,March,1,13,2,Wednesday,Spring,0
20240328,2024-03-28,2024,3,March,1,13,3,Thursday,Spring,0
20240329,2024-03-29,2024,3,March,1,13,4,Friday,Spring,0
20240330,2024-03-30,2024,3,March,1,13,5,Saturday,Spring,1
20240331,2024-03-31,2024,3,March,1,13,6,Sunday,Spring,1
20240401,2024-04-01,2024,4,April,2,14,0,Monday,Spring,0
20240402,2024-04-02,2024,4,April,2,14,1,Tuesday,Spring,0
20240403,2024-04-03,2024,4,April,2,14,2,Wednesday,Spring,0
20240404,2024-04-04,2024,4,April,2,14,3,Thursday,Spring,0
20240405,2024-04-05,2024,4,April,2,14,4,Friday,Spring,0
20240406,2024-04-06,2024,4,April,2,14,5,Saturday,Spring,1
20240407,2024-04-07,2024,4,April,2,14,6,Sunday,Spring,1
20240408,2024-04-08,2024,4,April,2,15,0,Monday,Spring,0
20240409,2024-04-09,2024,4,April,2,15,1,Tuesday,Spring,0
20240410,2024-04-10,2024,4,April,2,15,2,Wednesday,Spring,0
20240411,2024-04-11,2024,4,April,2,15,3,Thursday,Spring,0
20240412,2024-04-12,2024,4,April,2,15,4,Friday,Spring,0
20240413,2024-04-13,2024,4,April,2,15,5,Saturday,Spring,1
20240414,2024-04-14,2024,4,April,2,15,6,Sunday,Spring,1
20240415,2024-04-15,2024,4,April,2,16,0,Monday,Spring,0
20240416,2024-04-16,2024,4,April,2,16,1,Tuesday,Spring,0
20240417,2024-04-17,2024,4,April,2,16,2,Wednesday,Spring,0
20240418,2024-04-18,2024,4,April,2,16,3,Thursday,Spring,0
20240419,2024-04-19,2024,4,April,2,16,4,Friday,Spring,0
20240420,2024-04-20,2024,4,April,2,16,5,Saturday,Spring,1
20240421,2024-04-21,2024,4,April,2,16,6,Sunday,Spring,1
20240422,2024-04-22,2024,4,April,2,17,0,Monday,Spring,0
20240423,2024-04-23,2024,4,April,2,17,1,Tuesday,Spring,0
20240424,2024-04-24,2024,4,April,2,17,2,Wednesday,Spring,0
20240425,2024-04-25,2024,4,April,2,17,3,Thursday,Spring,0
20240426,2024-04-26,2024,4,April,2,17,4,Friday,Spring,0
20240427,2024-04-27,2024,4,April,2,17,5,Saturday,Spring,1
20240428,2024-04-28,2024,4,April,2,17,6,Sunday,Spring,1
20240429,2024-04-29,2024,4,April,2,18,0,Monday,Spring,0
20240430,2024-04-30,2024,4,April,2,18,1,Tuesday,Spring,0
20240501,2024-05-01,2024,5,May,2,18,2,Wednesday,Spring,0
20240502,2024-05-02,2024,5,May,2,18,3,Thursday,Spring,0
20240503,2024-05-03,2024,5,May,2,18,4,Friday,Spring,0
20240504,2024-05-04,2024,5,May,2,18,5,Saturday,Spring,1
20240505,2024-05-05,2024,5,May,2,18,6,Sunday,Spring,1
20240506,2024-05-06,2024,5,May,2,19,0,Monday,Spring,0
20240507,2024-05-07,2024,5,May,2,19,1,Tuesday,Spring,0
20240508,2024-05-08,2024,5,May,2,19,2,Wednesday,Spring,0
20240509,2024-05-09,2024,5,May,2,19,3,Thursday,Spring,0
20240510,2024-05-10,2024,5,May,2,19,4,Friday,Spring,0
20240511,2024-05-11,2024,5,May,2,19,5,Saturday,Spring,1
20240512,2024-05-12,2024,5,May,2,19,6,Sunday,Spring,1
20240513,2024-05-13,2024,5,May,2,20,0,Monday,Spring,0
20240514,2024-05-14,2024,5,May,2,20,1,Tuesday,Spring,0
20240515,2024-05-15,2024,5,May,2,20,2,Wednesday,Spring,0
20240516,2024-05-16,2024,5,May,2,20,3,Thursday,Spring,0
20240517,2024-05-17,2024,5,May,2,20,4,Friday,Spring,0
20240518,2024-05-18,2024,5,May,2,20,5,Saturday,Spring,1
20240519,2024-05-19,2024,5,May,2,20,6,Sunday,Spring,1
20240520,2024-05-20,2024,5,May,2,21,0,Monday,Spring,0
20240521,2024-05-21,2024,5,May,2,21,1,Tuesday,Spring,0
20240522,2024-05-22,2024,5,May,2,21,2,Wednesday,Spring,0
20240523,2024-05-23,2024,5,May,2,21,3,Thursday,Spring,0
20240524,2024-05-24,2024,5,May,2,21,4,Friday,Spring,0
20240525,2024-05-25,2024,5,May,2,21,5,Saturday,Spring,1
20240526,2024-05-26,2024,5,May,2,21,6,Sunday,Spring,1
20240527,2024-05-27,2024,5,May,2,22,0,Monday,Spring,0
20240528,2024-05-28,2024,5,May,2,22,1,Tuesday,Spring,0
20240529,2024-05-29,2024,5,May,2,22,2,Wednesday,Spring,0
20240530,2024-05-30,2024,5,May,2,22,3,Thursday,Spring,0
20240531,2024-05-31,2024,5,May,2,22,4,Friday,Spring,0
20240601,2024-06-01,2024,6,June,2,22,5,Saturday,Summer,1
20240602,2024-06-02,2024,6,June,2,22,6,Sunday,Summer,1
20240603,2024-06-03,2024,6,June,2,23,0,Monday,Summer,0
20240604,2024-06-04,2024,6,June,2,23,1,Tuesday,Summer,0
20240605,2024-06-05,2024,6,June,2,23,2,Wednesday,Summer,0
20240606,2024-06-06,2024,6,June,2,23,3,Thursday,Summer,0
20240607,2024-06-07,2024,6,June,2,23,4,Friday,Summer,0
20240608,2024-06-08,2024,6,June,2,23,5,Saturday,Summer,1
20240609,2024-06-09,2024,6,June,2,23,6,Sunday,Summer,1
20240610,2024-06-10,2024,6,June,2,24,0,Monday,Summer,0
20240611,2024-06-11,2024,6,June,2,24,1,Tuesday,Summer,0
20240612,2024-06-12,2024,6,June,2,24,2,Wednesday,Summer,0
20240613,2024-06-13,2024,6,June,2,24,3,Thursday,Summer,0
20240614,2024-06-14,2024,6,June,2,24,4,Friday,Summer,0
20240615,2024-06-15,2024,6,June,2,24,5,Saturday,Summer,1
20240616,2024-06-16,2024,6,June,2,24,6,Sunday,Summer,1
20240617,2024-06-17,2024,6,June,2,25,0,Monday,Summer,0
20240618,2024-06-18,2024,6,June,2,25,1,Tuesday,Summer,0
20240619,2024-06-19,2024,6,June,2,25,2,Wednesday,Summer,0
20240620,2024-06-20,2024,6,June,2,25,3,Thursday,Summer,0
20240621,2024-06-21,2024,6,June,2,25,4,Friday,Summer,0
20240622,2024-06-22,2024,6,June,2,25,5,Saturday,Summer,1
20240623,2024-06-23,2024,6,June,2,25,6,Sunday,Summer,1
20240624,2024-06-24,2024,6,June,2,26,0,Monday,Summer,0
20240625,2024-06-25,2024,6,June,2,26,1,Tuesday,Summer,0
20240626,2024-06-26,2024,6,June,2,26,2,Wednesday,Summer,0
20240627,2024-06-27,2024,6,June,2,26,3,Thursday,Summer,0
20240628,2024-06-28,2024,6,June,2,26,4,Friday,Summer,0
20240629,2024-06-29,2024,6,June,2,26,5,Saturday,Summer,1
20240630,2024-06-30,2024,6,June,2,26,6,Sunday,Summer,1
20240701,2024-07-01,2024,7,July,3,27,0,Monday,Summer,0
20240702,2024-07-02,2024,7,July,3,27,1,Tuesday,Summer,0
20240703,2024-07-03,2024,7,July,3,27,2,Wednesday,Summer,0
20240704,2024-07-04,2024,7,July,3,27,3,Thursday,Summer,0
20240705,2024-07-05,2024,7,July,3,27,4,Friday,Summer,0
20240706,2024-07-06,2024,7,July,3,27,5,Saturday,Summer,1
20240707,2024-07-07,2024,7,July,3,27,6,Sunday,Summer,1
20240708,2024-07-08,2024,7,July,3,28,0,Monday,Summer,0
20240709,2024-07-09,2024,7,July,3,28,1,Tuesday,Summer,0
20240710,2024-07-10,2024,7,July,3,28,2,Wednesday,Summer,0
20240711,2024-07-11,2024,7,July,3,28,3,Thursday,Summer,0
20240712,2024-07-12,2024,7,July,3,28,4,Friday,Summer,0
20240713,2024-07-13,2024,7,July,3,28,5,Saturday,Summer,1
20240714,2024-07-14,2024,7,July,3,28,6,Sunday,Summer,1
20240715,2024-07-15,2024,7,July,3,29,0,Monday,Summer,0
20240716,2024-07-16,2024,7,July,3,29,1,Tuesday,Summer,0
20240717,2024-07-17,2024,7,July,3,29,2,Wednesday,Summer,0
20240718,2024-07-18,2024,7,July,3,29,3,Thursday,Summer,0
20240719,2024-07-19,2024,7,July,3,29,4,Friday,Summer,0
20240720,2024-07-20,2024,7,July,3,29,5,Saturday,Summer,1
20240721,2024-07-21,2024,7,July,3,29,6,Sunday,Summer,1
20240722,2024-07-22,2024,7,July,3,30,0,Monday,Summer,0
20240723,2024-07-23,2024,7,July,3,30,1,Tuesday,Summer,0
20240724,2024-07-24,2024,7,July,3,30,2,Wednesday,Summer,0
20240725,2024-07-25,2024,7,July,3,30,3,Thursday,Summer,0
20240726,2024-07-26,2024,7,July,3,30,4,Friday,Summer,0
20240727,2024-07-27,2024,7,July,3,30,5,Saturday,Summer,1
20240728,2024-07-28,2024,7,July,3,30,6,Sunday,Summer,1
20240729,2024-07-29,2024,7,July,3,31,0,Monday,Summer,0
20240730,2024-07-30,2024,7,July,3,31,1,Tuesday,Summer,0
20240731,2024-07-31,2024,7,July,3,31,2,Wednesday,Summer,0
20240801,2024-08-01,2024,8,August,3,31,3,Thursday,Summer,0
20240802,2024-08-02,2024,8,August,3,31,4,Friday,Summer,0
20240803,2024-08-03,2024,8,August,3,31,5,Saturday,Summer,1
20240804,2024-08-04,2024,8,August,3,31,6,Sunday,Summer,1
20240805,2024-08-05,2024,8,August,3,32,0,Monday,Summer,0
20240806,2024-08-06,2024,8,August,3,32,1,Tuesday,Summer,0
20240807,2024-08-07,2024,8,August,3,32,2,Wednesday,Summer,0
20240808,2024-08-08,2024,8,August,3,32,3,Thursday,Summer,0
20240809,2024-08-09,2024,8,August,3,32,4,Friday,Summer,0
20240810,2024-08-10,2024,8,August,3,32,5,Saturday,Summer,1
20240811,2024-08-11,2024,8,August,3,32,6,Sunday,Summer,1
20240812,2024-08-12,2024,8,August,3,33,0,Monday,Summer,0
20240813,2024-08-13,2024,8,August,3,33,1,Tuesday,Summer,0
20240814,2024-08-14,2024,8,August,3,33,2,Wednesday,Summer,0
20240815,2024-08-15,2024,8,August,3,33,3,Thursday,Summer,0
20240816,2024-08-16,2024,8,August,3,33,4,Friday,Summer,0
20240817,2024-08-17,2024,8,August,3,33,5,Saturday,Summer,1
20240818,2024-08-18,2024,8,August,3,33,6,Sunday,Summer,1
20240819,2024-08-19,2024,8,August,3,34,0,Monday,Summer,0
20240820,2024-08-20,2024,8,August,3,34,1,Tuesday,Summer,0
20240821,2024-08-21,2024,8,August,3,34,2,Wednesday,Summer,0
20240822,2024-08-22,2024,8,August,3,34,3,Thursday,Summer,0
20240823,2024-08-23,2024,8,August,3,34,4,Friday,Summer,0
20240824,2024-08-24,2024,8,August,3,34,5,Saturday,Summer,1
20240825,2024-08-25,2024,8,August,3,34,6,Sunday,Summer,1
20240826,2024-08-26,2024,8,August,3,35,0,Monday,Summer,0
20240827,2024-08-27,2024,8,August,3,35,1,Tuesday,Summer,0
20240828,2024-08-28,2024,8,August,3,35,2,Wednesday,Summer,0
20240829,2024-08-29,2024,8,August,3,35,3,Thursday,Summer,0
20240830,2024-08-30,2024,8,August,3,35,4,Friday,Summer,0
20240831,2024-08-31,2024,8,August,3,35,5,Saturday,Summer,1
20240901,2024-09-01,2024,9,September,3,35,6,Sunday,Autumn,1
20240902,2024-09-02,2024,9,September,3,36,0,Monday,Autumn,0
20240903,2024-09-03,2024,9,September,3,36,1,Tuesday,Autumn,0
20240904,2024-09-04,2024,9,September,3,36,2,Wednesday,Autumn,0
20240905,2024-09-05,2024,9,September,3,36,3,Thursday,Autumn,0
20240906,2024-09-06,2024,9,September,3,36,4,Friday,Autumn,0
20240907,2024-09-07,2024,9,September,3,36,5,Saturday,Autumn,1
20240908,2024-09-08,2024,9,September,3,36,6,Sunday,Autumn,1
20240909,2024-09-09,2024,9,September,3,37,0,Monday,Autumn,0
20240910,2024-09-10,2024,9,September,3,37,1,Tuesday,Autumn,0
20240911,2024-09-11,2024,9,September,3,37,2,Wednesday,Autumn,0
20240912,2024-09-12,2024,9,September,3,37,3,Thursday,Autumn,0
20240913,2024-09-13,2024,9,September,3,37,4,Friday,Autumn,0
20240914,2024-09-14,2024,9,September,3,37,5,Saturday,Autumn,1
20240915,2024-09-15,2024,9,September,3,37,6,Sunday,Autumn,1
20240916,2024-09-16,2024,9,September,3,38,0,Monday,Autumn,0
20240917,2024-09-17,2024,9,September,3,38,1,Tuesday,Autumn,0
20240918,2024-09-18,2024,9,September,3,38,2,Wednesday,Autumn,0
20240919,2024-09-19,2024,9,September,3,38,3,Thursday,Autumn,0
20240920,2024-09-20,2024,9,September,3,38,4,Friday,Autumn,0
20240921,2024-09-21,2024,9,September,3,38,5,Saturday,Autumn,1
20240922,2024-09-22,2024,9,September,3,38,6,Sunday,Autumn,1
20240923,2024-09-23,2024,9,September,3,39,0,Monday,Autumn,0
20240924,2024-09-24,2024,9,September,3,39,1,Tuesday,Autumn,0
20240925,2024-09-25,2024,9,September,3,39,2,Wednesday,Autumn,0
20240926,2024-09-26,2024,9,September,3,39,3,Thursday,Autumn,0
20240927,2024-09-27,2024,9,September,3,39,4,Friday,Autumn,0
20240928,2024-09-28,2024,9,September,3,39,5,Saturday,Autumn,1
20240929,2024-09-29,2024,9,September,3,39,6,Sunday,Autumn,1
20240930,2024-09-30,2024,9,September,3,40,0,Monday,Autumn,0
20241001,2024-10-01,2024,10,October,4,40,1,Tuesday,Autumn,0
20241002,2024-10-02,2024,10,October,4,40,2,Wednesday,Autumn,0
20241003,2024-10-03,2024,10,October,4,40,3,Thursday,Autumn,0
20241004,2024-10-04,2024,10,October,4,40,4,Friday,Autumn,0
20241005,2024-10-05,2024,10,October,4,40,5,Saturday,Autumn,1
20241006,2024-10-06,2024,10,October,4,40,6,Sunday,Autumn,1
20241007,2024-10-07,2024,10,October,4,41,0,Monday,Autumn,0
20241008,2024-10-08,2024,10,October,4,41,1,Tuesday,Autumn,0
20241009,2024-10-09,2024,10,October,4,41,2,Wednesday,Autumn,0
20241010,2024-10-10,2024,10,October,4,41,3,Thursday,Autumn,0
20241011,2024-10-11,2024,10,October,4,41,4,Friday,Autumn,0
20241012,2024-10-12,2024,10,October,4,41,5,Saturday,Autumn,1
20241013,2024-10-13,2024,10,October,4,41,6,Sunday,Autumn,1
20241014,2024-10-14,2024,10,October,4,42,0,Monday,Autumn,0
20241015,2024-10-15,2024,10,October,4,42,1,Tuesday,Autumn,0
20241016,2024-10-16,2024,10,October,4,42,2,Wednesday,Autumn,0
20241017,2024-10-17,2024,10,October,4,42,3,Thursday,Autumn,0
20241018,2024-10-18,2024,10,October,4,42,4,Friday,Autumn,0
20241019,2024-10-19,2024,10,October,4,42,5,Saturday,Autumn,1
20241020,2024-10-20,2024,10,October,4,42,6,Sunday,Autumn,1
20241021,2024-10-21,2024,10,October,4,43,0,Monday,Autumn,0
20241022,2024-10-22,2024,10,October,4,43,1,Tuesday,Autumn,0
20241023,2024-10-23,2024,10,October,4,43,2,Wednesday,Autumn,0
20241024,2024-10-24,2024,10,October,4,43,3,Thursday,Autumn,0
20241025,2024-10-25,2024,10,October,4,43,4,Friday,Autumn,0
20241026,2024-10-26,2024,10,October,4,43,5,Saturday,Autumn,1
20241027,2024-10-27,2024,10,October,4,43,6,Sunday,Autumn,1
20241028,2024-10-28,2024,10,October,4,44,0,Monday,Autumn,0
20241029,2024-10-29,2024,10,October,4,44,1,Tuesday,Autumn,0
20241030,2024-10-30,2024,10,October,4,44,2,Wednesday,Autumn,0
20241031,2024-10-31,2024,10,October,4,44,3,Thursday,Autumn,0
20241101,2024-11-01,2024,11,November,4,44,4,Friday,Autumn,0
20241102,2024-11-02,2024,11,November,4,44,5,Saturday,Autumn,1
20241103,2024-11-03,2024,11,November,4,44,6,Sunday,Autumn,1
20241104,2024-11-04,2024,11,November,4,45,0,Monday,Autumn,0
20241105,2024-11-05,2024,11,November,4,45,1,Tuesday,Autumn,0
20241106,2024-11-06,2024,11,November,4,45,2,Wednesday,Autumn,0
20241107,2024-11-07,2024,11,November,4,45,3,Thursday,Autumn,0
20241108,2024-11-08,2024,11,November,4,45,4,Friday,Autumn,0
20241109,2024-11-09,2024,11,November,4,45,5,Saturday,Autumn,1
20241110,2024-11-10,2024,11,November,4,45,6,Sunday,Autumn,1
20241111,2024-11-11,2024,11,November,4,46,0,Monday,Autumn,0
20241112,2024-11-12,2024,11,November,4,46,1,Tuesday,Autumn,0
20241113,2024-11-13,2024,11,November,4,46,2,Wednesday,Autumn,0
20241114,2024-11-14,2024,11,November,4,46,3,Thursday,Autumn,0
20241115,2024-11-15,2024,11,November,4,46,4,Friday,Autumn,0
20241116,2024-11-16,2024,11,November,4,46,5,Saturday,Autumn,1
20241117,2024-11-17,2024,11,November,4,46,6,Sunday,Autumn,1
20241118,2024-11-18,2024,11,November,4,47,0,Monday,Autumn,0
20241119,2024-11-19,2024,11,November,4,47,1,Tuesday,Autumn,0
20241120,2024-11-20,2024,11,November,4,47,2,Wednesday,Autumn,0
20241121,2024-11-21,2024,11,November,4,47,3,Thursday,Autumn,0
20241122,2024-11-22,2024,11,November,4,47,4,Friday,Autumn,0
20241123,2024-11-23,2024,11,November,4,47,5,Saturday,Autumn,1
20241124,2024-11-24,2024,11,November,4,47,6,Sunday,Autumn,1
20241125,2024-11-25,2024,11,November,4,48,0,Monday,Autumn,0
20241126,2024-11-26,2024,11,November,4,48,1,Tuesday,Autumn,0
20241127,2024-11-27,2024,11,November,4,48,2,Wednesday,Autumn,0
20241128,2024-11-28,2024,11,November,4,48,3,Thursday,Autumn,0
20241129,2024-11-29,2024,11,November,4,48,4,Friday,Autumn,0
20241130,2024-11-30,2024,11,November,4,48,5,Saturday,Autumn,1
20241201,2024-12-01,2024,12,December,4,48,6,Sunday,Winter,1
20241202,2024-12-02,2024,12,December,4,49,0,Monday,Winter,0
20241203,2024-12-03,2024,12,December,4,49,1,Tuesday,Winter,0
20241204,2024-12-04,2024,12,December,4,49,2,Wednesday,Winter,0
20241205,2024-12-05,2024,12,December,4,49,3,Thursday,Winter,0
20241206,2024-12-06,2024,12,December,4,49,4,Friday,Winter,0
20241207,2024-12-07,2024,12,December,4,49,5,Saturday,Winter,1
20241208,2024-12-08,2024,12,December,4,49,6,Sunday,Winter,1
20241209,2024-12-09,2024,12,December,4,50,0,Monday,Winter,0
20241210,2024-12-10,2024,12,December,4,50,1,Tuesday,Winter,0
20241211,2024-12-11,2024,12,December,4,50,2,Wednesday,Winter,0
20241212,2024-12-12,2024,12,December,4,50,3,Thursday,Winter,0
20241213,2024-12-13,2024,12,December,4,50,4,Friday,Winter,0
20241214,2024-12-14,2024,12,December,4,50,5,Saturday,Winter,1
20241215,2024-12-15,2024,12,December,4,50,6,Sunday,Winter,1
20241216,2024-12-16,2024,12,December,4,51,0,Monday,Winter,0
20241217,2024-12-17,2024,12,December,4,51,1,Tuesday,Winter,0
20241218,2024-12-18,2024,12,December,4,51,2,Wednesday,Winter,0
20241219,2024-12-19,2024,12,December,4,51,3,Thursday,Winter,0
20241220,2024-12-20,2024,12,December,4,51,4,Friday,Winter,0
20241221,2024-12-21,2024,12,December,4,51,5,Saturday,Winter,1
20241222,2024-12-22,2024,12,December,4,51,6,Sunday,Winter,1
20241223,2024-12-23,2024,12,December,4,52,0,Monday,Winter,0
20241224,2024-12-24,2024,12,December,4,52,1,Tuesday,Winter,0
20241225,2024-12-25,2024,12,December,4,52,2,Wednesday,Winter,0
20241226,2024-12-26,2024,12,December,4,52,3,Thursday,Winter,0
20241227,2024-12-27,2024,12,December,4,52,4,Friday,Winter,0
20241228,2024-12-28,2024,12,December,4,52,5,Saturday,Winter,1
20241229,2024-12-29,2024,12,December,4,52,6,Sunday,Winter,1
20241230,2024-12-30,2024,12,December,4,1,0,Monday,Winter,0
20241231,2024-12-31,2024,12,December,4,1,1,Tuesday,Winter,0
20250101,2025-01-01,2025,1,January,1,1,2,Wednesday,Winter,0
20250102,2025-01-02,2025,1,January,1,1,3,Thursday,Summer,0
20250103,2025-01-03,2025,1,January,1,1,4,Friday,Winter,0
20250104,2025-01-04,2025,1,January,1,1,5,Saturday,Summer,1
20250105,2025-01-05,2025,1,January,1,1,6,Sunday,Winter,1
20250106,2025-01-06,2025,1,January,1,2,0,Monday,Summer,0
20250107,2025-01-07,2025,1,January,1,2,1,Tuesday,Winter,0
20250108,2025-01-08,2025,1,January,1,2,2,Wednesday,Summer,0
20250109,2025-01-09,2025,1,January,1,2,3,Thursday,Winter,0
20250110,2025-01-10,2025,1,January,1,2,4,Friday,Summer,0
20250111,2025-01-11,2025,1,January,1,2,5,Saturday,Winter,1
20250112,2025-01-12,2025,1,January,1,2,6,Sunday,Winter,1
20250113,2025-01-13,2025,1,January,1,3,0,Monday,Winter,0
20250114,2025-01-14,2025,1,January,1,3,1,Tuesday,Winter,0
20250115,2025-01-15,2025,1,January,1,3,2,Wednesday,Winter,0
20250116,2025-01-16,2025,1,January,1,3,3,Thursday,Winter,0
20250117,2025-01-17,2025,1,January,1,3,4,Friday,Winter,0
20250118,2025-01-18,2025,1,January,1,3,5,Saturday,Winter,1
20250119,2025-01-19,2025,1,January,1,3,6,Sunday,Winter,1
20250120,2025-01-20,2025,1,January,1,4,0,Monday,Winter,0
20250121,2025-01-21,2025,1,January,1,4,1,Tuesday,Winter,0
20250122,2025-01-22,2025,1,January,1,4,2,Wednesday,Winter,0
20250123,2025-01-23,2025,1,January,1,4,3,Thursday,Winter,0
20250124,2025-01-24,2025,1,January,1,4,4,Friday,Winter,0
20250125,2025-01-25,2025,1,January,1,4,5,Saturday,Winter,1
20250126,2025-01-26,2025,1,January,1,4,6,Sunday,Winter,1
20250127,2025-01-27,2025,1,January,1,5,0,Monday,Summer,0
20250128,2025-01-28,2025,1,January,1,5,1,Tuesday,Winter,0
20250129,2025-01-29,2025,1,January,1,5,2,Wednesday,Summer,0
20250130,2025-01-30,2025,1,January,1,5,3,Thursday,Winter,0
20250131,2025-01-31,2025,1,January,1,5,4,Friday,Summer,0
20250201,2025-02-01,2025,2,February,1,5,5,Saturday,Winter,1
20250202,2025-02-02,2025,2,February,1,5,6,Sunday,Summer,1
20250203,2025-02-03,2025,2,February,1,6,0,Monday,Winter,0
20250204,2025-02-04,2025,2,February,1,6,1,Tuesday,Summer,0
20250205,2025-02-05,2025,2,February,1,6,2,Wednesday,Winter,0
20250206,2025-02-06,2025,2,February,1,6,3,Thursday,Winter,0
20250207,2025-02-07,2025,2,February,1,6,4,Friday,Winter,0
20250208,2025-02-08,2025,2,February,1,6,5,Saturday,Winter,1
20250209,2025-02-09,2025,2,February,1,6,6,Sunday,Winter,1
20250210,2025-02-10,2025,2,February,1,7,0,Monday,Winter,0
20250211,2025-02-11,2025,2,February,1,7,1,Tuesday,Winter,0
20250212,2025-02-12,2025,2,February,1,7,2,Wednesday,Winter,0
20250213,2025-02-13,2025,2,February,1,7,3,Thursday,Winter,0
20250214,2025-02-14,2025,2,February,1,7,4,Friday,Winter,0
20250215,2025-02-15,2025,2,February,1,7,5,Saturday,Winter,1
20250216,2025-02-16,2025,2,February,1,7,6,Sunday,Winter,1
20250217,2025-02-17,2025,2,February,1,8,0,Monday,Winter,0
20250218,2025-02-18,2025,2,February,1,8,1,Tuesday,Winter,0
20250219,2025-02-19,2025,2,February,1,8,2,Wednesday,Winter,0
20250220,2025-02-20,2025,2,February,1,8,3,Thursday,Winter,0
20250221,2025-02-21,2025,2,February,1,8,4,Friday,Summer,0
20250222,2025-02-22,2025,2,February,1,8,5,Saturday,Winter,1
20250223,2025-02-23,2025,2,February,1,8,6,Sunday,Summer,1
20250224,2025-02-24,2025,2,February,1,9,0,Monday,Winter,0
20250225,2025-02-25,2025,2,February,1,9,1,Tuesday,Summer,0
20250226,2025-02-26,2025,2,February,1,9,2,Wednesday,Winter,0
20250227,2025-02-27,2025,2,February,1,9,3,Thursday,Summer,0
20250228,2025-02-28,2025,2,February,1,9,4,Friday,Winter,0
20250301,2025-03-01,2025,3,March,1,9,5,Saturday,Autumn,1
20250302,2025-03-02,2025,3,March,1,9,6,Sunday,Spring,1
20250303,2025-03-03,2025,3,March,1,10,0,Monday,Spring,0
20250304,2025-03-04,2025,3,March,1,10,1,Tuesday,Spring,0
20250305,2025-03-05,2025,3,March,1,10,2,Wednesday,Spring,0
20250306,2025-03-06,2025,3,March,1,10,3,Thursday,Spring,0
20250307,2025-03-07,2025,3,March,1,10,4,Friday,Spring,0
20250308,2025-03-08,2025,3,March,1,10,5,Saturday,Spring,1
20250309,2025-03-09,2025,3,March,1,10,6,Sunday,Spring,1
20250310,2025-03-10,2025,3,March,1,11,0,Monday,Spring,0
20250311,2025-03-11,2025,3,March,1,11,1,Tuesday,Spring,0
20250312,2025-03-12,2025,3,March,1,11,2,Wednesday,Spring,0
20250313,2025-03-13,2025,3,March,1,11,3,Thursday,Spring,0
20250314,2025-03-14,2025,3,March,1,11,4,Friday,Spring,0
20250315,2025-03-15,2025,3,March,1,11,5,Saturday,Spring,1
20250316,2025-03-16,2025,3,March,1,11,6,Sunday,Spring,1
20250317,2025-03-17,2025,3,March,1,12,0,Monday,Spring,0
20250318,2025-03-18,2025,3,March,1,12,1,Tuesday,Autumn,0
20250319,2025-03-19,2025,3,March,1,12,2,Wednesday,Spring,0
20250320,2025-03-20,2025,3,March,1,12,3,Thursday,Autumn,0
20250321,2025-03-21,2025,3,March,1,12,4,Friday,Spring,0
20250322,2025-03-22,2025,3,March,1,12,5,Saturday,Autumn,1
20250323,2025-03-23,2025,3,March,1,12,6,Sunday,Spring,1
20250324,2025-03-24,2025,3,March,1,13,0,Monday,Autumn,0
20250325,2025-03-25,2025,3,March,1,13,1,Tuesday,Spring,0
20250326,2025-03-26,2025,3,March,1,13,2,Wednesday,Autumn,0
20250327,2025-03-27,2025,3,March,1,13,3,Thursday,Spring,0
20250328,2025-03-28,2025,3,March,1,13,4,Friday,Spring,0
20250329,2025-03-29,2025,3,March,1,13,5,Saturday,Spring,1
20250330,2025-03-30,2025,3,March,1,13,6,Sunday,Spring,1
20250331,2025-03-31,2025,3,March,1,14,0,Monday,Spring,0
20250401,2025-04-01,2025,4,April,2,14,1,Tuesday,Spring,0
20250402,2025-04-02,2025,4,April,2,14,2,Wednesday,Spring,0
20250403,2025-04-03,2025,4,April,2,14,3,Thursday,Spring,0
20250404,2025-04-04,2025,4,April,2,14,4,Friday,Spring,0
20250405,2025-04-05,2025,4,April,2,14,5,Saturday,Spring,1
20250406,2025-04-06,2025,4,April,2,14,6,Sunday,Spring,1
20250407,2025-04-07,2025,4,April,2,15,0,Monday,Spring,0
20250408,2025-04-08,2025,4,April,2,15,1,Tuesday,Spring,0
20250409,2025-04-09,2025,4,April,2,15,2,Wednesday,Spring,0
20250410,2025-04-10,2025,4,April,2,15,3,Thursday,Spring,0
20250411,2025-04-11,2025,4,April,2,15,4,Friday,Spring,0
20250412,2025-04-12,2025,4,April,2,15,5,Saturday,Autumn,1
20250413,2025-04-13,2025,4,April,2,15,6,Sunday,Spring,1
20250414,2025-04-14,2025,4,April,2,16,0,Monday,Autumn,0
20250415,2025-04-15,2025,4,April,2,16,1,Tuesday,Spring,0
20250416,2025-04-16,2025,4,April,2,16,2,Wednesday,Autumn,0
20250417,2025-04-17,2025,4,April,2,16,3,Thursday,Spring,0
20250418,2025-04-18,2025,4,April,2,16,4,Friday,Autumn,0
20250419,2025-04-19,2025,4,April,2,16,5,Saturday,Spring,1
20250420,2025-04-20,2025,4,April,2,16,6,Sunday,Autumn,1
20250421,2025-04-21,2025,4,April,2,17,0,Monday,Spring,0
20250422,2025-04-22,2025,4,April,2,17,1,Tuesday,Spring,0
20250423,2025-04-23,2025,4,April,2,17,2,Wednesday,Spring,0
20250424,2025-04-24,2025,4,April,2,17,3,Thursday,Spring,0
20250425,2025-04-25,2025,4,April,2,17,4,Friday,Spring,0
20250426,2025-04-26,2025,4,April,2,17,5,Saturday,Spring,1
20250427,2025-04-27,2025,4,April,2,17,6,Sunday,Spring,1
20250428,2025-04-28,2025,4,April,2,18,0,Monday,Spring,0
20250429,2025-04-29,2025,4,April,2,18,1,Tuesday,Spring,0
20250430,2025-04-30,2025,4,April,2,18,2,Wednesday,Spring,0
20250501,2025-05-01,2025,5,May,2,18,3,Thursday,Spring,0
20250502,2025-05-02,2025,5,May,2,18,4,Friday,Spring,0
20250503,2025-05-03,2025,5,May,2,18,5,Saturday,Spring,1
20250504,2025-05-04,2025,5,May,2,18,6,Sunday,Spring,1
20250505,2025-05-05,2025,5,May,2,19,0,Monday,Spring,0
20250506,2025-05-06,2025,5,May,2,19,1,Tuesday,Spring,0
20250507,2025-05-07,2025,5,May,2,19,2,Wednesday,Autumn,0
20250508,2025-05-08,2025,5,May,2,19,3,Thursday,Spring,0
20250509,2025-05-09,2025,5,May,2,19,4,Friday,Autumn,0
20250510,2025-05-10,2025,5,May,2,19,5,Saturday,Spring,1
20250511,2025-05-11,2025,5,May,2,19,6,Sunday,Autumn,1
20250512,2025-05-12,2025,5,May,2,20,0,Monday,Spring,0
20250513,2025-05-13,2025,5,May,2,20,1,Tuesday,Autumn,0
20250514,2025-05-14,2025,5,May,2,20,2,Wednesday,Spring,0
20250515,2025-05-15,2025,5,May,2,20,3,Thursday,Autumn,0
20250516,2025-05-16,2025,5,May,2,20,4,Friday,Spring,0
20250517,2025-05-17,2025,5,May,2,20,5,Saturday,Spring,1
20250518,2025-05-18,2025,5,May,2,20,6,Sunday,Spring,1
20250519,2025-05-19,2025,5,May,2,21,0,Monday,Spring,0
20250520,2025-05-20,2025,5,May,2,21,1,Tuesday,Spring,0
20250521,2025-05-21,2025,5,May,2,21,2,Wednesday,Spring,0
20250522,2025-05-22,2025,5,May,2,21,3,Thursday,Spring,0
20250523,2025-05-23,2025,5,May,2,21,4,Friday,Spring,0
20250524,2025-05-24,2025,5,May,2,21,5,Saturday,Spring,1
20250525,2025-05-25,2025,5,May,2,21,6,Sunday,Spring,1
20250526,2025-05-26,2025,5,May,2,22,0,Monday,Spring,0
20250527,2025-05-27,2025,5,May,2,22,1,Tuesday,Spring,0
20250528,2025-05-28,2025,5,May,2,22,2,Wednesday,Spring,0
20250529,2025-05-29,2025,5,May,2,22,3,Thursday,Spring,0
20250530,2025-05-30,2025,5,May,2,22,4,Friday,Spring,0
20250531,2025-05-31,2025,5,May,2,22,5,Saturday,Spring,1
20250601,2025-06-01,2025,6,June,2,22,6,Sunday,Winter,1
20250602,2025-06-02,2025,6,June,2,23,0,Monday,Summer,0
20250603,2025-06-03,2025,6,June,2,23,1,Tuesday,Winter,0
20250604,2025-06-04,2025,6,June,2,23,2,Wednesday,Summer,0
20250605,2025-06-05,2025,6,June,2,23,3,Thursday,Winter,0
20250606,2025-06-06,2025,6,June,2,23,4,Friday,Summer,0
20250607,2025-06-07,2025,6,June,2,23,5,Saturday,Winter,1
20250608,2025-06-08,2025,6,June,2,23,6,Sunday,Summer,1
20250609,2025-06-09,2025,6,June,2,24,0,Monday,Winter,0
20250610,2025-06-10,2025,6,June,2,24,1,Tuesday,Summer,0
20250611,2025-06-11,2025,6,June,2,24,2,Wednesday,Summer,0
20250612,2025-06-12,2025,6,June,2,24,3,Thursday,Summer,0
20250613,2025-06-13,2025,6,June,2,24,4,Friday,Summer,0
20250614,2025-06-14,2025,6,June,2,24,5,Saturday,Summer,1
20250615,2025-06-15,2025,6,June,2,24,6,Sunday,Summer,1
20250616,2025-06-16,2025,6,June,2,25,0,Monday,Summer,0
20250617,2025-06-17,2025,6,June,2,25,1,Tuesday,Summer,0
20250618,2025-06-18,2025,6,June,2,25,2,Wednesday,Summer,0
20250619,2025-06-19,2025,6,June,2,25,3,Thursday,Summer,0
20250620,2025-06-20,2025,6,June,2,25,4,Friday,Summer,0
20250621,2025-06-21,2025,6,June,2,25,5,Saturday,Summer,1
20250622,2025-06-22,2025,6,June,2,25,6,Sunday,Summer,1
20250623,2025-06-23,2025,6,June,2,26,0,Monday,Summer,0
20250624,2025-06-24,2025,6,June,2,26,1,Tuesday,Summer,0
20250625,2025-06-25,2025,6,June,2,26,2,Wednesday,Summer,0
20250626,2025-06-26,2025,6,June,2,26,3,Thursday,Winter,0
20250627,2025-06-27,2025,6,June,2,26,4,Friday,Summer,0
20250628,2025-06-28,2025,6,June,2,26,5,Saturday,Winter,1
20250629,2025-06-29,2025,6,June,2,26,6,Sunday,Summer,1
20250630,2025-06-30,2025,6,June,2,27,0,Monday,Winter,0
20250701,2025-07-01,2025,7,July,3,27,1,Tuesday,Summer,0
20250702,2025-07-02,2025,7,July,3,27,2,Wednesday,Winter,0
20250703,2025-07-03,2025,7,July,3,27,3,Thursday,Summer,0
20250704,2025-07-04,2025,7,July,3,27,4,Friday,Winter,0
20250705,2025-07-05,2025,7,July,3,27,5,Saturday,Summer,1
20250706,2025-07-06,2025,7,July,3,27,6,Sunday,Summer,1
20250707,2025-07-07,2025,7,July,3,28,0,Monday,Summer,0
20250708,2025-07-08,2025,7,July,3,28,1,Tuesday,Summer,0
20250709,2025-07-09,2025,7,July,3,28,2,Wednesday,Summer,0
20250710,2025-07-10,2025,7,July,3,28,3,Thursday,Summer,0
20250711,2025-07-11,2025,7,July,3,28,4,Friday,Summer,0
20250712,2025-07-12,2025,7,July,3,28,5,Saturday,Summer,1
20250713,2025-07-13,2025,7,July,3,28,6,Sunday,Summer,1
20250714,2025-07-14,2025,7,July,3,29,0,Monday,Summer,0
20250715,2025-07-15,2025,7,July,3,29,1,Tuesday,Summer,0
20250716,2025-07-16,2025,7,July,3,29,2,Wednesday,Summer,0
20250717,2025-07-17,2025,7,July,3,29,3,Thursday,Summer,0
20250718,2025-07-18,2025,7,July,3,29,4,Friday,Summer,0
20250719,2025-07-19,2025,7,July,3,29,5,Saturday,Summer,1
20250720,2025-07-20,2025,7,July,3,29,6,Sunday,Summer,1
20250721,2025-07-21,2025,7,July,3,30,0,Monday,Winter,0
20250722,2025-07-22,2025,7,July,3,30,1,Tuesday,Summer,0
20250723,2025-07-23,2025,7,July,3,30,2,Wednesday,Winter,0
20250724,2025-07-24,2025,7,July,3,30,3,Thursday,Summer,0
20250725,2025-07-25,2025,7,July,3,30,4,Friday,Winter,0
20250726,2025-07-26,2025,7,July,3,30,5,Saturday,Summer,1
20250727,2025-07-27,2025,7,July,3,30,6,Sunday,Winter,1
20250728,2025-07-28,2025,7,July,3,31,0,Monday,Summer,0
20250729,2025-07-29,2025,7,July,3,31,1,Tuesday,Winter,0
20250730,2025-07-30,2025,7,July,3,31,2,Wednesday,Summer,0
20250731,2025-07-31,2025,7,July,3,31,3,Thursday,Summer,0
20250801,2025-08-01,2025,8,August,3,31,4,Friday,Summer,0
20250802,2025-08-02,2025,8,August,3,31,5,Saturday,Summer,1
20250803,2025-08-03,2025,8,August,3,31,6,Sunday,Summer,1
20250804,2025-08-04,2025,8,August,3,32,0,Monday,Summer,0
20250805,2025-08-05,2025,8,August,3,32,1,Tuesday,Summer,0
20250806,2025-08-06,2025,8,August,3,32,2,Wednesday,Summer,0
20250807,2025-08-07,2025,8,August,3,32,3,Thursday,Summer,0
20250808,2025-08-08,2025,8,August,3,32,4,Friday,Summer,0
20250809,2025-08-09,2025,8,August,3,32,5,Saturday,Summer,1
20250810,2025-08-10,2025,8,August,3,32,6,Sunday,Summer,1
20250811,2025-08-11,2025,8,August,3,33,0,Monday,Summer,0
20250812,2025-08-12,2025,8,August,3,33,1,Tuesday,Summer,0
20250813,2025-08-13,2025,8,August,3,33,2,Wednesday,Summer,0
20250814,2025-08-14,2025,8,August,3,33,3,Thursday,Summer,0
20250815,2025-08-15,2025,8,August,3,33,4,Friday,Winter,0
20250816,2025-08-16,2025,8,August,3,33,5,Saturday,Summer,1
20250817,2025-08-17,2025,8,August,3,33,6,Sunday,Winter,1
20250818,2025-08-18,2025,8,August,3,34,0,Monday,Summer,0
20250819,2025-08-19,2025,8,August,3,34,1,Tuesday,Winter,0
20250820,2025-08-20,2025,8,August,3,34,2,Wednesday,Summer,0
20250821,2025-08-21,2025,8,August,3,34,3,Thursday,Winter,0
20250822,2025-08-22,2025,8,August,3,34,4,Friday,Summer,0
20250823,2025-08-23,2025,8,August,3,34,5,Saturday,Winter,1
20250824,2025-08-24,2025,8,August,3,34,6,Sunday,Summer,1
20250825,2025-08-25,2025,8,August,3,35,0,Monday,Summer,0
20250826,2025-08-26,2025,8,August,3,35,1,Tuesday,Summer,0
20250827,2025-08-27,2025,8,August,3,35,2,Wednesday,Summer,0
20250828,2025-08-28,2025,8,August,3,35,3,Thursday,Summer,0
20250829,2025-08-29,2025,8,August,3,35,4,Friday,Summer,0
20250830,2025-08-30,2025,8,August,3,35,5,Saturday,Summer,1
20250831,2025-08-31,2025,8,August,3,35,6,Sunday,Summer,1
20250901,2025-09-01,2025,9,September,3,36,0,Monday,Autumn,0
20250902,2025-09-02,2025,9,September,3,36,1,Tuesday,Autumn,0
20250903,2025-09-03,2025,9,September,3,36,2,Wednesday,Autumn,0
20250904,2025-09-04,2025,9,September,3,36,3,Thursday,Autumn,0
20250905,2025-09-05,2025,9,September,3,36,4,Friday,Autumn,0
20250906,2025-09-06,2025,9,September,3,36,5,Saturday,Autumn,1
20250907,2025-09-07,2025,9,September,3,36,6,Sunday,Autumn,1
20250908,2025-09-08,2025,9,September,3,37,0,Monday,Autumn,0
20250909,2025-09-09,2025,9,September,3,37,1,Tuesday,Spring,0
20250910,2025-09-10,2025,9,September,3,37,2,Wednesday,Autumn,0
20250911,2025-09-11,2025,9,September,3,37,3,Thursday,Spring,0
20250912,2025-09-12,2025,9,September,3,37,4,Friday,Autumn,0
20250913,2025-09-13,2025,9,September,3,37,5,Saturday,Spring,1
20250914,2025-09-14,2025,9,September,3,37,6,Sunday,Autumn,1
20250915,2025-09-15,2025,9,September,3,38,0,Monday,Spring,0
20250916,2025-09-16,2025,9,September,3,38,1,Tuesday,Autumn,0
20250917,2025-09-17,2025,9,September,3,38,2,Wednesday,Spring,0
20250918,2025-09-18,2025,9,September,3,38,3,Thursday,Autumn,0
20250919,2025-09-19,2025,9,September,3,38,4,Friday,Autumn,0
20250920,2025-09-20,2025,9,September,3,38,5,Saturday,Autumn,1
20250921,2025-09-21,2025,9,September,3,38,6,Sunday,Autumn,1
20250922,2025-09-22,2025,9,September,3,39,0,Monday,Autumn,0
20250923,2025-09-23,2025,9,September,3,39,1,Tuesday,Autumn,0
20250924,2025-09-24,2025,9,September,3,39,2,Wednesday,Autumn,0
20250925,2025-09-25,2025,9,September,3,39,3,Thursday,Autumn,0
20250926,2025-09-26,2025,9,September,3,39,4,Friday,Autumn,0
20250927,2025-09-27,2025,9,September,3,39,5,Saturday,Autumn,1
20250928,2025-09-28,2025,9,September,3,39,6,Sunday,Autumn,1
20250929,2025-09-29,2025,9,September,3,40,0,Monday,Autumn,0
20250930,2025-09-30,2025,9,September,3,40,1,Tuesday,Autumn,0
20251001,2025-10-01,2025,10,October,4,40,2,Wednesday,Autumn,0
20251002,2025-10-02,2025,10,October,4,40,3,Thursday,Autumn,0
20251003,2025-10-03,2025,10,October,4,40,4,Friday,Autumn,0
20251004,2025-10-04,2025,10,October,4,40,5,Saturday,Spring,1
20251005,2025-10-05,2025,10,October,4,40,6,Sunday,Autumn,1
20251006,2025-10-06,2025,10,October,4,41,0,Monday,Spring,0
20251007,2025-10-07,2025,10,October,4,41,1,Tuesday,Autumn,0
20251008,2025-10-08,2025,10,October,4,41,2,Wednesday,Spring,0
20251009,2025-10-09,2025,10,October,4,41,3,Thursday,Autumn,0
20251010,2025-10-10,2025,10,October,4,41,4,Friday,Spring,0
20251011,2025-10-11,2025,10,October,4,41,5,Saturday,Autumn,1
20251012,2025-10-12,2025,10,October,4,41,6,Sunday,Spring,1
20251013,2025-10-13,2025,10,October,4,42,0,Monday,Autumn,0
20251014,2025-10-14,2025,10,October,4,42,1,Tuesday,Autumn,0
20251015,2025-10-15,2025,10,October,4,42,2,Wednesday,Autumn,0
20251016,2025-10-16,2025,10,October,4,42,3,Thursday,Autumn,0
20251017,2025-10-17,2025,10,October,4,42,4,Friday,Autumn,0
20251018,2025-10-18,2025,10,October,4,42,5,Saturday,Autumn,1
20251019,2025-10-19,2025,10,October,4,42,6,Sunday,Autumn,1
20251020,2025-10-20,2025,10,October,4,43,0,Monday,Autumn,0
20251021,2025-10-21,2025,10,October,4,43,1,Tuesday,Autumn,0
20251022,2025-10-22,2025,10,October,4,43,2,Wednesday,Autumn,0
20251023,2025-10-23,2025,10,October,4,43,3,Thursday,Autumn,0
20251024,2025-10-24,2025,10,October,4,43,4,Friday,Autumn,0
20251025,2025-10-25,2025,10,October,4,43,5,Saturday,Autumn,1
20251026,2025-10-26,2025,10,October,4,43,6,Sunday,Autumn,1
20251027,2025-10-27,2025,10,October,4,44,0,Monday,Autumn,0
20251028,2025-10-28,2025,10,October,4,44,1,Tuesday,Autumn,0
20251029,2025-10-29,2025,10,October,4,44,2,Wednesday,Spring,0
20251030,2025-10-30,2025,10,October,4,44,3,Thursday,Autumn,0
20251031,2025-10-31,2025,10,October,4,44,4,Friday,Spring,0
20251101,2025-11-01,2025,11,November,4,44,5,Saturday,Autumn,1
20251102,2025-11-02,2025,11,November,4,44,6,Sunday,Spring,1
20251103,2025-11-03,2025,11,November,4,45,0,Monday,Autumn,0
20251104,2025-11-04,2025,11,November,4,45,1,Tuesday,Spring,0
20251105,2025-11-05,2025,11,November,4,45,2,Wednesday,Autumn,0
20251106,2025-11-06,2025,11,November,4,45,3,Thursday,Spring,0
20251107,2025-11-07,2025,11,November,4,45,4,Friday,Autumn,0
20251108,2025-11-08,2025,11,November,4,45,5,Saturday,Autumn,1
20251109,2025-11-09,2025,11,November,4,45,6,Sunday,Autumn,1
20251110,2025-11-10,2025,11,November,4,46,0,Monday,Autumn,0
20251111,2025-11-11,2025,11,November,4,46,1,Tuesday,Autumn,0
20251112,2025-11-12,2025,11,November,4,46,2,Wednesday,Autumn,0
20251113,2025-11-13,2025,11,November,4,46,3,Thursday,Autumn,0
20251114,2025-11-14,2025,11,November,4,46,4,Friday,Autumn,0
20251115,2025-11-15,2025,11,November,4,46,5,Saturday,Autumn,1
20251116,2025-11-16,2025,11,November,4,46,6,Sunday,Autumn,1
20251117,2025-11-17,2025,11,November,4,47,0,Monday,Autumn,0
20251118,2025-11-18,2025,11,November,4,47,1,Tuesday,Autumn,0
20251119,2025-11-19,2025,11,November,4,47,2,Wednesday,Autumn,0
20251120,2025-11-20,2025,11,November,4,47,3,Thursday,Autumn,0
20251121,2025-11-21,2025,11,November,4,47,4,Friday,Autumn,0
20251122,2025-11-22,2025,11,November,4,47,5,Saturday,Autumn,1
20251123,2025-11-23,2025,11,November,4,47,6,Sunday,Spring,1
20251124,2025-11-24,2025,11,November,4,48,0,Monday,Autumn,0
20251125,2025-11-25,2025,11,November,4,48,1,Tuesday,Spring,0
20251126,2025-11-26,2025,11,November,4,48,2,Wednesday,Autumn,0
20251127,2025-11-27,2025,11,November,4,48,3,Thursday,Spring,0
20251128,2025-11-28,2025,11,November,4,48,4,Friday,Autumn,0
20251129,2025-11-29,2025,11,November,4,48,5,Saturday,Spring,1
20251130,2025-11-30,2025,11,November,4,48,6,Sunday,Autumn,1
20251201,2025-12-01,2025,12,December,4,49,0,Monday,Summer,0
20251202,2025-12-02,2025,12,December,4,49,1,Tuesday,Winter,0
20251203,2025-12-03,2025,12,December,4,49,2,Wednesday,Winter,0
20251204,2025-12-04,2025,12,December,4,49,3,Thursday,Winter,0
20251205,2025-12-05,2025,12,December,4,49,4,Friday,Winter,0
20251206,2025-12-06,2025,12,December,4,49,5,Saturday,Winter,1
20251207,2025-12-07,2025,12,December,4,49,6,Sunday,Winter,1
20251208,2025-12-08,2025,12,December,4,50,0,Monday,Winter,0
20251209,2025-12-09,2025,12,December,4,50,1,Tuesday,Winter,0
20251210,2025-12-10,2025,12,December,4,50,2,Wednesday,Winter,0
20251211,2025-12-11,2025,12,December,4,50,3,Thursday,Winter,0
20251212,2025-12-12,2025,12,December,4,50,4,Friday,Winter,0
20251213,2025-12-13,2025,12,December,4,50,5,Saturday,Winter,1
20251214,2025-12-14,2025,12,December,4,50,6,Sunday,Winter,1
20251215,2025-12-15,2025,12,December,4,51,0,Monday,Winter,0
20251216,2025-12-16,2025,12,December,4,51,1,Tuesday,Winter,0
20251217,2025-12-17,2025,12,December,4,51,2,Wednesday,Winter,0
20251218,2025-12-18,2025,12,December,4,51,3,Thursday,Summer,0
20251219,2025-12-19,2025,12,December,4,51,4,Friday,Winter,0
20251220,2025-12-20,2025,12,December,4,51,5,Saturday,Summer,1
20251221,2025-12-21,2025,12,December,4,51,6,Sunday,Winter,1
20251222,2025-12-22,2025,12,December,4,52,0,Monday,Summer,0
20251223,2025-12-23,2025,12,December,4,52,1,Tuesday,Winter,0
20251224,2025-12-24,2025,12,December,4,52,2,Wednesday,Summer,0
20251225,2025-12-25,2025,12,December,4,52,3,Thursday,Winter,0
20251226,2025-12-26,2025,12,December,4,52,4,Friday,Summer,0
20251227,2025-12-27,2025,12,December,4,52,5,Saturday,Winter,1
20251228,2025-12-28,2025,12,December,4,52,6,Sunday,Winter,1
20251229,2025-12-29,2025,12,December,4,1,0,Monday,Winter,0
20251230,2025-12-30,2025,12,December,4,1,1,Tuesday,Winter,0
20251231,2025-12-31,2025,12,December,4,1,2,Wednesday,Winter,0
20260101,2026-01-01,2026,1,January,1,1,3,Thursday,Winter,0
20260102,2026-01-02,2026,1,January,1,1,4,Friday,Winter,0
20260103,2026-01-03,2026,1,January,1,1,5,Saturday,Winter,1
20260104,2026-01-04,2026,1,January,1,1,6,Sunday,Winter,1
20260105,2026-01-05,2026,1,January,1,2,0,Monday,Winter,0
20260106,2026-01-06,2026,1,January,1,2,1,Tuesday,Winter,0
20260107,2026-01-07,2026,1,January,1,2,2,Wednesday,Winter,0
20260108,2026-01-08,2026,1,January,1,2,3,Thursday,Winter,0
20260109,2026-01-09,2026,1,January,1,2,4,Friday,Winter,0
20260110,2026-01-10,2026,1,January,1,2,5,Saturday,Winter,1
20260111,2026-01-11,2026,1,January,1,2,6,Sunday,Winter,1
20260112,2026-01-12,2026,1,January,1,3,0,Monday,Summer,0
20260113,2026-01-13,2026,1,January,1,3,1,Tuesday,Winter,0
20260114,2026-01-14,2026,1,January,1,3,2,Wednesday,Summer,0
20260115,2026-01-15,2026,1,January,1,3,3,Thursday,Winter,0
20260116,2026-01-16,2026,1,January,1,3,4,Friday,Summer,0
20260117,2026-01-17,2026,1,January,1,3,5,Saturday,Winter,1
20260118,2026-01-18,2026,1,January,1,3,6,Sunday,Summer,1
20260119,2026-01-19,2026,1,January,1,4,0,Monday,Winter,0
20260120,2026-01-20,2026,1,January,1,4,1,Tuesday,Summer,0
20260121,2026-01-21,2026,1,January,1,4,2,Wednesday,Winter,0
20260122,2026-01-22,2026,1,January,1,4,3,Thursday,Winter,0
20260123,2026-01-23,2026,1,January,1,4,4,Friday,Winter,0
20260124,2026-01-24,2026,1,January,1,4,5,Saturday,Winter,1
20260125,2026-01-25,2026,1,January,1,4,6,Sunday,Winter,1
20260126,2026-01-26,2026,1,January,1,5,0,Monday,Winter,0
20260127,2026-01-27,2026,1,January,1,5,1,Tuesday,Winter,0
20260128,2026-01-28,2026,1,January,1,5,2,Wednesday,Winter,0
20260129,2026-01-29,2026,1,January,1,5,3,Thursday,Winter,0
20260130,2026-01-30,2026,1,January,1,5,4,Friday,Winter,0
20260131,2026-01-31,2026,1,January,1,5,5,Saturday,Winter,1
20260201,2026-02-01,2026,2,February,1,5,6,Sunday,Winter,1
20260202,2026-02-02,2026,2,February,1,6,0,Monday,Winter,0
20260203,2026-02-03,2026,2,February,1,6,1,Tuesday,Winter,0
20260204,2026-02-04,2026,2,February,1,6,2,Wednesday,Winter,0
20260205,2026-02-05,2026,2,February,1,6,3,Thursday,Winter,0
20260206,2026-02-06,2026,2,February,1,6,4,Friday,Summer,0
20260207,2026-02-07,2026,2,February,1,6,5,Saturday,Winter,1
20260208,2026-02-08,2026,2,February,1,6,6,Sunday,Summer,1
20260209,2026-02-09,2026,2,February,1,7,0,Monday,Winter,0
20260210,2026-02-10,2026,2,February,1,7,1,Tuesday,Summer,0
20260211,2026-02-11,2026,2,February,1,7,2,Wednesday,Winter,0
20260212,2026-02-12,2026,2,February,1,7,3,Thursday,Summer,0
20260213,2026-02-13,2026,2,February,1,7,4,Friday,Winter,0
20260214,2026-02-14,2026,2,February,1,7,5,Saturday,Summer,1
20260215,2026-02-15,2026,2,February,1,7,6,Sunday,Winter,1
20260216,2026-02-16,2026,2,February,1,8,0,Monday,Winter,0
20260217,2026-02-17,2026,2,February,1,8,1,Tuesday,Winter,0
20260218,2026-02-18,2026,2,February,1,8,2,Wednesday,Winter,0
20260219,2026-02-19,2026,2,February,1,8,3,Thursday,Winter,0
20260220,2026-02-20,2026,2,February,1,8,4,Friday,Winter,0
20260221,2026-02-21,2026,2,February,1,8,5,Saturday,Winter,1
20260222,2026-02-22,2026,2,February,1,8,6,Sunday,Winter,1
20260223,2026-02-23,2026,2,February,1,9,0,Monday,Winter,0
20260224,2026-02-24,2026,2,February,1,9,1,Tuesday,Winter,0
20260225,2026-02-25,2026,2,February,1,9,2,Wednesday,Winter,0
20260226,2026-02-26,2026,2,February,1,9,3,Thursday,Winter,0
20260227,2026-02-27,2026,2,February,1,9,4,Friday,Winter,0
20260228,2026-02-28,2026,2,February,1,9,5,Saturday,Winter,1
20260301,2026-03-01,2026,3,March,1,9,6,Sunday,Spring,1
20260302,2026-03-02,2026,3,March,1,10,0,Monday,Spring,0
20260303,2026-03-03,2026,3,March,1,10,1,Tuesday,Autumn,0
20260304,2026-03-04,2026,3,March,1,10,2,Wednesday,Spring,0
20260305,2026-03-05,2026,3,March,1,10,3,Thursday,Autumn,0
20260306,2026-03-06,2026,3,March,1,10,4,Friday,Spring,0
20260307,2026-03-07,2026,3,March,1,10,5,Saturday,Autumn,1
20260308,2026-03-08,2026,3,March,1,10,6,Sunday,Spring,1
20260309,2026-03-09,2026,3,March,1,11,0,Monday,Autumn,0
20260310,2026-03-10,2026,3,March,1,11,1,Tuesday,Spring,0
20260311,2026-03-11,2026,3,March,1,11,2,Wednesday,Autumn,0
20260312,2026-03-12,2026,3,March,1,11,3,Thursday,Spring,0
20260313,2026-03-13,2026,3,March,1,11,4,Friday,Spring,0
20260314,2026-03-14,2026,3,March,1,11,5,Saturday,Spring,1
20260315,2026-03-15,2026,3,March,1,11,6,Sunday,Spring,1
20260316,2026-03-16,2026,3,March,1,12,0,Monday,Spring,0
20260317,2026-03-17,2026,3,March,1,12,1,Tuesday,Spring,0
20260318,2026-03-18,2026,3,March,1,12,2,Wednesday,Spring,0
20260319,2026-03-19,2026,3,March,1,12,3,Thursday,Spring,0
20260320,2026-03-20,2026,3,March,1,12,4,Friday,Spring,0
20260321,2026-03-21,2026,3,March,1,12,5,Saturday,Spring,1
20260322,2026-03-22,2026,3,March,1,12,6,Sunday,Spring,1
20260323,2026-03-23,2026,3,March,1,13,0,Monday,Spring,0
20260324,2026-03-24,2026,3,March,1,13,1,Tuesday,Spring,0
20260325,2026-03-25,2026,3,March,1,13,2,Wednesday,Spring,0
20260326,2026-03-26,2026,3,March,1,13,3,Thursday,Spring,0
20260327,2026-03-27,2026,3,March,1,13,4,Friday,Spring,0
20260328,2026-03-28,2026,3,March,1,13,5,Saturday,Autumn,1
20260329,2026-03-29,2026,3,March,1,13,6,Sunday,Spring,1
20260330,2026-03-30,2026,3,March,1,14,0,Monday,Autumn,0
20260331,2026-03-31,2026,3,March,1,14,1,Tuesday,Spring,0
20260401,2026-04-01,2026,4,April,2,14,2,Wednesday,Autumn,0
20260402,2026-04-02,2026,4,April,2,14,3,Thursday,Spring,0
20260403,2026-04-03,2026,4,April,2,14,4,Friday,Autumn,0
20260404,2026-04-04,2026,4,April,2,14,5,Saturday,Spring,1
20260405,2026-04-05,2026,4,April,2,14,6,Sunday,Autumn,1
20260406,2026-04-06,2026,4,April,2,15,0,Monday,Spring,0
20260407,2026-04-07,2026,4,April,2,15,1,Tuesday,Spring,0
20260408,2026-04-08,2026,4,April,2,15,2,Wednesday,Spring,0
20260409,2026-04-09,2026,4,April,2,15,3,Thursday,Spring,0
20260410,2026-04-10,2026,4,April,2,15,4,Friday,Spring,0
20260411,2026-04-11,2026,4,April,2,15,5,Saturday,Spring,1
20260412,2026-04-12,2026,4,April,2,15,6,Sunday,Spring,1
20260413,2026-04-13,2026,4,April,2,16,0,Monday,Spring,0
20260414,2026-04-14,2026,4,April,2,16,1,Tuesday,Spring,0
20260415,2026-04-15,2026,4,April,2,16,2,Wednesday,Spring,0
20260416,2026-04-16,2026,4,April,2,16,3,Thursday,Spring,0
20260417,2026-04-17,2026,4,April,2,16,4,Friday,Spring,0
20260418,2026-04-18,2026,4,April,2,16,5,Saturday,Spring,1
20260419,2026-04-19,2026,4,April,2,16,6,Sunday,Spring,1
20260420,2026-04-20,2026,4,April,2,17,0,Monday,Spring,0
20260421,2026-04-21,2026,4,April,2,17,1,Tuesday,Spring,0
20260422,2026-04-22,2026,4,April,2,17,2,Wednesday,Autumn,0
20260423,2026-04-23,2026,4,April,2,17,3,Thursday,Spring,0
20260424,2026-04-24,2026,4,April,2,17,4,Friday,Autumn,0
20260425,2026-04-25,2026,4,April,2,17,5,Saturday,Spring,1
20260426,2026-04-26,2026,4,April,2,17,6,Sunday,Autumn,1
20260427,2026-04-27,2026,4,April,2,18,0,Monday,Spring,0
20260428,2026-04-28,2026,4,April,2,18,1,Tuesday,Autumn,0
20260429,2026-04-29,2026,4,April,2,18,2,Wednesday,Spring,0
20260430,2026-04-30,2026,4,April,2,18,3,Thursday,Autumn,0
20260501,2026-05-01,2026,5,May,2,18,4,Friday,Spring,0
20260502,2026-05-02,2026,5,May,2,18,5,Saturday,Spring,1
20260503,2026-05-03,2026,5,May,2,18,6,Sunday,Spring,1
20260504,2026-05-04,2026,5,May,2,19,0,Monday,Spring,0
20260505,2026-05-05,2026,5,May,2,19,1,Tuesday,Spring,0
20260506,2026-05-06,2026,5,May,2,19,2,Wednesday,Spring,0
20260507,2026-05-07,2026,5,May,2,19,3,Thursday,Spring,0
20260508,2026-05-08,2026,5,May,2,19,4,Friday,Spring,0
20260509,2026-05-09,2026,5,May,2,19,5,Saturday,Spring,1
20260510,2026-05-10,2026,5,May,2,19,6,Sunday,Spring,1
20260511,2026-05-11,2026,5,May,2,20,0,Monday,Spring,0
20260512,2026-05-12,2026,5,May,2,20,1,Tuesday,Spring,0
20260513,2026-05-13,2026,5,May,2,20,2,Wednesday,Spring,0
20260514,2026-05-14,2026,5,May,2,20,3,Thursday,Spring,0
20260515,2026-05-15,2026,5,May,2,20,4,Friday,Spring,0
20260516,2026-05-16,2026,5,May,2,20,5,Saturday,Spring,1
20260517,2026-05-17,2026,5,May,2,20,6,Sunday,Autumn,1
20260518,2026-05-18,2026,5,May,2,21,0,Monday,Spring,0
20260519,2026-05-19,2026,5,May,2,21,1,Tuesday,Autumn,0
20260520,2026-05-20,2026,5,May,2,21,2,Wednesday,Spring,0
20260521,2026-05-21,2026,5,May,2,21,3,Thursday,Autumn,0
20260522,2026-05-22,2026,5,May,2,21,4,Friday,Spring,0
20260523,2026-05-23,2026,5,May,2,21,5,Saturday,Autumn,1
20260524,2026-05-24,2026,5,May,2,21,6,Sunday,Spring,1
20260525,2026-05-25,2026,5,May,2,22,0,Monday,Autumn,0
20260526,2026-05-26,2026,5,May,2,22,1,Tuesday,Spring,0
20260527,2026-05-27,2026,5,May,2,22,2,Wednesday,Spring,0
20260528,2026-05-28,2026,5,May,2,22,3,Thursday,Spring,0
20260529,2026-05-29,2026,5,May,2,22,4,Friday,Spring,0
20260530,2026-05-30,2026,5,May,2,22,5,Saturday,Spring,1
20260531,2026-05-31,2026,5,May,2,22,6,Sunday,Spring,1
20260601,2026-06-01,2026,6,June,2,23,0,Monday,Summer,0
20260602,2026-06-02,2026,6,June,2,23,1,Tuesday,Summer,0
20260603,2026-06-03,2026,6,June,2,23,2,Wednesday,Summer,0
20260604,2026-06-04,2026,6,June,2,23,3,Thursday,Summer,0
20260605,2026-06-05,2026,6,June,2,23,4,Friday,Summer,0
20260606,2026-06-06,2026,6,June,2,23,5,Saturday,Summer,1
20260607,2026-06-07,2026,6,June,2,23,6,Sunday,Summer,1
20260608,2026-06-08,2026,6,June,2,24,0,Monday,Summer,0
20260609,2026-06-09,2026,6,June,2,24,1,Tuesday,Summer,0
20260610,2026-06-10,2026,6,June,2,24,2,Wednesday,Summer,0
20260611,2026-06-11,2026,6,June,2,24,3,Thursday,Winter,0
20260612,2026-06-12,2026,6,June,2,24,4,Friday,Summer,0
20260613,2026-06-13,2026,6,June,2,24,5,Saturday,Winter,1
20260614,2026-06-14,2026,6,June,2,24,6,Sunday,Summer,1
20260615,2026-06-15,2026,6,June,2,25,0,Monday,Winter,0
20260616,2026-06-16,2026,6,June,2,25,1,Tuesday,Summer,0
20260617,2026-06-17,2026,6,June,2,25,2,Wednesday,Winter,0
20260618,2026-06-18,2026,6,June,2,25,3,Thursday,Summer,0
20260619,2026-06-19,2026,6,June,2,25,4,Friday,Winter,0
20260620,2026-06-20,2026,6,June,2,25,5,Saturday,Summer,1
20260621,2026-06-21,2026,6,June,2,25,6,Sunday,Summer,1
20260622,2026-06-22,2026,6,June,2,26,0,Monday,Summer,0
20260623,2026-06-23,2026,6,June,2,26,1,Tuesday,Summer,0
20260624,2026-06-24,2026,6,June,2,26,2,Wednesday,Summer,0
20260625,2026-06-25,2026,6,June,2,26,3,Thursday,Summer,0
20260626,2026-06-26,2026,6,June,2,26,4,Friday,Summer,0
20260627,2026-06-27,2026,6,June,2,26,5,Saturday,Summer,1
20260628,2026-06-28,2026,6,June,2,26,6,Sunday,Summer,1
20260629,2026-06-29,2026,6,June,2,27,0,Monday,Summer,0
20260630,2026-06-30,2026,6,June,2,27,1,Tuesday,Summer,0
20260701,2026-07-01,2026,7,July,3,27,2,Wednesday,Summer,0
20260702,2026-07-02,2026,7,July,3,27,3,Thursday,Summer,0
20260703,2026-07-03,2026,7,July,3,27,4,Friday,Summer,0
20260704,2026-07-04,2026,7,July,3,27,5,Saturday,Summer,1
20260705,2026-07-05,2026,7,July,3,27,6,Sunday,Summer,1
20260706,2026-07-06,2026,7,July,3,28,0,Monday,Winter,0
20260707,2026-07-07,2026,7,July,3,28,1,Tuesday,Summer,0
20260708,2026-07-08,2026,7,July,3,28,2,Wednesday,Winter,0
20260709,2026-07-09,2026,7,July,3,28,3,Thursday,Summer,0
20260710,2026-07-10,2026,7,July,3,28,4,Friday,Winter,0
20260711,2026-07-11,2026,7,July,3,28,5,Saturday,Summer,1
20260712,2026-07-12,2026,7,July,3,28,6,Sunday,Winter,1
20260713,2026-07-13,2026,7,July,3,29,0,Monday,Summer,0
20260714,2026-07-14,2026,7,July,3,29,1,Tuesday,Winter,0
20260715,2026-07-15,2026,7,July,3,29,2,Wednesday,Summer,0
20260716,2026-07-16,2026,7,July,3,29,3,Thursday,Summer,0
20260717,2026-07-17,2026,7,July,3,29,4,Friday,Summer,0
20260718,2026-07-18,2026,7,July,3,29,5,Saturday,Summer,1
20260719,2026-07-19,2026,7,July,3,29,6,Sunday,Summer,1
20260720,2026-07-20,2026,7,July,3,30,0,Monday,Summer,0
20260721,2026-07-21,2026,7,July,3,30,1,Tuesday,Summer,0
20260722,2026-07-22,2026,7,July,3,30,2,Wednesday,Summer,0
20260723,2026-07-23,2026,7,July,3,30,3,Thursday,Summer,0
20260724,2026-07-24,2026,7,July,3,30,4,Friday,Summer,0
20260725,2026-07-25,2026,7,July,3,30,5,Saturday,Summer,1
20260726,2026-07-26,2026,7,July,3,30,6,Sunday,Summer,1
20260727,2026-07-27,2026,7,July,3,31,0,Monday,Summer,0
20260728,2026-07-28,2026,7,July,3,31,1,Tuesday,Summer,0
20260729,2026-07-29,2026,7,July,3,31,2,Wednesday,Summer,0
20260730,2026-07-30,2026,7,July,3,31,3,Thursday,Summer,0
20260731,2026-07-31,2026,7,July,3,31,4,Friday,Winter,0
20260801,2026-08-01,2026,8,August,3,31,5,Saturday,Summer,1
20260802,2026-08-02,2026,8,August,3,31,6,Sunday,Winter,1
20260803,2026-08-03,2026,8,August,3,32,0,Monday,Summer,0
20260804,2026-08-04,2026,8,August,3,32,1,Tuesday,Winter,0
20260805,2026-08-05,2026,8,August,3,32,2,Wednesday,Summer,0
20260806,2026-08-06,2026,8,August,3,32,3,Thursday,Winter,0
20260807,2026-08-07,2026,8,August,3,32,4,Friday,Summer,0
20260808,2026-08-08,2026,8,August,3,32,5,Saturday,Winter,1
20260809,2026-08-09,2026,8,August,3,32,6,Sunday,Summer,1
20260810,2026-08-10,2026,8,August,3,33,0,Monday,Summer,0
20260811,2026-08-11,2026,8,August,3,33,1,Tuesday,Summer,0
20260812,2026-08-12,2026,8,August,3,33,2,Wednesday,Summer,0
20260813,2026-08-13,2026,8,August,3,33,3,Thursday,Summer,0
20260814,2026-08-14,2026,8,August,3,33,4,Friday,Summer,0
20260815,2026-08-15,2026,8,August,3,33,5,Saturday,Summer,1
20260816,2026-08-16,2026,8,August,3,33,6,Sunday,Summer,1
20260817,2026-08-17,2026,8,August,3,34,0,Monday,Summer,0
20260818,2026-08-18,2026,8,August,3,34,1,Tuesday,Summer,0
20260819,2026-08-19,2026,8,August,3,34,2,Wednesday,Summer,0
20260820,2026-08-20,2026,8,August,3,34,3,Thursday,Summer,0
20260821,2026-08-21,2026,8,August,3,34,4,Friday,Summer,0
20260822,2026-08-22,2026,8,August,3,34,5,Saturday,Summer,1
20260823,2026-08-23,2026,8,August,3,34,6,Sunday,Summer,1
20260824,2026-08-24,2026,8,August,3,35,0,Monday,Summer,0
20260825,2026-08-25,2026,8,August,3,35,1,Tuesday,Winter,0
20260826,2026-08-26,2026,8,August,3,35,2,Wednesday,Summer,0
20260827,2026-08-27,2026,8,August,3,35,3,Thursday,Winter,0
20260828,2026-08-28,2026,8,August,3,35,4,Friday,Summer,0
20260829,2026-08-29,2026,8,August,3,35,5,Saturday,Winter,1
20260830,2026-08-30,2026,8,August,3,35,6,Sunday,Summer,1
20260831,2026-08-31,2026,8,August,3,36,0,Monday,Winter,0
20260901,2026-09-01,2026,9,September,3,36,1,Tuesday,Autumn,0
20260902,2026-09-02,2026,9,September,3,36,2,Wednesday,Spring,0
20260903,2026-09-03,2026,9,September,3,36,3,Thursday,Autumn,0
20260904,2026-09-04,2026,9,September,3,36,4,Friday,Autumn,0
20260905,2026-09-05,2026,9,September,3,36,5,Saturday,Autumn,1
20260906,2026-09-06,2026,9,September,3,36,6,Sunday,Autumn,1
20260907,2026-09-07,2026,9,September,3,37,0,Monday,Autumn,0
20260908,2026-09-08,2026,9,September,3,37,1,Tuesday,Autumn,0
20260909,2026-09-09,2026,9,September,3,37,2,Wednesday,Autumn,0
20260910,2026-09-10,2026,9,September,3,37,3,Thursday,Autumn,0
20260911,2026-09-11,2026,9,September,3,37,4,Friday,Autumn,0
20260912,2026-09-12,2026,9,September,3,37,5,Saturday,Autumn,1
20260913,2026-09-13,2026,9,September,3,37,6,Sunday,Autumn,1
20260914,2026-09-14,2026,9,September,3,38,0,Monday,Autumn,0
20260915,2026-09-15,2026,9,September,3,38,1,Tuesday,Autumn,0
20260916,2026-09-16,2026,9,September,3,38,2,Wednesday,Autumn,0
20260917,2026-09-17,2026,9,September,3,38,3,Thursday,Autumn,0
20260918,2026-09-18,2026,9,September,3,38,4,Friday,Autumn,0
20260919,2026-09-19,2026,9,September,3,38,5,Saturday,Spring,1
20260920,2026-09-20,2026,9,September,3,38,6,Sunday,Autumn,1
20260921,2026-09-21,2026,9,September,3,39,0,Monday,Spring,0
20260922,2026-09-22,2026,9,September,3,39,1,Tuesday,Autumn,0
20260923,2026-09-23,2026,9,September,3,39,2,Wednesday,Spring,0
20260924,2026-09-24,2026,9,September,3,39,3,Thursday,Autumn,0
20260925,2026-09-25,2026,9,September,3,39,4,Friday,Spring,0
20260926,2026-09-26,2026,9,September,3,39,5,Saturday,Autumn,1
20260927,2026-09-27,2026,9,September,3,39,6,Sunday,Spring,1
20260928,2026-09-28,2026,9,September,3,40,0,Monday,Autumn,0
20260929,2026-09-29,2026,9,September,3,40,1,Tuesday,Autumn,0
20260930,2026-09-30,2026,9,September,3,40,2,Wednesday,Autumn,0
20261001,2026-10-01,2026,10,October,4,40,3,Thursday,Autumn,0
20261002,2026-10-02,2026,10,October,4,40,4,Friday,Autumn,0
20261003,2026-10-03,2026,10,October,4,40,5,Saturday,Autumn,1
20261004,2026-10-04,2026,10,October,4,40,6,Sunday,Autumn,1
20261005,2026-10-05,2026,10,October,4,41,0,Monday,Autumn,0
20261006,2026-10-06,2026,10,October,4,41,1,Tuesday,Autumn,0
20261007,2026-10-07,2026,10,October,4,41,2,Wednesday,Autumn,0
20261008,2026-10-08,2026,10,October,4,41,3,Thursday,Autumn,0
20261009,2026-10-09,2026,10,October,4,41,4,Friday,Autumn,0
20261010,2026-10-10,2026,10,October,4,41,5,Saturday,Autumn,1
20261011,2026-10-11,2026,10,October,4,41,6,Sunday,Autumn,1
20261012,2026-10-12,2026,10,October,4,42,0,Monday,Autumn,0
20261013,2026-10-13,2026,10,October,4,42,1,Tuesday,Autumn,0
20261014,2026-10-14,2026,10,October,4,42,2,Wednesday,Spring,0
20261015,2026-10-15,2026,10,October,4,42,3,Thursday,Autumn,0
20261016,2026-10-16,2026,10,October,4,42,4,Friday,Spring,0
20261017,2026-10-17,2026,10,October,4,42,5,Saturday,Autumn,1
20261018,2026-10-18,2026,10,October,4,42,6,Sunday,Spring,1
20261019,2026-10-19,2026,10,October,4,43,0,Monday,Autumn,0
20261020,2026-10-20,2026,10,October,4,43,1,Tuesday,Spring,0
20261021,2026-10-21,2026,10,October,4,43,2,Wednesday,Autumn,0
20261022,2026-10-22,2026,10,October,4,43,3,Thursday,Spring,0
20261023,2026-10-23,2026,10,October,4,43,4,Friday,Autumn,0
20261024,2026-10-24,2026,10,October,4,43,5,Saturday,Autumn,1
20261025,2026-10-25,2026,10,October,4,43,6,Sunday,Autumn,1
20261026,2026-10-26,2026,10,October,4,44,0,Monday,Autumn,0
20261027,2026-10-27,2026,10,October,4,44,1,Tuesday,Autumn,0
20261028,2026-10-28,2026,10,October,4,44,2,Wednesday,Autumn,0
20261029,2026-10-29,2026,10,October,4,44,3,Thursday,Autumn,0
20261030,2026-10-30,2026,10,October,4,44,4,Friday,Autumn,0
20261031,2026-10-31,2026,10,October,4,44,5,Saturday,Autumn,1
20261101,2026-11-01,2026,11,November,4,44,6,Sunday,Autumn,1
20261102,2026-11-02,2026,11,November,4,45,0,Monday,Autumn,0
20261103,2026-11-03,2026,11,November,4,45,1,Tuesday,Autumn,0
20261104,2026-11-04,2026,11,November,4,45,2,Wednesday,Autumn,0
20261105,2026-11-05,2026,11,November,4,45,3,Thursday,Autumn,0
20261106,2026-11-06,2026,11,November,4,45,4,Friday,Autumn,0
20261107,2026-11-07,2026,11,November,4,45,5,Saturday,Autumn,1
20261108,2026-11-08,2026,11,November,4,45,6,Sunday,Spring,1
20261109,2026-11-09,2026,11,November,4,46,0,Monday,Autumn,0
20261110,2026-11-10,2026,11,November,4,46,1,Tuesday,Spring,0
20261111,2026-11-11,2026,11,November,4,46,2,Wednesday,Autumn,0
20261112,2026-11-12,2026,11,November,4,46,3,Thursday,Spring,0
20261113,2026-11-13,2026,11,November,4,46,4,Friday,Autumn,0
20261114,2026-11-14,2026,11,November,4,46,5,Saturday,Spring,1
20261115,2026-11-15,2026,11,November,4,46,6,Sunday,Autumn,1
20261116,2026-11-16,2026,11,November,4,47,0,Monday,Spring,0
20261117,2026-11-17,2026,11,November,4,47,1,Tuesday,Autumn,0
20261118,2026-11-18,2026,11,November,4,47,2,Wednesday,Autumn,0
20261119,2026-11-19,2026,11,November,4,47,3,Thursday,Autumn,0
20261120,2026-11-20,2026,11,November,4,47,4,Friday,Autumn,0
20261121,2026-11-21,2026,11,November,4,47,5,Saturday,Autumn,1
20261122,2026-11-22,2026,11,November,4,47,6,Sunday,Autumn,1
20261123,2026-11-23,2026,11,November,4,48,0,Monday,Autumn,0
20261124,2026-11-24,2026,11,November,4,48,1,Tuesday,Autumn,0
20261125,2026-11-25,2026,11,November,4,48,2,Wednesday,Autumn,0
20261126,2026-11-26,2026,11,November,4,48,3,Thursday,Autumn,0
20261127,2026-11-27,2026,11,November,4,48,4,Friday,Autumn,0
20261128,2026-11-28,2026,11,November,4,48,5,Saturday,Autumn,1
20261129,2026-11-29,2026,11,November,4,48,6,Sunday,Autumn,1
20261130,2026-11-30,2026,11,November,4,49,0,Monday,Autumn,0
20261201,2026-12-01,2026,12,December,4,49,1,Tuesday,Winter,0
20261202,2026-12-02,2026,12,December,4,49,2,Wednesday,Winter,0
20261203,2026-12-03,2026,12,December,4,49,3,Thursday,Summer,0
20261204,2026-12-04,2026,12,December,4,49,4,Friday,Winter,0
20261205,2026-12-05,2026,12,December,4,49,5,Saturday,Summer,1
20261206,2026-12-06,2026,12,December,4,49,6,Sunday,Winter,1
20261207,2026-12-07,2026,12,December,4,50,0,Monday,Summer,0
20261208,2026-12-08,2026,12,December,4,50,1,Tuesday,Winter,0
20261209,2026-12-09,2026,12,December,4,50,2,Wednesday,Summer,0
20261210,2026-12-10,2026,12,December,4,50,3,Thursday,Winter,0
20261211,2026-12-11,2026,12,December,4,50,4,Friday,Summer,0
20261212,2026-12-12,2026,12,December,4,50,5,Saturday,Winter,1
20261213,2026-12-13,2026,12,December,4,50,6,Sunday,Winter,1
20261214,2026-12-14,2026,12,December,4,51,0,Monday,Winter,0
20261215,2026-12-15,2026,12,December,4,51,1,Tuesday,Winter,0
20261216,2026-12-16,2026,12,December,4,51,2,Wednesday,Winter,0
20261217,2026-12-17,2026,12,December,4,51,3,Thursday,Winter,0
20261218,2026-12-18,2026,12,December,4,51,4,Friday,Winter,0
20261219,2026-12-19,2026,12,December,4,51,5,Saturday,Winter,1
20261220,2026-12-20,2026,12,December,4,51,6,Sunday,Winter,1
20261221,2026-12-21,2026,12,December,4,52,0,Monday,Winter,0
20261222,2026-12-22,2026,12,December,4,52,1,Tuesday,Winter,0
20261223,2026-12-23,2026,12,December,4,52,2,Wednesday,Winter,0
20261224,2026-12-24,2026,12,December,4,52,3,Thursday,Winter,0
20261225,2026-12-25,2026,12,December,4,52,4,Friday,Winter,0
20261226,2026-12-26,2026,12,December,4,52,5,Saturday,Winter,1
20261227,2026-12-27,2026,12,December,4,52,6,Sunday,Winter,1
20261228,2026-12-28,2026,12,December,4,53,0,Monday,Summer,0
20261229,2026-12-29,2026,12,December,4,53,1,Tuesday,Winter,0
20261230,2026-12-30,2026,12,December,4,53,2,Wednesday,Summer,0
20261231,2026-12-31,2026,12,December,4,53,3,Thursday,Winter,0
20270101,2027-01-01,2027,1,January,1,53,4,Friday,Summer,0
20270102,2027-01-02,2027,1,January,1,53,5,Saturday,Winter,1
20270103,2027-01-03,2027,1,January,1,53,6,Sunday,Summer,1
20270104,2027-01-04,2027,1,January,1,1,0,Monday,Winter,0
20270105,2027-01-05,2027,1,January,1,1,1,Tuesday,Summer,0
20270106,2027-01-06,2027,1,January,1,1,2,Wednesday,Winter,0
20270107,2027-01-07,2027,1,January,1,1,3,Thursday,Winter,0
20270108,2027-01-08,2027,1,January,1,1,4,Friday,Winter,0
20270109,2027-01-09,2027,1,January,1,1,5,Saturday,Winter,1
20270110,2027-01-10,2027,1,January,1,1,6,Sunday,Winter,1
20270111,2027-01-11,2027,1,January,1,2,0,Monday,Winter,0
20270112,2027-01-12,2027,1,January,1,2,1,Tuesday,Winter,0
20270113,2027-01-13,2027,1,January,1,2,2,Wednesday,Winter,0
20270114,2027-01-14,2027,1,January,1,2,3,Thursday,Winter,0
20270115,2027-01-15,2027,1,January,1,2,4,Friday,Winter,0
20270116,2027-01-16,2027,1,January,1,2,5,Saturday,Winter,1
20270117,2027-01-17,2027,1,January,1,2,6,Sunday,Winter,1
20270118,2027-01-18,2027,1,January,1,3,0,Monday,Winter,0
20270119,2027-01-19,2027,1,January,1,3,1,Tuesday,Winter,0
20270120,2027-01-20,2027,1,January,1,3,2,Wednesday,Winter,0
20270121,2027-01-21,2027,1,January,1,3,3,Thursday,Winter,0
20270122,2027-01-22,2027,1,January,1,3,4,Friday,Summer,0
20270123,2027-01-23,2027,1,January,1,3,5,Saturday,Winter,1
20270124,2027-01-24,2027,1,January,1,3,6,Sunday,Summer,1
20270125,2027-01-25,2027,1,January,1,4,0,Monday,Winter,0
20270126,2027-01-26,2027,1,January,1,4,1,Tuesday,Summer,0
20270127,2027-01-27,2027,1,January,1,4,2,Wednesday,Winter,0
20270128,2027-01-28,2027,1,January,1,4,3,Thursday,Summer,0
20270129,2027-01-29,2027,1,January,1,4,4,Friday,Winter,0
20270130,2027-01-30,2027,1,January,1,4,5,Saturday,Summer,1
20270131,2027-01-31,2027,1,January,1,4,6,Sunday,Winter,1
20270201,2027-02-01,2027,2,February,1,5,0,Monday,Winter,0
20270202,2027-02-02,2027,2,February,1,5,1,Tuesday,Winter,0
20270203,2027-02-03,2027,2,February,1,5,2,Wednesday,Winter,0
20270204,2027-02-04,2027,2,February,1,5,3,Thursday,Winter,0
20270205,2027-02-05,2027,2,February,1,5,4,Friday,Winter,0
20270206,2027-02-06,2027,2,February,1,5,5,Saturday,Winter,1
20270207,2027-02-07,2027,2,February,1,5,6,Sunday,Winter,1
20270208,2027-02-08,2027,2,February,1,6,0,Monday,Winter,0
20270209,2027-02-09,2027,2,February,1,6,1,Tuesday,Winter,0
20270210,2027-02-10,2027,2,February,1,6,2,Wednesday,Winter,0
20270211,2027-02-11,2027,2,February,1,6,3,Thursday,Winter,0
20270212,2027-02-12,2027,2,February,1,6,4,Friday,Winter,0
20270213,2027-02-13,2027,2,February,1,6,5,Saturday,Winter,1
20270214,2027-02-14,2027,2,February,1,6,6,Sunday,Winter,1
20270215,2027-02-15,2027,2,February,1,7,0,Monday,Winter,0
20270216,2027-02-16,2027,2,February,1,7,1,Tuesday,Summer,0
20270217,2027-02-17,2027,2,February,1,7,2,Wednesday,Winter,0
20270218,2027-02-18,2027,2,February,1,7,3,Thursday,Summer,0
20270219,2027-02-19,2027,2,February,1,7,4,Friday,Winter,0
20270220,2027-02-20,2027,2,February,1,7,5,Saturday,Summer,1
20270221,2027-02-21,2027,2,February,1,7,6,Sunday,Winter,1
20270222,2027-02-22,2027,2,February,1,8,0,Monday,Summer,0
20270223,2027-02-23,2027,2,February,1,8,1,Tuesday,Winter,0
20270224,2027-02-24,2027,2,February,1,8,2,Wednesday,Summer,0
20270225,2027-02-25,2027,2,February,1,8,3,Thursday,Winter,0
20270226,2027-02-26,2027,2,February,1,8,4,Friday,Winter,0
20270227,2027-02-27,2027,2,February,1,8,5,Saturday,Winter,1
20270228,2027-02-28,2027,2,February,1,8,6,Sunday,Winter,1
20270301,2027-03-01,2027,3,March,1,9,0,Monday,Spring,0
20270302,2027-03-02,2027,3,March,1,9,1,Tuesday,Spring,0
20270303,2027-03-03,2027,3,March,1,9,2,Wednesday,Spring,0
20270304,2027-03-04,2027,3,March,1,9,3,Thursday,Spring,0
20270305,2027-03-05,2027,3,March,1,9,4,Friday,Spring,0
20270306,2027-03-06,2027,3,March,1,9,5,Saturday,Spring,1
20270307,2027-03-07,2027,3,March,1,9,6,Sunday,Spring,1
20270308,2027-03-08,2027,3,March,1,10,0,Monday,Spring,0
20270309,2027-03-09,2027,3,March,1,10,1,Tuesday,Spring,0
20270310,2027-03-10,2027,3,March,1,10,2,Wednesday,Spring,0
20270311,2027-03-11,2027,3,March,1,10,3,Thursday,Spring,0
20270312,2027-03-12,2027,3,March,1,10,4,Friday,Spring,0
20270313,2027-03-13,2027,3,March,1,10,5,Saturday,Autumn,1
20270314,2027-03-14,2027,3,March,1,10,6,Sunday,Spring,1
20270315,2027-03-15,2027,3,March,1,11,0,Monday,Autumn,0
20270316,2027-03-16,2027,3,March,1,11,1,Tuesday,Spring,0
20270317,2027-03-17,2027,3,March,1,11,2,Wednesday,Autumn,0
20270318,2027-03-18,2027,3,March,1,11,3,Thursday,Spring,0
20270319,2027-03-19,2027,3,March,1,11,4,Friday,Autumn,0
20270320,2027-03-20,2027,3,March,1,11,5,Saturday,Spring,1
20270321,2027-03-21,2027,3,March,1,11,6,Sunday,Autumn,1
20270322,2027-03-22,2027,3,March,1,12,0,Monday,Spring,0
20270323,2027-03-23,2027,3,March,1,12,1,Tuesday,Spring,0
20270324,2027-03-24,2027,3,March,1,12,2,Wednesday,Spring,0
20270325,2027-03-25,2027,3,March,1,12,3,Thursday,Spring,0
20270326,2027-03-26,2027,3,March,1,12,4,Friday,Spring,0
20270327,2027-03-27,2027,3,March,1,12,5,Saturday,Spring,1
20270328,2027-03-28,2027,3,March,1,12,6,Sunday,Spring,1
20270329,2027-03-29,2027,3,March,1,13,0,Monday,Spring,0
20270330,2027-03-30,2027,3,March,1,13,1,Tuesday,Spring,0
20270331,2027-03-31,2027,3,March,1,13,2,Wednesday,Spring,0
20270401,2027-04-01,2027,4,April,2,13,3,Thursday,Spring,0
20270402,2027-04-02,2027,4,April,2,13,4,Friday,Spring,0
20270403,2027-04-03,2027,4,April,2,13,5,Saturday,Spring,1
20270404,2027-04-04,2027,4,April,2,13,6,Sunday,Spring,1
20270405,2027-04-05,2027,4,April,2,14,0,Monday,Spring,0
20270406,2027-04-06,2027,4,April,2,14,1,Tuesday,Spring,0
20270407,2027-04-07,2027,4,April,2,14,2,Wednesday,Autumn,0
20270408,2027-04-08,2027,4,April,2,14,3,Thursday,Spring,0
20270409,2027-04-09,2027,4,April,2,14,4,Friday,Autumn,0
20270410,2027-04-10,2027,4,April,2,14,5,Saturday,Spring,1
20270411,2027-04-11,2027,4,April,2,14,6,Sunday,Autumn,1
20270412,2027-04-12,2027,4,April,2,15,0,Monday,Spring,0
20270413,2027-04-13,2027,4,April,2,15,1,Tuesday,Autumn,0
20270414,2027-04-14,2027,4,April,2,15,2,Wednesday,Spring,0
20270415,2027-04-15,2027,4,April,2,15,3,Thursday,Autumn,0
20270416,2027-04-16,2027,4,April,2,15,4,Friday,Spring,0
20270417,2027-04-17,2027,4,April,2,15,5,Saturday,Spring,1
20270418,2027-04-18,2027,4,April,2,15,6,Sunday,Spring,1
20270419,2027-04-19,2027,4,April,2,16,0,Monday,Spring,0
20270420,2027-04-20,2027,4,April,2,16,1,Tuesday,Spring,0
20270421,2027-04-21,2027,4,April,2,16,2,Wednesday,Spring,0
20270422,2027-04-22,2027,4,April,2,16,3,Thursday,Spring,0
20270423,2027-04-23,2027,4,April,2,16,4,Friday,Spring,0
20270424,2027-04-24,2027,4,April,2,16,5,Saturday,Spring,1
20270425,2027-04-25,2027,4,April,2,16,6,Sunday,Spring,1
20270426,2027-04-26,2027,4,April,2,17,0,Monday,Spring,0
20270427,2027-04-27,2027,4,April,2,17,1,Tuesday,Spring,0
20270428,2027-04-28,2027,4,April,2,17,2,Wednesday,Spring,0
20270429,2027-04-29,2027,4,April,2,17,3,Thursday,Spring,0
20270430,2027-04-30,2027,4,April,2,17,4,Friday,Spring,0
20270501,2027-05-01,2027,5,May,2,17,5,Saturday,Spring,1
20270502,2027-05-02,2027,5,May,2,17,6,Sunday,Autumn,1
20270503,2027-05-03,2027,5,May,2,18,0,Monday,Spring,0
20270504,2027-05-04,2027,5,May,2,18,1,Tuesday,Autumn,0
20270505,2027-05-05,2027,5,May,2,18,2,Wednesday,Spring,0
20270506,2027-05-06,2027,5,May,2,18,3,Thursday,Autumn,0
20270507,2027-05-07,2027,5,May,2,18,4,Friday,Spring,0
20270508,2027-05-08,2027,5,May,2,18,5,Saturday,Autumn,1
20270509,2027-05-09,2027,5,May,2,18,6,Sunday,Spring,1
20270510,2027-05-10,2027,5,May,2,19,0,Monday,Autumn,0
20270511,2027-05-11,2027,5,May,2,19,1,Tuesday,Spring,0
20270512,2027-05-12,2027,5,May,2,19,2,Wednesday,Spring,0
20270513,2027-05-13,2027,5,May,2,19,3,Thursday,Spring,0
20270514,2027-05-14,2027,5,May,2,19,4,Friday,Spring,0
20270515,2027-05-15,2027,5,May,2,19,5,Saturday,Spring,1
20270516,2027-05-16,2027,5,May,2,19,6,Sunday,Spring,1
20270517,2027-05-17,2027,5,May,2,20,0,Monday,Spring,0
20270518,2027-05-18,2027,5,May,2,20,1,Tuesday,Spring,0
20270519,2027-05-19,2027,5,May,2,20,2,Wednesday,Spring,0
20270520,2027-05-20,2027,5,May,2,20,3,Thursday,Spring,0
20270521,2027-05-21,2027,5,May,2,20,4,Friday,Spring,0
20270522,2027-05-22,2027,5,May,2,20,5,Saturday,Spring,1
20270523,2027-05-23,2027,5,May,2,20,6,Sunday,Spring,1
20270524,2027-05-24,2027,5,May,2,21,0,Monday,Spring,0
20270525,2027-05-25,2027,5,May,2,21,1,Tuesday,Spring,0
20270526,2027-05-26,2027,5,May,2,21,2,Wednesday,Spring,0
20270527,2027-05-27,2027,5,May,2,21,3,Thursday,Autumn,0
20270528,2027-05-28,2027,5,May,2,21,4,Friday,Spring,0
20270529,2027-05-29,2027,5,May,2,21,5,Saturday,Autumn,1
20270530,2027-05-30,2027,5,May,2,21,6,Sunday,Spring,1
20270531,2027-05-31,2027,5,May,2,22,0,Monday,Autumn,0
20270601,2027-06-01,2027,6,June,2,22,1,Tuesday,Summer,0
20270602,2027-06-02,2027,6,June,2,22,2,Wednesday,Winter,0
20270603,2027-06-03,2027,6,June,2,22,3,Thursday,Summer,0
20270604,2027-06-04,2027,6,June,2,22,4,Friday,Winter,0
20270605,2027-06-05,2027,6,June,2,22,5,Saturday,Summer,1
20270606,2027-06-06,2027,6,June,2,22,6,Sunday,Summer,1
20270607,2027-06-07,2027,6,June,2,23,0,Monday,Summer,0
20270608,2027-06-08,2027,6,June,2,23,1,Tuesday,Summer,0
20270609,2027-06-09,2027,6,June,2,23,2,Wednesday,Summer,0
20270610,2027-06-10,2027,6,June,2,23,3,Thursday,Summer,0
20270611,2027-06-11,2027,6,June,2,23,4,Friday,Summer,0
20270612,2027-06-12,2027,6,June,2,23,5,Saturday,Summer,1
20270613,2027-06-13,2027,6,June,2,23,6,Sunday,Summer,1
20270614,2027-06-14,2027,6,June,2,24,0,Monday,Summer,0
20270615,2027-06-15,2027,6,June,2,24,1,Tuesday,Summer,0
20270616,2027-06-16,2027,6,June,2,24,2,Wednesday,Summer,0
20270617,2027-06-17,2027,6,June,2,24,3,Thursday,Summer,0
20270618,2027-06-18,2027,6,June,2,24,4,Friday,Summer,0
20270619,2027-06-19,2027,6,June,2,24,5,Saturday,Summer,1
20270620,2027-06-20,2027,6,June,2,24,6,Sunday,Summer,1
20270621,2027-06-21,2027,6,June,2,25,0,Monday,Winter,0
20270622,2027-06-22,2027,6,June,2,25,1,Tuesday,Summer,0
20270623,2027-06-23,2027,6,June,2,25,2,Wednesday,Winter,0
20270624,2027-06-24,2027,6,June,2,25,3,Thursday,Summer,0
20270625,2027-06-25,2027,6,June,2,25,4,Friday,Winter,0
20270626,2027-06-26,2027,6,June,2,25,5,Saturday,Summer,1
20270627,2027-06-27,2027,6,June,2,25,6,Sunday,Winter,1
20270628,2027-06-28,2027,6,June,2,26,0,Monday,Summer,0
20270629,2027-06-29,2027,6,June,2,26,1,Tuesday,Winter,0
20270630,2027-06-30,2027,6,June,2,26,2,Wednesday,Summer,0
20270701,2027-07-01,2027,7,July,3,26,3,Thursday,Summer,0
20270702,2027-07-02,2027,7,July,3,26,4,Friday,Summer,0
20270703,2027-07-03,2027,7,July,3,26,5,Saturday,Summer,1
20270704,2027-07-04,2027,7,July,3,26,6,Sunday,Summer,1
20270705,2027-07-05,2027,7,July,3,27,0,Monday,Summer,0
20270706,2027-07-06,2027,7,July,3,27,1,Tuesday,Summer,0
20270707,2027-07-07,2027,7,July,3,27,2,Wednesday,Summer,0
20270708,2027-07-08,2027,7,July,3,27,3,Thursday,Summer,0
20270709,2027-07-09,2027,7,July,3,27,4,Friday,Summer,0
20270710,2027-07-10,2027,7,July,3,27,5,Saturday,Summer,1
20270711,2027-07-11,2027,7,July,3,27,6,Sunday,Summer,1
20270712,2027-07-12,2027,7,July,3,28,0,Monday,Summer,0
20270713,2027-07-13,2027,7,July,3,28,1,Tuesday,Summer,0
20270714,2027-07-14,2027,7,July,3,28,2,Wednesday,Summer,0
20270715,2027-07-15,2027,7,July,3,28,3,Thursday,Summer,0
20270716,2027-07-16,2027,7,July,3,28,4,Friday,Winter,0
20270717,2027-07-17,2027,7,July,3,28,5,Saturday,Summer,1
20270718,2027-07-18,2027,7,July,3,28,6,Sunday,Winter,1
20270719,2027-07-19,2027,7,July,3,29,0,Monday,Summer,0
20270720,2027-07-20,2027,7,July,3,29,1,Tuesday,Winter,0
20270721,2027-07-21,2027,7,July,3,29,2,Wednesday,Summer,0
20270722,2027-07-22,2027,7,July,3,29,3,Thursday,Winter,0
20270723,2027-07-23,2027,7,July,3,29,4,Friday,Summer,0
20270724,2027-07-24,2027,7,July,3,29,5,Saturday,Winter,1
20270725,2027-07-25,2027,7,July,3,29,6,Sunday,Summer,1
20270726,2027-07-26,2027,7,July,3,30,0,Monday,Summer,0
20270727,2027-07-27,2027,7,July,3,30,1,Tuesday,Summer,0
20270728,2027-07-28,2027,7,July,3,30,2,Wednesday,Summer,0
20270729,2027-07-29,2027,7,July,3,30,3,Thursday,Summer,0
20270730,2027-07-30,2027,7,July,3,30,4,Friday,Summer,0
20270731,2027-07-31,2027,7,July,3,30,5,Saturday,Summer,1
20270801,2027-08-01,2027,8,August,3,30,6,Sunday,Summer,1
20270802,2027-08-02,2027,8,August,3,31,0,Monday,Summer,0
20270803,2027-08-03,2027,8,August,3,31,1,Tuesday,Summer,0
20270804,2027-08-04,2027,8,August,3,31,2,Wednesday,Summer,0
20270805,2027-08-05,2027,8,August,3,31,3,Thursday,Summer,0
20270806,2027-08-06,2027,8,August,3,31,4,Friday,Summer,0
20270807,2027-08-07,2027,8,August,3,31,5,Saturday,Summer,1
20270808,2027-08-08,2027,8,August,3,31,6,Sunday,Summer,1
20270809,2027-08-09,2027,8,August,3,32,0,Monday,Summer,0
20270810,2027-08-10,2027,8,August,3,32,1,Tuesday,Winter,0
20270811,2027-08-11,2027,8,August,3,32,2,Wednesday,Summer,0
20270812,2027-08-12,2027,8,August,3,32,3,Thursday,Winter,0
20270813,2027-08-13,2027,8,August,3,32,4,Friday,Summer,0
20270814,2027-08-14,2027,8,August,3,32,5,Saturday,Winter,1
20270815,2027-08-15,2027,8,August,3,32,6,Sunday,Summer,1
20270816,2027-08-16,2027,8,August,3,33,0,Monday,Winter,0
20270817,2027-08-17,2027,8,August,3,33,1,Tuesday,Summer,0
20270818,2027-08-18,2027,8,August,3,33,2,Wednesday,Winter,0
20270819,2027-08-19,2027,8,August,3,33,3,Thursday,Summer,0
20270820,2027-08-20,2027,8,August,3,33,4,Friday,Summer,0
20270821,2027-08-21,2027,8,August,3,33,5,Saturday,Summer,1
20270822,2027-08-22,2027,8,August,3,33,6,Sunday,Summer,1
20270823,2027-08-23,2027,8,August,3,34,0,Monday,Summer,0
20270824,2027-08-24,2027,8,August,3,34,1,Tuesday,Summer,0
20270825,2027-08-25,2027,8,August,3,34,2,Wednesday,Summer,0
20270826,2027-08-26,2027,8,August,3,34,3,Thursday,Summer,0
20270827,2027-08-27,2027,8,August,3,34,4,Friday,Summer,0
20270828,2027-08-28,2027,8,August,3,34,5,Saturday,Summer,1
20270829,2027-08-29,2027,8,August,3,34,6,Sunday,Summer,1
20270830,2027-08-30,2027,8,August,3,35,0,Monday,Summer,0
20270831,2027-08-31,2027,8,August,3,35,1,Tuesday,Summer,0
20270901,2027-09-01,2027,9,September,3,35,2,Wednesday,Autumn,0
20270902,2027-09-02,2027,9,September,3,35,3,Thursday,Autumn,0
20270903,2027-09-03,2027,9,September,3,35,4,Friday,Autumn,0
20270904,2027-09-04,2027,9,September,3,35,5,Saturday,Spring,1
20270905,2027-09-05,2027,9,September,3,35,6,Sunday,Autumn,1
20270906,2027-09-06,2027,9,September,3,36,0,Monday,Spring,0
20270907,2027-09-07,2027,9,September,3,36,1,Tuesday,Autumn,0
20270908,2027-09-08,2027,9,September,3,36,2,Wednesday,Spring,0
20270909,2027-09-09,2027,9,September,3,36,3,Thursday,Autumn,0
20270910,2027-09-10,2027,9,September,3,36,4,Friday,Spring,0
20270911,2027-09-11,2027,9,September,3,36,5,Saturday,Autumn,1
20270912,2027-09-12,2027,9,September,3,36,6,Sunday,Spring,1
20270913,2027-09-13,2027,9,September,3,37,0,Monday,Autumn,0
20270914,2027-09-14,2027,9,September,3,37,1,Tuesday,Autumn,0
20270915,2027-09-15,2027,9,September,3,37,2,Wednesday,Autumn,0
20270916,2027-09-16,2027,9,September,3,37,3,Thursday,Autumn,0
20270917,2027-09-17,2027,9,September,3,37,4,Friday,Autumn,0
20270918,2027-09-18,2027,9,September,3,37,5,Saturday,Autumn,1
20270919,2027-09-19,2027,9,September,3,37,6,Sunday,Autumn,1
20270920,2027-09-20,2027,9,September,3,38,0,Monday,Autumn,0
20270921,2027-09-21,2027,9,September,3,38,1,Tuesday,Autumn,0
20270922,2027-09-22,2027,9,September,3,38,2,Wednesday,Autumn,0
20270923,2027-09-23,2027,9,September,3,38,3,Thursday,Autumn,0
20270924,2027-09-24,2027,9,September,3,38,4,Friday,Autumn,0
20270925,2027-09-25,2027,9,September,3,38,5,Saturday,Autumn,1
20270926,2027-09-26,2027,9,September,3,38,6,Sunday,Autumn,1
20270927,2027-09-27,2027,9,September,3,39,0,Monday,Autumn,0
20270928,2027-09-28,2027,9,September,3,39,1,Tuesday,Autumn,0
20270929,2027-09-29,2027,9,September,3,39,2,Wednesday,Spring,0
20270930,2027-09-30,2027,9,September,3,39,3,Thursday,Autumn,0
20271001,2027-10-01,2027,10,October,4,39,4,Friday,Spring,0
20271002,2027-10-02,2027,10,October,4,39,5,Saturday,Autumn,1
20271003,2027-10-03,2027,10,October,4,39,6,Sunday,Spring,1
20271004,2027-10-04,2027,10,October,4,40,0,Monday,Autumn,0
20271005,2027-10-05,2027,10,October,4,40,1,Tuesday,Spring,0
20271006,2027-10-06,2027,10,October,4,40,2,Wednesday,Autumn,0
20271007,2027-10-07,2027,10,October,4,40,3,Thursday,Spring,0
20271008,2027-10-08,2027,10,October,4,40,4,Friday,Autumn,0
20271009,2027-10-09,2027,10,October,4,40,5,Saturday,Autumn,1
20271010,2027-10-10,2027,10,October,4,40,6,Sunday,Autumn,1
20271011,2027-10-11,2027,10,October,4,41,0,Monday,Autumn,0
20271012,2027-10-12,2027,10,October,4,41,1,Tuesday,Autumn,0
20271013,2027-10-13,2027,10,October,4,41,2,Wednesday,Autumn,0
20271014,2027-10-14,2027,10,October,4,41,3,Thursday,Autumn,0
20271015,2027-10-15,2027,10,October,4,41,4,Friday,Autumn,0
20271016,2027-10-16,2027,10,October,4,41,5,Saturday,Autumn,1
20271017,2027-10-17,2027,10,October,4,41,6,Sunday,Autumn,1
20271018,2027-10-18,2027,10,October,4,42,0,Monday,Autumn,0
20271019,2027-10-19,2027,10,October,4,42,1,Tuesday,Autumn,0
20271020,2027-10-20,2027,10,October,4,42,2,Wednesday,Autumn,0
20271021,2027-10-21,2027,10,October,4,42,3,Thursday,Autumn,0
20271022,2027-10-22,2027,10,October,4,42,4,Friday,Autumn,0
20271023,2027-10-23,2027,10,October,4,42,5,Saturday,Autumn,1
20271024,2027-10-24,2027,10,October,4,42,6,Sunday,Spring,1
20271025,2027-10-25,2027,10,October,4,43,0,Monday,Autumn,0
20271026,2027-10-26,2027,10,October,4,43,1,Tuesday,Spring,0
20271027,2027-10-27,2027,10,October,4,43,2,Wednesday,Autumn,0
20271028,2027-10-28,2027,10,October,4,43,3,Thursday,Spring,0
20271029,2027-10-29,2027,10,October,4,43,4,Friday,Autumn,0
20271030,2027-10-30,2027,10,October,4,43,5,Saturday,Spring,1
20271031,2027-10-31,2027,10,October,4,43,6,Sunday,Autumn,1
20271101,2027-11-01,2027,11,November,4,44,0,Monday,Spring,0
20271102,2027-11-02,2027,11,November,4,44,1,Tuesday,Autumn,0
20271103,2027-11-03,2027,11,November,4,44,2,Wednesday,Autumn,0
20271104,2027-11-04,2027,11,November,4,44,3,Thursday,Autumn,0
20271105,2027-11-05,2027,11,November,4,44,4,Friday,Autumn,0
20271106,2027-11-06,2027,11,November,4,44,5,Saturday,Autumn,1
20271107,2027-11-07,2027,11,November,4,44,6,Sunday,Autumn,1
20271108,2027-11-08,2027,11,November,4,45,0,Monday,Autumn,0
20271109,2027-11-09,2027,11,November,4,45,1,Tuesday,Autumn,0
20271110,2027-11-10,2027,11,November,4,45,2,Wednesday,Autumn,0
20271111,2027-11-11,2027,11,November,4,45,3,Thursday,Autumn,0
20271112,2027-11-12,2027,11,November,4,45,4,Friday,Autumn,0
20271113,2027-11-13,2027,11,November,4,45,5,Saturday,Autumn,1
20271114,2027-11-14,2027,11,November,4,45,6,Sunday,Autumn,1
20271115,2027-11-15,2027,11,November,4,46,0,Monday,Autumn,0
20271116,2027-11-16,2027,11,November,4,46,1,Tuesday,Autumn,0
20271117,2027-11-17,2027,11,November,4,46,2,Wednesday,Autumn,0
20271118,2027-11-18,2027,11,November,4,46,3,Thursday,Spring,0
20271119,2027-11-19,2027,11,November,4,46,4,Friday,Autumn,0
20271120,2027-11-20,2027,11,November,4,46,5,Saturday,Spring,1
20271121,2027-11-21,2027,11,November,4,46,6,Sunday,Autumn,1
20271122,2027-11-22,2027,11,November,4,47,0,Monday,Spring,0
20271123,2027-11-23,2027,11,November,4,47,1,Tuesday,Autumn,0
20271124,2027-11-24,2027,11,November,4,47,2,Wednesday,Spring,0
20271125,2027-11-25,2027,11,November,4,47,3,Thursday,Autumn,0
20271126,2027-11-26,2027,11,November,4,47,4,Friday,Spring,0
20271127,2027-11-27,2027,11,November,4,47,5,Saturday,Autumn,1
20271128,2027-11-28,2027,11,November,4,47,6,Sunday,Autumn,1
20271129,2027-11-29,2027,11,November,4,48,0,Monday,Autumn,0
20271130,2027-11-30,2027,11,November,4,48,1,Tuesday,Autumn,0
20271201,2027-12-01,2027,12,December,4,48,2,Wednesday,Winter,0
20271202,2027-12-02,2027,12,December,4,48,3,Thursday,Winter,0
20271203,2027-12-03,2027,12,December,4,48,4,Friday,Winter,0
20271204,2027-12-04,2027,12,December,4,48,5,Saturday,Winter,1
20271205,2027-12-05,2027,12,December,4,48,6,Sunday,Winter,1
20271206,2027-12-06,2027,12,December,4,49,0,Monday,Winter,0
20271207,2027-12-07,2027,12,December,4,49,1,Tuesday,Winter,0
20271208,2027-12-08,2027,12,December,4,49,2,Wednesday,Winter,0
20271209,2027-12-09,2027,12,December,4,49,3,Thursday,Winter,0
20271210,2027-12-10,2027,12,December,4,49,4,Friday,Winter,0
20271211,2027-12-11,2027,12,December,4,49,5,Saturday,Winter,1
20271212,2027-12-12,2027,12,December,4,49,6,Sunday,Winter,1
20271213,2027-12-13,2027,12,December,4,50,0,Monday,Summer,0
20271214,2027-12-14,2027,12,December,4,50,1,Tuesday,Winter,0
20271215,2027-12-15,2027,12,December,4,50,2,Wednesday,Summer,0
20271216,2027-12-16,2027,12,December,4,50,3,Thursday,Winter,0
20271217,2027-12-17,2027,12,December,4,50,4,Friday,Summer,0
20271218,2027-12-18,2027,12,December,4,50,5,Saturday,Winter,1
20271219,2027-12-19,2027,12,December,4,50,6,Sunday,Summer,1
20271220,2027-12-20,2027,12,December,4,51,0,Monday,Winter,0
20271221,2027-12-21,2027,12,December,4,51,1,Tuesday,Summer,0
20271222,2027-12-22,2027,12,December,4,51,2,Wednesday,Winter,0
20271223,2027-12-23,2027,12,December,4,51,3,Thursday,Winter,0
20271224,2027-12-24,2027,12,December,4,51,4,Friday,Winter,0
20271225,2027-12-25,2027,12,December,4,51,5,Saturday,Winter,1
20271226,2027-12-26,2027,12,December,4,51,6,Sunday,Winter,1
20271227,2027-12-27,2027,12,December,4,52,0,Monday,Winter,0
20271228,2027-12-28,2027,12,December,4,52,1,Tuesday,Winter,0
20271229,2027-12-29,2027,12,December,4,52,2,Wednesday,Winter,0
20271230,2027-12-30,2027,12,December,4,52,3,Thursday,Winter,0
20271231,2027-12-31,2027,12,December,4,52,4,Friday,Winter,0
20280101,2028-01-01,2028,1,January,1,52,5,Saturday,Winter,1
20280102,2028-01-02,2028,1,January,1,52,6,Sunday,Winter,1
20280103,2028-01-03,2028,1,January,1,1,0,Monday,Winter,0
20280104,2028-01-04,2028,1,January,1,1,1,Tuesday,Winter,0
20280105,2028-01-05,2028,1,January,1,1,2,Wednesday,Winter,0
20280106,2028-01-06,2028,1,January,1,1,3,Thursday,Winter,0
20280107,2028-01-07,2028,1,January,1,1,4,Friday,Summer,0
20280108,2028-01-08,2028,1,January,1,1,5,Saturday,Winter,1
20280109,2028-01-09,2028,1,January,1,1,6,Sunday,Summer,1
20280110,2028-01-10,2028,1,January,1,2,0,Monday,Winter,0
20280111,2028-01-11,2028,1,January,1,2,1,Tuesday,Summer,0
20280112,2028-01-12,2028,1,January,1,2,2,Wednesday,Winter,0
20280113,2028-01-13,2028,1,January,1,2,3,Thursday,Summer,0
20280114,2028-01-14,2028,1,January,1,2,4,Friday,Winter,0
20280115,2028-01-15,2028,1,January,1,2,5,Saturday,Summer,1
20280116,2028-01-16,2028,1,January,1,2,6,Sunday,Winter,1
20280117,2028-01-17,2028,1,January,1,3,0,Monday,Winter,0
20280118,2028-01-18,2028,1,January,1,3,1,Tuesday,Winter,0
20280119,2028-01-19,2028,1,January,1,3,2,Wednesday,Winter,0
20280120,2028-01-20,2028,1,January,1,3,3,Thursday,Winter,0
20280121,2028-01-21,2028,1,January,1,3,4,Friday,Winter,0
20280122,2028-01-22,2028,1,January,1,3,5,Saturday,Winter,1
20280123,2028-01-23,2028,1,January,1,3,6,Sunday,Winter,1
20280124,2028-01-24,2028,1,January,1,4,0,Monday,Winter,0
20280125,2028-01-25,2028,1,January,1,4,1,Tuesday,Winter,0
20280126,2028-01-26,2028,1,January,1,4,2,Wednesday,Winter,0
20280127,2028-01-27,2028,1,January,1,4,3,Thursday,Winter,0
20280128,2028-01-28,2028,1,January,1,4,4,Friday,Winter,0
20280129,2028-01-29,2028,1,January,1,4,5,Saturday,Winter,1
20280130,2028-01-30,2028,1,January,1,4,6,Sunday,Winter,1
20280131,2028-01-31,2028,1,January,1,5,0,Monday,Winter,0
20280201,2028-02-01,2028,2,February,1,5,1,Tuesday,Summer,0
20280202,2028-02-02,2028,2,February,1,5,2,Wednesday,Winter,0
20280203,2028-02-03,2028,2,February,1,5,3,Thursday,Summer,0
20280204,2028-02-04,2028,2,February,1,5,4,Friday,Winter,0
20280205,2028-02-05,2028,2,February,1,5,5,Saturday,Summer,1
20280206,2028-02-06,2028,2,February,1,5,6,Sunday,Winter,1
20280207,2028-02-07,2028,2,February,1,6,0,Monday,Summer,0
20280208,2028-02-08,2028,2,February,1,6,1,Tuesday,Winter,0
20280209,2028-02-09,2028,2,February,1,6,2,Wednesday,Summer,0
20280210,2028-02-10,2028,2,February,1,6,3,Thursday,Winter,0
20280211,2028-02-11,2028,2,February,1,6,4,Friday,Winter,0
20280212,2028-02-12,2028,2,February,1,6,5,Saturday,Winter,1
20280213,2028-02-13,2028,2,February,1,6,6,Sunday,Winter,1
20280214,2028-02-14,2028,2,February,1,7,0,Monday,Winter,0
20280215,2028-02-15,2028,2,February,1,7,1,Tuesday,Winter,0
20280216,2028-02-16,2028,2,February,1,7,2,Wednesday,Winter,0
20280217,2028-02-17,2028,2,February,1,7,3,Thursday,Winter,0
20280218,2028-02-18,2028,2,February,1,7,4,Friday,Winter,0
20280219,2028-02-19,2028,2,February,1,7,5,Saturday,Winter,1
20280220,2028-02-20,2028,2,February,1,7,6,Sunday,Winter,1
20280221,2028-02-21,2028,2,February,1,8,0,Monday,Winter,0
20280222,2028-02-22,2028,2,February,1,8,1,Tuesday,Winter,0
20280223,2028-02-23,2028,2,February,1,8,2,Wednesday,Winter,0
20280224,2028-02-24,2028,2,February,1,8,3,Thursday,Winter,0
20280225,2028-02-25,2028,2,February,1,8,4,Friday,Winter,0
20280226,2028-02-26,2028,2,February,1,8,5,Saturday,Summer,1
20280227,2028-02-27,2028,2,February,1,8,6,Sunday,Winter,1
20280228,2028-02-28,2028,2,February,1,9,0,Monday,Summer,0
20280229,2028-02-29,2028,2,February,1,9,1,Tuesday,Winter,0
20280301,2028-03-01,2028,3,March,1,9,2,Wednesday,Autumn,0
20280302,2028-03-02,2028,3,March,1,9,3,Thursday,Spring,0
20280303,2028-03-03,2028,3,March,1,9,4,Friday,Autumn,0
20280304,2028-03-04,2028,3,March,1,9,5,Saturday,Spring,1
20280305,2028-03-05,2028,3,March,1,9,6,Sunday,Autumn,1
20280306,2028-03-06,2028,3,March,1,10,0,Monday,Spring,0
20280307,2028-03-07,2028,3,March,1,10,1,Tuesday,Spring,0
20280308,2028-03-08,2028,3,March,1,10,2,Wednesday,Spring,0
20280309,2028-03-09,2028,3,March,1,10,3,Thursday,Spring,0
20280310,2028-03-10,2028,3,March,1,10,4,Friday,Spring,0
20280311,2028-03-11,2028,3,March,1,10,5,Saturday,Spring,1
20280312,2028-03-12,2028,3,March,1,10,6,Sunday,Spring,1
20280313,2028-03-13,2028,3,March,1,11,0,Monday,Spring,0
20280314,2028-03-14,2028,3,March,1,11,1,Tuesday,Spring,0
20280315,2028-03-15,2028,3,March,1,11,2,Wednesday,Spring,0
20280316,2028-03-16,2028,3,March,1,11,3,Thursday,Spring,0
20280317,2028-03-17,2028,3,March,1,11,4,Friday,Spring,0
20280318,2028-03-18,2028,3,March,1,11,5,Saturday,Spring,1
20280319,2028-03-19,2028,3,March,1,11,6,Sunday,Spring,1
20280320,2028-03-20,2028,3,March,1,12,0,Monday,Spring,0
20280321,2028-03-21,2028,3,March,1,12,1,Tuesday,Spring,0
20280322,2028-03-22,2028,3,March,1,12,2,Wednesday,Autumn,0
20280323,2028-03-23,2028,3,March,1,12,3,Thursday,Spring,0
20280324,2028-03-24,2028,3,March,1,12,4,Friday,Autumn,0
20280325,2028-03-25,2028,3,March,1,12,5,Saturday,Spring,1
20280326,2028-03-26,2028,3,March,1,12,6,Sunday,Autumn,1
20280327,2028-03-27,2028,3,March,1,13,0,Monday,Spring,0
20280328,2028-03-28,2028,3,March,1,13,1,Tuesday,Autumn,0
20280329,2028-03-29,2028,3,March,1,13,2,Wednesday,Spring,0
20280330,2028-03-30,2028,3,March,1,13,3,Thursday,Autumn,0
20280331,2028-03-31,2028,3,March,1,13,4,Friday,Spring,0
20280401,2028-04-01,2028,4,April,2,13,5,Saturday,Spring,1
20280402,2028-04-02,2028,4,April,2,13,6,Sunday,Spring,1
20280403,2028-04-03,2028,4,April,2,14,0,Monday,Spring,0
20280404,2028-04-04,2028,4,April,2,14,1,Tuesday,Spring,0
20280405,2028-04-05,2028,4,April,2,14,2,Wednesday,Spring,0
20280406,2028-04-06,2028,4,April,2,14,3,Thursday,Spring,0
20280407,2028-04-07,2028,4,April,2,14,4,Friday,Spring,0
20280408,2028-04-08,2028,4,April,2,14,5,Saturday,Spring,1
20280409,2028-04-09,2028,4,April,2,14,6,Sunday,Spring,1
20280410,2028-04-10,2028,4,April,2,15,0,Monday,Spring,0
20280411,2028-04-11,2028,4,April,2,15,1,Tuesday,Spring,0
20280412,2028-04-12,2028,4,April,2,15,2,Wednesday,Spring,0
20280413,2028-04-13,2028,4,April,2,15,3,Thursday,Spring,0
20280414,2028-04-14,2028,4,April,2,15,4,Friday,Spring,0
20280415,2028-04-15,2028,4,April,2,15,5,Saturday,Spring,1
20280416,2028-04-16,2028,4,April,2,15,6,Sunday,Autumn,1
20280417,2028-04-17,2028,4,April,2,16,0,Monday,Spring,0
20280418,2028-04-18,2028,4,April,2,16,1,Tuesday,Autumn,0
20280419,2028-04-19,2028,4,April,2,16,2,Wednesday,Spring,0
20280420,2028-04-20,2028,4,April,2,16,3,Thursday,Autumn,0
20280421,2028-04-21,2028,4,April,2,16,4,Friday,Spring,0
20280422,2028-04-22,2028,4,April,2,16,5,Saturday,Autumn,1
20280423,2028-04-23,2028,4,April,2,16,6,Sunday,Spring,1
20280424,2028-04-24,2028,4,April,2,17,0,Monday,Autumn,0
20280425,2028-04-25,2028,4,April,2,17,1,Tuesday,Spring,0
20280426,2028-04-26,2028,4,April,2,17,2,Wednesday,Spring,0
20280427,2028-04-27,2028,4,April,2,17,3,Thursday,Spring,0
20280428,2028-04-28,2028,4,April,2,17,4,Friday,Spring,0
20280429,2028-04-29,2028,4,April,2,17,5,Saturday,Spring,1
20280430,2028-04-30,2028,4,April,2,17,6,Sunday,Spring,1
20280501,2028-05-01,2028,5,May,2,18,0,Monday,Spring,0
20280502,2028-05-02,2028,5,May,2,18,1,Tuesday,Spring,0
20280503,2028-05-03,2028,5,May,2,18,2,Wednesday,Spring,0
20280504,2028-05-04,2028,5,May,2,18,3,Thursday,Spring,0
20280505,2028-05-05,2028,5,May,2,18,4,Friday,Spring,0
20280506,2028-05-06,2028,5,May,2,18,5,Saturday,Spring,1
20280507,2028-05-07,2028,5,May,2,18,6,Sunday,Spring,1
20280508,2028-05-08,2028,5,May,2,19,0,Monday,Spring,0
20280509,2028-05-09,2028,5,May,2,19,1,Tuesday,Spring,0
20280510,2028-05-10,2028,5,May,2,19,2,Wednesday,Spring,0
20280511,2028-05-11,2028,5,May,2,19,3,Thursday,Autumn,0
20280512,2028-05-12,2028,5,May,2,19,4,Friday,Spring,0
20280513,2028-05-13,2028,5,May,2,19,5,Saturday,Autumn,1
20280514,2028-05-14,2028,5,May,2,19,6,Sunday,Spring,1
20280515,2028-05-15,2028,5,May,2,20,0,Monday,Autumn,0
20280516,2028-05-16,2028,5,May,2,20,1,Tuesday,Spring,0
20280517,2028-05-17,2028,5,May,2,20,2,Wednesday,Autumn,0
20280518,2028-05-18,2028,5,May,2,20,3,Thursday,Spring,0
20280519,2028-05-19,2028,5,May,2,20,4,Friday,Autumn,0
20280520,2028-05-20,2028,5,May,2,20,5,Saturday,Spring,1
20280521,2028-05-21,2028,5,May,2,20,6,Sunday,Spring,1
20280522,2028-05-22,2028,5,May,2,21,0,Monday,Spring,0
20280523,2028-05-23,2028,5,May,2,21,1,Tuesday,Spring,0
20280524,2028-05-24,2028,5,May,2,21,2,Wednesday,Spring,0
20280525,2028-05-25,2028,5,May,2,21,3,Thursday,Spring,0
20280526,2028-05-26,2028,5,May,2,21,4,Friday,Spring,0
20280527,2028-05-27,2028,5,May,2,21,5,Saturday,Spring,1
20280528,2028-05-28,2028,5,May,2,21,6,Sunday,Spring,1
20280529,2028-05-29,2028,5,May,2,22,0,Monday,Spring,0
20280530,2028-05-30,2028,5,May,2,22,1,Tuesday,Spring,0
20280531,2028-05-31,2028,5,May,2,22,2,Wednesday,Spring,0
20280601,2028-06-01,2028,6,June,2,22,3,Thursday,Summer,0
20280602,2028-06-02,2028,6,June,2,22,4,Friday,Summer,0
20280603,2028-06-03,2028,6,June,2,22,5,Saturday,Summer,1
20280604,2028-06-04,2028,6,June,2,22,6,Sunday,Summer,1
20280605,2028-06-05,2028,6,June,2,23,0,Monday,Winter,0
20280606,2028-06-06,2028,6,June,2,23,1,Tuesday,Summer,0
20280607,2028-06-07,2028,6,June,2,23,2,Wednesday,Winter,0
20280608,2028-06-08,2028,6,June,2,23,3,Thursday,Summer,0
20280609,2028-06-09,2028,6,June,2,23,4,Friday,Winter,0
20280610,2028-06-10,2028,6,June,2,23,5,Saturday,Summer,1
20280611,2028-06-11,2028,6,June,2,23,6,Sunday,Winter,1
20280612,2028-06-12,2028,6,June,2,24,0,Monday,Summer,0
20280613,2028-06-13,2028,6,June,2,24,1,Tuesday,Winter,0
20280614,2028-06-14,2028,6,June,2,24,2,Wednesday,Summer,0
20280615,2028-06-15,2028,6,June,2,24,3,Thursday,Summer,0
20280616,2028-06-16,2028,6,June,2,24,4,Friday,Summer,0
20280617,2028-06-17,2028,6,June,2,24,5,Saturday,Summer,1
20280618,2028-06-18,2028,6,June,2,24,6,Sunday,Summer,1
20280619,2028-06-19,2028,6,June,2,25,0,Monday,Summer,0
20280620,2028-06-20,2028,6,June,2,25,1,Tuesday,Summer,0
20280621,2028-06-21,2028,6,June,2,25,2,Wednesday,Summer,0
20280622,2028-06-22,2028,6,June,2,25,3,Thursday,Summer,0
20280623,2028-06-23,2028,6,June,2,25,4,Friday,Summer,0
20280624,2028-06-24,2028,6,June,2,25,5,Saturday,Summer,1
20280625,2028-06-25,2028,6,June,2,25,6,Sunday,Summer,1
20280626,2028-06-26,2028,6,June,2,26,0,Monday,Summer,0
20280627,2028-06-27,2028,6,June,2,26,1,Tuesday,Summer,0
20280628,2028-06-28,2028,6,June,2,26,2,Wednesday,Summer,0
20280629,2028-06-29,2028,6,June,2,26,3,Thursday,Summer,0
20280630,2028-06-30,2028,6,June,2,26,4,Friday,Winter,0
20280701,2028-07-01,2028,7,July,3,26,5,Saturday,Summer,1
20280702,2028-07-02,2028,7,July,3,26,6,Sunday,Winter,1
20280703,2028-07-03,2028,7,July,3,27,0,Monday,Summer,0
20280704,2028-07-04,2028,7,July,3,27,1,Tuesday,Winter,0
20280705,2028-07-05,2028,7,July,3,27,2,Wednesday,Summer,0
20280706,2028-07-06,2028,7,July,3,27,3,Thursday,Winter,0
20280707,2028-07-07,2028,7,July,3,27,4,Friday,Summer,0
20280708,2028-07-08,2028,7,July,3,27,5,Saturday,Winter,1
20280709,2028-07-09,2028,7,July,3,27,6,Sunday,Summer,1
20280710,2028-07-10,2028,7,July,3,28,0,Monday,Summer,0
20280711,2028-07-11,2028,7,July,3,28,1,Tuesday,Summer,0
20280712,2028-07-12,2028,7,July,3,28,2,Wednesday,Summer,0
20280713,2028-07-13,2028,7,July,3,28,3,Thursday,Summer,0
20280714,2028-07-14,2028,7,July,3,28,4,Friday,Summer,0
20280715,2028-07-15,2028,7,July,3,28,5,Saturday,Summer,1
20280716,2028-07-16,2028,7,July,3,28,6,Sunday,Summer,1
20280717,2028-07-17,2028,7,July,3,29,0,Monday,Summer,0
20280718,2028-07-18,2028,7,July,3,29,1,Tuesday,Summer,0
20280719,2028-07-19,2028,7,July,3,29,2,Wednesday,Summer,0
20280720,2028-07-20,2028,7,July,3,29,3,Thursday,Summer,0
20280721,2028-07-21,2028,7,July,3,29,4,Friday,Summer,0
20280722,2028-07-22,2028,7,July,3,29,5,Saturday,Summer,1
20280723,2028-07-23,2028,7,July,3,29,6,Sunday,Summer,1
20280724,2028-07-24,2028,7,July,3,30,0,Monday,Summer,0
20280725,2028-07-25,2028,7,July,3,30,1,Tuesday,Winter,0
20280726,2028-07-26,2028,7,July,3,30,2,Wednesday,Summer,0
20280727,2028-07-27,2028,7,July,3,30,3,Thursday,Winter,0
20280728,2028-07-28,2028,7,July,3,30,4,Friday,Summer,0
20280729,2028-07-29,2028,7,July,3,30,5,Saturday,Winter,1
20280730,2028-07-30,2028,7,July,3,30,6,Sunday,Summer,1
20280731,2028-07-31,2028,7,July,3,31,0,Monday,Winter,0
20280801,2028-08-01,2028,8,August,3,31,1,Tuesday,Summer,0
20280802,2028-08-02,2028,8,August,3,31,2,Wednesday,Winter,0
20280803,2028-08-03,2028,8,August,3,31,3,Thursday,Summer,0
20280804,2028-08-04,2028,8,August,3,31,4,Friday,Summer,0
20280805,2028-08-05,2028,8,August,3,31,5,Saturday,Summer,1
20280806,2028-08-06,2028,8,August,3,31,6,Sunday,Summer,1
20280807,2028-08-07,2028,8,August,3,32,0,Monday,Summer,0
20280808,2028-08-08,2028,8,August,3,32,1,Tuesday,Summer,0
20280809,2028-08-09,2028,8,August,3,32,2,Wednesday,Summer,0
20280810,2028-08-10,2028,8,August,3,32,3,Thursday,Summer,0
20280811,2028-08-11,2028,8,August,3,32,4,Friday,Summer,0
20280812,2028-08-12,2028,8,August,3,32,5,Saturday,Summer,1
20280813,2028-08-13,2028,8,August,3,32,6,Sunday,Summer,1
20280814,2028-08-14,2028,8,August,3,33,0,Monday,Summer,0
20280815,2028-08-15,2028,8,August,3,33,1,Tuesday,Summer,0
20280816,2028-08-16,2028,8,August,3,33,2,Wednesday,Summer,0
20280817,2028-08-17,2028,8,August,3,33,3,Thursday,Summer,0
20280818,2028-08-18,2028,8,August,3,33,4,Friday,Summer,0
20280819,2028-08-19,2028,8,August,3,33,5,Saturday,Winter,1
20280820,2028-08-20,2028,8,August,3,33,6,Sunday,Summer,1
20280821,2028-08-21,2028,8,August,3,34,0,Monday,Winter,0
20280822,2028-08-22,2028,8,August,3,34,1,Tuesday,Summer,0
20280823,2028-08-23,2028,8,August,3,34,2,Wednesday,Winter,0
20280824,2028-08-24,2028,8,August,3,34,3,Thursday,Summer,0
20280825,2028-08-25,2028,8,August,3,34,4,Friday,Winter,0
20280826,2028-08-26,2028,8,August,3,34,5,Saturday,Summer,1
20280827,2028-08-27,2028,8,August,3,34,6,Sunday,Winter,1
20280828,2028-08-28,2028,8,August,3,35,0,Monday,Summer,0
20280829,2028-08-29,2028,8,August,3,35,1,Tuesday,Summer,0
20280830,2028-08-30,2028,8,August,3,35,2,Wednesday,Summer,0
20280831,2028-08-31,2028,8,August,3,35,3,Thursday,Summer,0
20280901,2028-09-01,2028,9,September,3,35,4,Friday,Autumn,0
20280902,2028-09-02,2028,9,September,3,35,5,Saturday,Autumn,1
20280903,2028-09-03,2028,9,September,3,35,6,Sunday,Autumn,1
20280904,2028-09-04,2028,9,September,3,36,0,Monday,Autumn,0
20280905,2028-09-05,2028,9,September,3,36,1,Tuesday,Autumn,0
20280906,2028-09-06,2028,9,September,3,36,2,Wednesday,Autumn,0
20280907,2028-09-07,2028,9,September,3,36,3,Thursday,Autumn,0
20280908,2028-09-08,2028,9,September,3,36,4,Friday,Autumn,0
20280909,2028-09-09,2028,9,September,3,36,5,Saturday,Autumn,1
20280910,2028-09-10,2028,9,September,3,36,6,Sunday,Autumn,1
20280911,2028-09-11,2028,9,September,3,37,0,Monday,Autumn,0
20280912,2028-09-12,2028,9,September,3,37,1,Tuesday,Autumn,0
20280913,2028-09-13,2028,9,September,3,37,2,Wednesday,Spring,0
20280914,2028-09-14,2028,9,September,3,37,3,Thursday,Autumn,0
20280915,2028-09-15,2028,9,September,3,37,4,Friday,Spring,0
20280916,2028-09-16,2028,9,September,3,37,5,Saturday,Autumn,1
20280917,2028-09-17,2028,9,September,3,37,6,Sunday,Spring,1
20280918,2028-09-18,2028,9,September,3,38,0,Monday,Autumn,0
20280919,2028-09-19,2028,9,September,3,38,1,Tuesday,Spring,0
20280920,2028-09-20,2028,9,September,3,38,2,Wednesday,Autumn,0
20280921,2028-09-21,2028,9,September,3,38,3,Thursday,Spring,0
20280922,2028-09-22,2028,9,September,3,38,4,Friday,Autumn,0
20280923,2028-09-23,2028,9,September,3,38,5,Saturday,Autumn,1
20280924,2028-09-24,2028,9,September,3,38,6,Sunday,Autumn,1
20280925,2028-09-25,2028,9,September,3,39,0,Monday,Autumn,0
20280926,2028-09-26,2028,9,September,3,39,1,Tuesday,Autumn,0
20280927,2028-09-27,2028,9,September,3,39,2,Wednesday,Autumn,0
20280928,2028-09-28,2028,9,September,3,39,3,Thursday,Autumn,0
20280929,2028-09-29,2028,9,September,3,39,4,Friday,Autumn,0
20280930,2028-09-30,2028,9,September,3,39,5,Saturday,Autumn,1
20281001,2028-10-01,2028,10,October,4,39,6,Sunday,Autumn,1
20281002,2028-10-02,2028,10,October,4,40,0,Monday,Autumn,0
20281003,2028-10-03,2028,10,October,4,40,1,Tuesday,Autumn,0
20281004,2028-10-04,2028,10,October,4,40,2,Wednesday,Autumn,0
20281005,2028-10-05,2028,10,October,4,40,3,Thursday,Autumn,0
20281006,2028-10-06,2028,10,October,4,40,4,Friday,Autumn,0
20281007,2028-10-07,2028,10,October,4,40,5,Saturday,Autumn,1
20281008,2028-10-08,2028,10,October,4,40,6,Sunday,Spring,1
20281009,2028-10-09,2028,10,October,4,41,0,Monday,Autumn,0
20281010,2028-10-10,2028,10,October,4,41,1,Tuesday,Spring,0
20281011,2028-10-11,2028,10,October,4,41,2,Wednesday,Autumn,0
20281012,2028-10-12,2028,10,October,4,41,3,Thursday,Spring,0
20281013,2028-10-13,2028,10,October,4,41,4,Friday,Autumn,0
20281014,2028-10-14,2028,10,October,4,41,5,Saturday,Spring,1
20281015,2028-10-15,2028,10,October,4,41,6,Sunday,Autumn,1
20281016,2028-10-16,2028,10,October,4,42,0,Monday,Spring,0
20281017,2028-10-17,2028,10,October,4,42,1,Tuesday,Autumn,0
20281018,2028-10-18,2028,10,October,4,42,2,Wednesday,Autumn,0
20281019,2028-10-19,2028,10,October,4,42,3,Thursday,Autumn,0
20281020,2028-10-20,2028,10,October,4,42,4,Friday,Autumn,0
20281021,2028-10-21,2028,10,October,4,42,5,Saturday,Autumn,1
20281022,2028-10-22,2028,10,October,4,42,6,Sunday,Autumn,1
20281023,2028-10-23,2028,10,October,4,43,0,Monday,Autumn,0
20281024,2028-10-24,2028,10,October,4,43,1,Tuesday,Autumn,0
20281025,2028-10-25,2028,10,October,4,43,2,Wednesday,Autumn,0
20281026,2028-10-26,2028,10,October,4,43,3,Thursday,Autumn,0
20281027,2028-10-27,2028,10,October,4,43,4,Friday,Autumn,0
20281028,2028-10-28,2028,10,October,4,43,5,Saturday,Autumn,1
20281029,2028-10-29,2028,10,October,4,43,6,Sunday,Autumn,1
20281030,2028-10-30,2028,10,October,4,44,0,Monday,Autumn,0
20281031,2028-10-31,2028,10,October,4,44,1,Tuesday,Autumn,0
20281101,2028-11-01,2028,11,November,4,44,2,Wednesday,Autumn,0
20281102,2028-11-02,2028,11,November,4,44,3,Thursday,Spring,0
20281103,2028-11-03,2028,11,November,4,44,4,Friday,Autumn,0
20281104,2028-11-04,2028,11,November,4,44,5,Saturday,Spring,1
20281105,2028-11-05,2028,11,November,4,44,6,Sunday,Autumn,1
20281106,2028-11-06,2028,11,November,4,45,0,Monday,Spring,0
20281107,2028-11-07,2028,11,November,4,45,1,Tuesday,Autumn,0
20281108,2028-11-08,2028,11,November,4,45,2,Wednesday,Spring,0
20281109,2028-11-09,2028,11,November,4,45,3,Thursday,Autumn,0
20281110,2028-11-10,2028,11,November,4,45,4,Friday,Spring,0
20281111,2028-11-11,2028,11,November,4,45,5,Saturday,Autumn,1
20281112,2028-11-12,2028,11,November,4,45,6,Sunday,Autumn,1
20281113,2028-11-13,2028,11,November,4,46,0,Monday,Autumn,0
20281114,2028-11-14,2028,11,November,4,46,1,Tuesday,Autumn,0
20281115,2028-11-15,2028,11,November,4,46,2,Wednesday,Autumn,0
20281116,2028-11-16,2028,11,November,4,46,3,Thursday,Autumn,0
20281117,2028-11-17,2028,11,November,4,46,4,Friday,Autumn,0
20281118,2028-11-18,2028,11,November,4,46,5,Saturday,Autumn,1
20281119,2028-11-19,2028,11,November,4,46,6,Sunday,Autumn,1
20281120,2028-11-20,2028,11,November,4,47,0,Monday,Autumn,0
20281121,2028-11-21,2028,11,November,4,47,1,Tuesday,Autumn,0
20281122,2028-11-22,2028,11,November,4,47,2,Wednesday,Autumn,0
20281123,2028-11-23,2028,11,November,4,47,3,Thursday,Autumn,0
20281124,2028-11-24,2028,11,November,4,47,4,Friday,Autumn,0
20281125,2028-11-25,2028,11,November,4,47,5,Saturday,Autumn,1
20281126,2028-11-26,2028,11,November,4,47,6,Sunday,Autumn,1
20281127,2028-11-27,2028,11,November,4,48,0,Monday,Spring,0
20281128,2028-11-28,2028,11,November,4,48,1,Tuesday,Autumn,0
20281129,2028-11-29,2028,11,November,4,48,2,Wednesday,Spring,0
20281130,2028-11-30,2028,11,November,4,48,3,Thursday,Autumn,0
20281201,2028-12-01,2028,12,December,4,48,4,Friday,Summer,0
20281202,2028-12-02,2028,12,December,4,48,5,Saturday,Winter,1
20281203,2028-12-03,2028,12,December,4,48,6,Sunday,Summer,1
20281204,2028-12-04,2028,12,December,4,49,0,Monday,Winter,0
20281205,2028-12-05,2028,12,December,4,49,1,Tuesday,Summer,0
20281206,2028-12-06,2028,12,December,4,49,2,Wednesday,Winter,0
20281207,2028-12-07,2028,12,December,4,49,3,Thursday,Winter,0
20281208,2028-12-08,2028,12,December,4,49,4,Friday,Winter,0
20281209,2028-12-09,2028,12,December,4,49,5,Saturday,Winter,1
20281210,2028-12-10,2028,12,December,4,49,6,Sunday,Winter,1
20281211,2028-12-11,2028,12,December,4,50,0,Monday,Winter,0
20281212,2028-12-12,2028,12,December,4,50,1,Tuesday,Winter,0
20281213,2028-12-13,2028,12,December,4,50,2,Wednesday,Winter,0
20281214,2028-12-14,2028,12,December,4,50,3,Thursday,Winter,0
20281215,2028-12-15,2028,12,December,4,50,4,Friday,Winter,0
20281216,2028-12-16,2028,12,December,4,50,5,Saturday,Winter,1
20281217,2028-12-17,2028,12,December,4,50,6,Sunday,Winter,1
20281218,2028-12-18,2028,12,December,4,51,0,Monday,Winter,0
20281219,2028-12-19,2028,12,December,4,51,1,Tuesday,Winter,0
20281220,2028-12-20,2028,12,December,4,51,2,Wednesday,Winter,0
20281221,2028-12-21,2028,12,December,4,51,3,Thursday,Winter,0
20281222,2028-12-22,2028,12,December,4,51,4,Friday,Summer,0
20281223,2028-12-23,2028,12,December,4,51,5,Saturday,Winter,1
20281224,2028-12-24,2028,12,December,4,51,6,Sunday,Summer,1
20281225,2028-12-25,2028,12,December,4,52,0,Monday,Winter,0
20281226,2028-12-26,2028,12,December,4,52,1,Tuesday,Summer,0
20281227,2028-12-27,2028,12,December,4,52,2,Wednesday,Winter,0
20281228,2028-12-28,2028,12,December,4,52,3,Thursday,Summer,0
20281229,2028-12-29,2028,12,December,4,52,4,Friday,Winter,0
20281230,2028-12-30,2028,12,December,4,52,5,Saturday,Summer,1
20281231,2028-12-31,2028,12,December,4,52,6,Sunday,Winter,1
20290101,2029-01-01,2029,1,January,1,1,0,Monday,Winter,0
20290102,2029-01-02,2029,1,January,1,1,1,Tuesday,Winter,0
20290103,2029-01-03,2029,1,January,1,1,2,Wednesday,Winter,0
20290104,2029-01-04,2029,1,January,1,1,3,Thursday,Winter,0
20290105,2029-01-05,2029,1,January,1,1,4,Friday,Winter,0
20290106,2029-01-06,2029,1,January,1,1,5,Saturday,Winter,1
20290107,2029-01-07,2029,1,January,1,1,6,Sunday,Winter,1
20290108,2029-01-08,2029,1,January,1,2,0,Monday,Winter,0
20290109,2029-01-09,2029,1,January,1,2,1,Tuesday,Winter,0
20290110,2029-01-10,2029,1,January,1,2,2,Wednesday,Winter,0
20290111,2029-01-11,2029,1,January,1,2,3,Thursday,Winter,0
20290112,2029-01-12,2029,1,January,1,2,4,Friday,Winter,0
20290113,2029-01-13,2029,1,January,1,2,5,Saturday,Winter,1
20290114,2029-01-14,2029,1,January,1,2,6,Sunday,Winter,1
20290115,2029-01-15,2029,1,January,1,3,0,Monday,Winter,0
20290116,2029-01-16,2029,1,January,1,3,1,Tuesday,Summer,0
20290117,2029-01-17,2029,1,January,1,3,2,Wednesday,Winter,0
20290118,2029-01-18,2029,1,January,1,3,3,Thursday,Summer,0
20290119,2029-01-19,2029,1,January,1,3,4,Friday,Winter,0
20290120,2029-01-20,2029,1,January,1,3,5,Saturday,Summer,1
20290121,2029-01-21,2029,1,January,1,3,6,Sunday,Winter,1
20290122,2029-01-22,2029,1,January,1,4,0,Monday,Summer,0
20290123,2029-01-23,2029,1,January,1,4,1,Tuesday,Winter,0
